Date,Horizon,Actual,Naive_h_Target_Lag,Historical_Matched,Persistence_21D,EWMA_094,HAR_RV,ARIMA_101,GARCH_11,Selected_ML_WalkForward
2025-01-02,5,0.14829163281983482,0.10243407571936315,0.10243407571936315,0.18997578723636815,0.17814478761362815,0.18368534254529922,0.11373722942416575,0.2017679312096305,0.15951179280162772
2025-01-03,5,0.17809409947958552,0.0988186384566983,0.09881863845669829,0.18986108373742308,0.17281683279131707,0.17770967647068853,0.11204670071486617,0.19329536936519268,0.15207271989244028
2025-01-06,5,0.14284945695069512,0.1427827853121273,0.1427827853121273,0.19715483800711517,0.17787725525480022,0.19970642324908444,0.15996037975790336,0.20286658724844553,0.1456445370486984
2025-01-07,5,0.15791494313759352,0.1494944957607926,0.1494944957607926,0.19699524121246811,0.17419503707076758,0.19580833417013738,0.16068934662696288,0.19708234002707287,0.14504776430559566
2025-01-08,5,0.13293624481279656,0.1644552881451357,0.1644552881451357,0.2015792067282863,0.1756461962680626,0.20537802841169017,0.17680961469673476,0.20022540077768367,0.15073729669695543
2025-01-09,5,0.1504374830028742,0.14829163281983482,0.1482916328198348,0.20103239585711932,0.17048890160884522,0.19552368675780285,0.1570666167733649,0.19201463025478435,0.1557365185536662
2025-01-10,5,0.11467848903345108,0.17809409947958552,0.17809409947958552,0.20536922490441,0.1739966490262277,0.21153810725717032,0.19208083466031886,0.19883733532584116,0.16327023409410138
2025-01-13,5,0.1130424900891907,0.14284945695069512,0.14284945695069512,0.17424590897988762,0.16920839597146092,0.1787061705194229,0.1490644085312432,0.19126071413538603,0.1747984851525947
2025-01-14,5,0.09762705797883625,0.15791494313759352,0.1579149431375935,0.1780672729850526,0.16992631651700252,0.18892106754920546,0.17126558700425487,0.19333866162396765,0.17339170009956786
2025-01-15,5,0.1074051252714459,0.13293624481279656,0.13293624481279656,0.17837671543795391,0.16520060719539048,0.17884319785742106,0.14113402329913072,0.18605423252141365,0.17419335615225828
2025-01-16,5,0.12684738654575628,0.1504374830028742,0.1504374830028742,0.1675372390329256,0.1649471369773174,0.18005626827621676,0.16421714337735546,0.18669396105928837,0.17357834849126222
2025-01-17,5,0.1254202281596688,0.11467848903345108,0.11467848903345107,0.1464469608123774,0.16026034012971782,0.15501138366199918,0.12227331409841297,0.17969491753119307,0.1687904364988252
2025-01-20,5,0.13514589901979732,0.1130424900891907,0.1130424900891907,0.14638949306338683,0.15557553170140195,0.15418475274050508,0.12620592235065142,0.17296098844077132,0.17106318126255388
2025-01-21,5,0.12252226896205687,0.09762705797883625,0.09762705797883624,0.1489171696538925,0.15407340237487735,0.15580574329342733,0.1089365817413312,0.17201025925317381,0.17924380991493108
2025-01-22,5,0.11635827099935797,0.1074051252714459,0.1074051252714459,0.12999815339139412,0.15187009850886235,0.14573463426294936,0.12188557306035436,0.16980923317609403,0.1633357604711089
2025-01-23,5,0.11807524065037475,0.12684738654575628,0.12684738654575628,0.13734456448976692,0.1568463151937331,0.1583759460818204,0.1411990424241521,0.17991277933090516,0.19696477873735946
2025-01-24,5,0.19101230437929667,0.1254202281596688,0.1254202281596688,0.1302065439444734,0.15206901375099724,0.1457222681426018,0.1370078328210499,0.17279332633317698,0.17212863417403065
2025-01-28,5,0.20124498821110187,0.13514589901979732,0.13514589901979732,0.13192961229447298,0.1501969107753996,0.15306566664797783,0.14811847272519083,0.17090275851023548,0.19273783791062504
2025-01-29,5,0.244902391736099,0.12252226896205687,0.12252226896205687,0.1308156725901819,0.14566003232202965,0.14584350457896775,0.1329010173712578,0.1644856744906896,0.1811102774584198
2025-01-30,5,0.2553303966570448,0.11635827099935797,0.11635827099935797,0.13170745981521037,0.1423106702516688,0.14713380306907484,0.1282781449429869,0.1603502199552113,0.1707611561002973
2025-01-31,5,0.2350186099256873,0.11807524065037475,0.11807524065037474,0.13795178157470356,0.1485868540647571,0.15687530943000944,0.13075986388064792,0.17277267707238242,0.18418246423259035
2025-02-03,5,0.18528964565402292,0.19101230437929667,0.1910123043792967,0.1521267373550735,0.165881933158628,0.1854859647699935,0.2095287828944246,0.20170851261146286,0.19561062442091234
2025-02-04,5,0.1706735949549518,0.20124498821110187,0.20124498821110187,0.15723594410218636,0.16700774359334533,0.18534101499236463,0.20988422954255492,0.2027849546284261,0.18976232566773085
2025-02-05,5,0.11089817359918006,0.244902391736099,0.244902391736099,0.16290792499979542,0.1790884190122144,0.20307502701897243,0.25721889419003935,0.22106827355372158,0.1640309030191037
2025-02-06,5,0.1353353165898339,0.2553303966570448,0.2553303966570448,0.16597604393431967,0.17894614737657588,0.20237286445610825,0.26208001028263805,0.21925966256619897,0.14912020346731375
2025-02-07,5,0.13981203528433428,0.2350186099256873,0.2350186099256873,0.1604436707108853,0.17364713315515057,0.1892803475649034,0.239343337727827,0.20948263999352273,0.15885946734708617
2025-02-10,5,0.13839845227187145,0.18528964565402292,0.18528964565402292,0.16149637334795644,0.16981497199603315,0.18130149712686766,0.18849471100758428,0.2025335196160395,0.16571637452856103
2025-02-11,5,0.13544953226060857,0.1706735949549518,0.1706735949549518,0.15526411034701262,0.16604771548037764,0.17420649192977491,0.1795654872434352,0.19603831864157037,0.17631904749984906
2025-02-12,5,0.12613563080083218,0.11089817359918006,0.11089817359918003,0.15687134861850288,0.16347104466686355,0.1631036681457461,0.11593343525369071,0.1917959925988509,0.1740341214096025
2025-02-13,5,0.11828569844640055,0.1353353165898339,0.1353353165898339,0.16115676833937895,0.1696997641322479,0.1757835368707126,0.1511057416284384,0.20204325569729809,0.17776436410577567
2025-02-14,5,0.15344953017925267,0.13981203528433428,0.13981203528433428,0.16182918699341506,0.16580881505411552,0.171178828453008,0.15115893385785634,0.1953786774830492,0.17691830158028207
2025-02-17,5,0.20676948286307914,0.13839845227187145,0.13839845227187145,0.15891239383330205,0.16191980961924468,0.1688805990180689,0.1496088191426884,0.18903195244280155,0.17191287804277897
2025-02-18,5,0.2175811258813114,0.13544953226060857,0.13544953226060857,0.15919782884855158,0.15769471489842224,0.1677224218861319,0.1466117388819802,0.18241599068668093,0.1696631335784594
2025-02-19,5,0.2617565556024498,0.12613563080083218,0.12613563080083218,0.15923013957416068,0.15313360652727817,0.16474962817665767,0.13690706907395817,0.17551162842301632,0.1813339866383471
2025-02-20,5,0.26053805547337594,0.11828569844640055,0.11828569844640054,0.16441873135819238,0.15857457091138633,0.1731599939217741,0.1297037676423301,0.1855326094178396,0.1833230113569201
2025-02-21,5,0.2980651214046821,0.15344953017925267,0.15344953017925267,0.1704359798687494,0.16409189566773977,0.1847214918262908,0.1688203295230878,0.1948682268111192,0.18844923189232748
2025-02-24,5,0.29550908052499564,0.20676948286307914,0.20676948286307914,0.1777682982397678,0.17733486632987192,0.20395285740882926,0.22132130310596584,0.21579270021275979,0.174258051603093
2025-02-25,5,0.2938314314336357,0.2175811258813114,0.2175811258813114,0.18130210074856848,0.17652153851794936,0.2028064669346582,0.22588651018008649,0.21330980566191277,0.1895206513693436
2025-02-26,5,0.25485215869886074,0.2617565556024498,0.2617565556024498,0.1931813096327467,0.18898963594068674,0.22570907962825193,0.273219855403387,0.2319217989936997,0.19703208934021677
2025-02-27,5,0.25684892712150326,0.26053805547337594,0.26053805547337594,0.19905081469449343,0.19101340242682624,0.22520150193410282,0.26544509671822414,0.23324771125795887,0.18239351972115878
2025-02-28,5,0.18944543248678392,0.2980651214046821,0.2980651214046821,0.21674373004062336,0.2094630839627838,0.25077782677669647,0.30721898472106374,0.2602832467005178,0.20419585613895283
2025-03-03,5,0.16156907023284842,0.29550908052499564,0.29550908052499564,0.22152632823541335,0.21661996712875162,0.24986821975728693,0.2987495851575716,0.2684995132366294,0.19883516762072623
2025-03-04,5,0.16450093712399652,0.2938314314336357,0.2938314314336357,0.21151781809701686,0.21309904647955935,0.23761319793031638,0.29808060257557545,0.2598267744772284,0.19132049061090992
2025-03-05,5,0.1698537095085617,0.25485215869886074,0.25485215869886074,0.20770282958693428,0.20663292416335932,0.22193314647267204,0.255875971567218,0.2469831775520357,0.21000901587346443
2025-03-06,5,0.13462655828611023,0.25684892712150326,0.2568489271215032,0.20260408411109404,0.20821604732023158,0.22724446511752364,0.263789769512734,0.24774505862661525,0.2127062411265207
2025-03-07,5,0.19253981236273338,0.18944543248678392,0.18944543248678392,0.20000173057771262,0.2032387217261523,0.20599730787971413,0.18956071646672115,0.2379730114713034,0.20749221341515614
2025-03-10,5,0.20266975958787828,0.16156907023284842,0.16156907023284842,0.20527638550352983,0.20389710818533333,0.20738724834484612,0.16942394986570364,0.23792141462341646,0.22425580196232406
2025-03-11,5,0.1912694283214387,0.16450093712399652,0.16450093712399652,0.20738474279916308,0.20166515093480697,0.2074001170131018,0.17534020001096892,0.23320253563520157,0.24068556928630613
2025-03-12,5,0.1875668630414829,0.1698537095085617,0.1698537095085617,0.20754274452239607,0.19691687171403507,0.2061730005289576,0.1803324867609182,0.2245813410416774,0.22619945992618662
2025-03-13,5,0.1902126451083064,0.13462655828611023,0.13462655828611023,0.2059988718542905,0.19092007308453704,0.1941589406698354,0.141431021919266,0.21425290704852845,0.19955728449663448
2025-03-14,5,0.12413492191368167,0.19253981236273338,0.19253981236273338,0.21087055316752173,0.20124839771223452,0.22134523278809146,0.20954262068711313,0.2317985963042632,0.20924478464089397
2025-03-17,5,0.057948739548528326,0.20266975958787828,0.20266975958787828,0.21740289726883674,0.20498368119645705,0.2251267024606599,0.2112462471262817,0.2373068593544795,0.2146021069021255
2025-03-18,5,0.0770394288203487,0.1912694283214387,0.1912694283214387,0.21715984627953513,0.19934679337761518,0.21544617050981574,0.19864250047288065,0.22708598203440658,0.18510380764727707
2025-03-19,5,0.09346711764737134,0.1875668630414829,0.18756686304148293,0.21698448139481172,0.19360151551204824,0.21388118236602227,0.1963365441660921,0.21713791853243974,0.18737838343835025
2025-03-20,5,0.0886138242823278,0.1902126451083064,0.1902126451083064,0.21739797873484537,0.18850280071477107,0.21561194542879192,0.19951369890913387,0.20871434303524453,0.182835836377998
2025-03-21,5,0.10022431557053665,0.12413492191368167,0.12413492191368167,0.21166956008122031,0.18277682512296842,0.19547452218934863,0.12739953913670932,0.19954792545413122,0.186146971888797
2025-03-24,5,0.247666218408823,0.057948739548528326,0.057948739548528326,0.2060514158065687,0.1781430493646832,0.17988244175515927,0.06536822612160159,0.19264837749171565,0.19328945051993307
2025-03-25,5,0.2514725026498118,0.0770394288203487,0.0770394288203487,0.19593896623896503,0.17562997316671128,0.17978770019961768,0.09455428136599497,0.18976139961127134,0.19015060176015514
2025-03-26,5,0.27598336592748474,0.09346711764737134,0.09346711764737134,0.1946548040087431,0.17309591038782646,0.18237926454598644,0.10839293317387017,0.18691373597041888,0.17890534421632293
2025-03-27,5,0.30556906538146855,0.0886138242823278,0.0886138242823278,0.18115753228604076,0.16792857633668276,0.1692402725157064,0.10122934933401895,0.1794483900037701,0.18323025121157588
2025-03-28,5,0.319435316907757,0.10022431557053665,0.10022431557053667,0.17616391600860143,0.164838762723118,0.1715948694237122,0.11479074225725144,0.17598455749172084,0.2089900517916064
2025-03-31,5,0.4049322881603072,0.247666218408823,0.247666218408823,0.1894955208401929,0.20312956857671932,0.22671673696366068,0.27294293531998715,0.24188258579917446,0.22755696772462913
2025-04-01,5,0.4339063428799942,0.2514725026498118,0.2514725026498118,0.180712566154342,0.20092516439354416,0.20944019294621286,0.2555049501890086,0.2367910247214966,0.23378586838665727
2025-04-02,5,0.4873580152977054,0.27598336592748474,0.27598336592748474,0.18833226565845052,0.20686770157811682,0.22393062756255583,0.28447153952207477,0.2450604684651098,0.24881311051105853
2025-04-03,5,0.6412958500474204,0.30556906538146855,0.3055690653814686,0.1989607805581531,0.21312866077260978,0.23730009748389536,0.3126242855785236,0.25348226793682804,0.23399844368681663
2025-04-04,5,0.6336314418993478,0.319435316907757,0.31943531690775706,0.19905084095654418,0.2143878453219079,0.23821808773561579,0.32383112001842973,0.2536249389857432,0.3139198572015357
2025-04-07,5,0.5582761046664094,0.4049322881603072,0.4049322881603072,0.2576896002217732,0.27839522843673165,0.31196873472394393,0.4150730696050071,0.35191353896178873,0.5346236744428527
2025-04-08,5,0.5311249850787515,0.4339063428799942,0.4339063428799942,0.2669624917978943,0.28588465033401633,0.31042518275203723,0.4340749336435056,0.3575767583673613,0.3900781755723795
2025-04-09,5,0.4690984948157861,0.4873580152977054,0.4873580152977054,0.2925370364708565,0.31055554587652956,0.3447684293556793,0.48948705712778656,0.39028824072988616,0.36999619779148174
2025-04-10,5,0.20380134360214097,0.6412958500474204,0.6412958500474205,0.36143521183758137,0.3846791608054858,0.43563077125126537,0.649013277196687,0.4985029940709958,0.25504434516630925
2025-04-11,5,0.20115811802170813,0.6336314418993478,0.6336314418993478,0.3617989742301045,0.3734054849044945,0.4013222889798511,0.6189156849825924,0.4703665319582467,0.21079864343654295
2025-04-14,5,0.13242919911568005,0.5582761046664094,0.5582761046664094,0.3630220824842818,0.37204873624116347,0.3959457848364284,0.5412331995949837,0.45937481729972196,0.21026254845545023
2025-04-15,5,0.17168558244058227,0.5311249850787515,0.5311249850787516,0.3586842359953704,0.36071855081710513,0.37480059521567816,0.5223800286068653,0.4331882686435461,0.1835381376709114
2025-04-16,5,0.16808376430315938,0.4690984948157861,0.4690984948157861,0.35952901002166354,0.3511655033232894,0.3663822737062738,0.45763576621055724,0.4110331634661919,0.19780634405616357
2025-04-17,5,0.15926538149445899,0.20380134360214097,0.20380134360214094,0.3635219229120853,0.3459518023270661,0.3150764307166572,0.1784366329791069,0.3972958628064739,0.20851291406322123
2025-04-22,5,0.16421341149596105,0.20115811802170813,0.20115811802170816,0.3632057755511367,0.3354293570979925,0.3054955963933668,0.21382673490935858,0.3752201775895177,0.20020653923019194
2025-04-23,5,0.16952472084197284,0.13242919911568005,0.13242919911568005,0.36371926310949804,0.32594241675177765,0.29364266168454484,0.13439993044626602,0.355881987532475,0.16785219302733664
2025-04-24,5,0.13898456575197368,0.17168558244058227,0.17168558244058227,0.36725049309161545,0.3216341274193973,0.31013449736308507,0.18785031258797524,0.3466344415075002,0.17978527505920192
2025-04-28,5,0.1374125883856356,0.16808376430315938,0.16808376430315938,0.366844243653578,0.31285919385854155,0.3037142622763095,0.1766285937787863,0.32976153761931526,0.15291063498303667
2025-04-29,5,0.10838146076781492,0.15926538149445899,0.15926538149445899,0.3689275806789471,0.3080689648430825,0.307369649769731,0.16858617695876432,0.3209352334335905,0.16465244071170562
2025-04-30,5,0.10941291412537518,0.16421341149596105,0.16421341149596105,0.3694175155420045,0.2995053183953782,0.30371181542041664,0.1750463947347551,0.305431152729652,0.15054320301749669
2025-05-01,5,0.09908207885253956,0.16952472084197284,0.16952472084197281,0.36978721920405816,0.2921119343534585,0.30645044034437424,0.1799187346179598,0.29272657030016247,0.18411690110235324
2025-05-02,5,0.09724745448757088,0.13898456575197368,0.13898456575197368,0.353366273424913,0.28454771699586306,0.2890103054125368,0.14610732212824326,0.28014154403669267,0.1517531768027524
2025-05-05,5,0.09535903352762796,0.1374125883856356,0.13741258838563564,0.35215578806535,0.27680008310657456,0.28700395140719925,0.1490136821801446,0.26760818850516294,0.16461160425640475
2025-05-06,5,0.10104659140721133,0.10838146076781492,0.10838146076781492,0.34751891824800596,0.26977573974195057,0.2784331938259129,0.11710487551004711,0.25693433604459803,0.1501276796810614
2025-05-07,5,0.0936721990562208,0.10941291412537518,0.10941291412537518,0.3421813064993944,0.2626231978776586,0.2746138921668767,0.12257407006721699,0.24631665578563722,0.14919481376535187
2025-05-08,5,0.11863096745520758,0.09908207885253956,0.09908207885253954,0.33879942236759814,0.25533245344219013,0.26938046094247925,0.11060514220654105,0.2357049187687932,0.14874866862019637
2025-05-09,5,0.141259111664077,0.09724745448757088,0.0972474544875709,0.2967808823041856,0.24886283124981282,0.24425642692261093,0.11023842168919773,0.22713152023195063,0.13915117384478773
2025-05-12,5,0.15858989798673762,0.09535903352762796,0.09535903352762796,0.2852217879580432,0.24210856359785796,0.23578919062262516,0.10822782400507935,0.21814662370359858,0.1818617065796682
2025-05-13,5,0.14785182317165127,0.10104659140721133,0.10104659140721133,0.2581638702679289,0.23704945599443847,0.22246789625847413,0.11466339844562462,0.2131020740633828,0.14371365811322026
2025-05-14,5,0.15884572772335012,0.0936721990562208,0.09367219905622082,0.14580148683189328,0.23010616979928528,0.1491942122846427,0.10577009999535258,0.2039391536314373,0.13826260568353022
2025-05-15,5,0.1408502260241698,0.11863096745520758,0.11863096745520758,0.15014414215751554,0.22742809951069015,0.16230946251612252,0.13405955437797457,0.20449734841560402,0.1553948777516128
2025-05-16,5,0.12002961840672392,0.141259111664077,0.14125911166407704,0.1364632118679035,0.22590729023332676,0.159719044876957,0.1547405625473266,0.20720456834533157,0.16842748557760512
2025-05-19,5,0.09084516167472924,0.15858989798673762,0.15858989798673762,0.14203719578039795,0.22345212821705715,0.16612768166110387,0.1707129329010848,0.20741944216154895,0.1834110123381977
2025-05-20,5,0.09097538136109026,0.14785182317165127,0.14785182317165127,0.13949809369405153,0.21688869395119634,0.15691850237545307,0.15687044899899028,0.19867164548912522,0.163014253024037
2025-05-21,5,0.07473298845898269,0.15884572772335012,0.15884572772335012,0.13181957955222262,0.21297360347689112,0.15833518502461408,0.17068326306016662,0.19585293937599033,0.15222658655716095
2025-05-22,5,0.0719934843119041,0.1408502260241698,0.1408502260241698,0.13278688986737577,0.20729196498637992,0.15252952230875713,0.14926077182906972,0.1891810172862505,0.17208647090714566
2025-05-23,5,0.05086792865147348,0.12002961840672392,0.12002961840672394,0.1337044456720026,0.2029192793219109,0.149949323955158,0.1295841415830209,0.18548851473099862,0.15089645367196772
2025-05-26,5,0.08147606366176953,0.09084516167472924,0.09084516167472924,0.12296929264330096,0.19702328838933472,0.1342437124138923,0.10058983436407992,0.1784669126981714,0.1635187205856796
2025-05-27,5,0.08659937007088579,0.09097538136109026,0.09097538136109026,0.12125846499408192,0.19131620882015216,0.13318592219577347,0.10468084407438433,0.1719944748287835,0.13976080959771164
2025-05-28,5,0.09507593830687978,0.07473298845898269,0.07473298845898269,0.11254675678663598,0.18638084843902064,0.1254217227738359,0.08648208238711474,0.16735276837402505,0.15063910301951644
2025-05-29,5,0.09685340609925874,0.0719934843119041,0.0719934843119041,0.11156134483191085,0.18129156739193372,0.1235948875701289,0.08598218389671841,0.16238397688725914,0.1501477654565749
2025-05-30,5,0.09803673785418833,0.05086792865147348,0.05086792865147348,0.10793715777188315,0.17578524532804088,0.11476266915141986,0.06307152731321225,0.1564910548318148,0.13708117636668218
2025-06-02,5,0.07868640448824017,0.08147606366176953,0.08147606366176953,0.11001267952027162,0.17428190509731475,0.128007092724091,0.09944044274409503,0.15974903285317488,0.1418271402258016
2025-06-03,5,0.07433106576465959,0.08659937007088579,0.08659937007088578,0.10951453028975769,0.1700672462333051,0.12614775247947363,0.10002683718420785,0.15645791138344767,0.1304037048075653
2025-06-04,5,0.06411604190289295,0.09507593830687978,0.0950759383068798,0.10964589905275704,0.16727681699610006,0.12945593687434576,0.10913487256907539,0.15625866144250847,0.12827690303091718
2025-06-05,5,0.05616663635636413,0.09685340609925874,0.09685340609925874,0.10876177316740977,0.16315044267479037,0.12768158923732836,0.10980901153507977,0.15290483851607384,0.13654856182041758
2025-06-06,5,0.07154056105291451,0.09803673785418833,0.09803673785418833,0.1077096513078586,0.1584171292795102,0.12588564272509584,0.11099019257068649,0.148186246636316,0.13207231860564866
2025-06-10,5,0.07141073409406416,0.07868640448824017,0.07868640448824017,0.10642032499093565,0.15457066099581282,0.12212765014593517,0.08981607947394293,0.14546378354879633,0.1370437435734416
2025-06-11,5,0.09185116293196662,0.07433106576465959,0.07433106576465959,0.10556444421892154,0.15043193728679982,0.11993934101834855,0.08796788274560491,0.14201184958035962,0.13370821289954993
2025-06-12,5,0.14950841328813508,0.06411604190289295,0.06411604190289295,0.10281026276644693,0.14711134183139313,0.11690398580089015,0.07712022137302565,0.14033405078084102,0.14574602126007602
2025-06-13,5,0.1509673088442339,0.05616663635636413,0.05616663635636414,0.10242596400994558,0.14272986651605013,0.11270744349720944,0.06992559639034934,0.1362397034577264,0.14726794452486844
2025-06-16,5,0.15366532078525952,0.07154056105291451,0.07154056105291451,0.09730963733021723,0.14076049900338247,0.11611939367413313,0.08761139312989763,0.13747112498409536,0.16795721692046794
2025-06-17,5,0.19073856808197964,0.07141073409406416,0.07141073409406416,0.08825228408573868,0.1375536292425528,0.10923401229966051,0.08504790866728079,0.13573375181134248,0.15541918985424527
2025-06-18,5,0.20018622471678232,0.09185116293196662,0.0918511629319666,0.08464218566884953,0.1376883716541757,0.11417797395601456,0.10757201241112374,0.14081752887598298,0.16035973655291957
2025-06-19,5,0.1579819546193623,0.14950841328813508,0.14950841328813508,0.10337909268134855,0.1495500133265489,0.14345832729088853,0.1670673056407659,0.16765002124660408,0.16930734782159002
2025-06-20,5,0.22050560077518563,0.1509673088442339,0.1509673088442339,0.09954861358228285,0.14554509823252557,0.13302547564070613,0.16051891439330268,0.16212366920761018,0.15243811316070155
2025-06-23,5,0.22341515188647756,0.15366532078525952,0.15366532078525955,0.10182237079228464,0.144301614667985,0.13774014462848733,0.16433301694425073,0.1618879447588093,0.1702069607362076
2025-06-24,5,0.19022300449960303,0.19073856808197964,0.19073856808197964,0.1141069337379989,0.15394909457842182,0.1587258468113637,0.2040400061319669,0.1809051150340686,0.16165204372370362
2025-06-25,5,0.20123321723048915,0.20018622471678232,0.20018622471678232,0.12141206838187205,0.15671199088771648,0.16276935392093633,0.20886557600348077,0.18619592658264408,0.1372688604166932
2025-06-26,5,0.27306824226835996,0.1579819546193623,0.15798195461936226,0.12107472362805112,0.1519699486310709,0.14633318612042612,0.16239835639578498,0.1782446800533203,0.15201967550378084
2025-06-27,5,0.23249959058808808,0.22050560077518563,0.22050560077518563,0.14197534290206265,0.17020159073515947,0.18560474689278345,0.23658533565089296,0.20963590578739744,0.15686242013905624
2025-06-30,5,0.23089546433857944,0.22341515188647756,0.22341515188647754,0.14497619519119728,0.16890391513717118,0.1805402741397758,0.22961507908724918,0.20626790077800614,0.14314253740703659
2025-07-01,5,0.2318488855405163,0.19022300449960303,0.190223004499603,0.14498184865809147,0.16378249016833205,0.1680833455862947,0.19454261533737047,0.1967582330765119,0.1529907384268303
2025-07-02,5,0.2395029680196616,0.20123321723048915,0.20123321723048915,0.15100315215247193,0.16967194969465457,0.18300696620874188,0.21127009655464207,0.2062479599410548,0.1534104866683798
2025-07-03,5,0.17407048403450928,0.27306824226835996,0.27306824226835996,0.1750067934637961,0.19311247896547734,0.21994425051397495,0.28698342734428905,0.2437205519867448,0.16107301781536196
2025-07-04,5,0.20280636480543487,0.23249959058808808,0.23249959058808808,0.17571352303554166,0.19016106406347663,0.20094023334431038,0.23258939508860332,0.23608567802084915,0.16853970550065425
2025-07-07,5,0.20112564315440368,0.23089546433857944,0.23089546433857944,0.17742076789774563,0.18726083190665116,0.20158518634258743,0.23825494513533918,0.2290581104063105,0.17654616102515475
2025-07-08,5,0.2011123441231892,0.2318488855405163,0.23184888554051628,0.1775666184888841,0.1819419209216477,0.1987056492544374,0.23851234569558188,0.2184524387418407,0.1830375808575307
2025-07-09,5,0.18421024514491574,0.2395029680196616,0.23950296801966156,0.1870436157888028,0.18913584878357628,0.21487942380077296,0.24681045295322865,0.22941375872549763,0.16495432088502063
2025-07-10,5,0.16690891075395675,0.17407048403450928,0.17407048403450928,0.19111852010872935,0.18904723987329422,0.19936311056064565,0.17464868349044935,0.22767062521640763,0.2059233700376548
2025-07-11,5,0.16470980519982426,0.20280636480543487,0.20280636480543487,0.1992220416675953,0.1948071876319185,0.21373049134890887,0.21565550002638514,0.23588116705853338,0.19285553830281293
2025-07-14,5,0.1634054741221834,0.20112564315440368,0.2011256431544037,0.20089382092270042,0.19116548707400058,0.20874711075448707,0.20823824937078378,0.22800639190571045,0.18217445052042974
2025-07-15,5,0.2421340937925336,0.2011123441231892,0.2011123441231892,0.19985335093130602,0.18571543985611766,0.20538099332180956,0.20922884742610315,0.217513307344171,0.197916270029318
2025-07-16,5,0.24040049719466777,0.18421024514491574,0.18421024514491574,0.20457402964590302,0.1874104090597057,0.2106656876179783,0.19074915086803196,0.21985129586909305,0.2033923049898795
2025-07-17,5,0.2383887372468603,0.16690891075395675,0.16690891075395675,0.20285601333682995,0.18249845075134033,0.20038332731247116,0.17448813815127504,0.21073120083354294,0.20066418006058717
2025-07-18,5,0.21565234415007356,0.16470980519982426,0.16470980519982426,0.20205617217985125,0.18826544311311583,0.2066607116091344,0.17431084311924078,0.22056742938159682,0.195695989643609
2025-07-21,5,0.21783098524663885,0.1634054741221834,0.1634054741221834,0.20319776622207816,0.18455418357747533,0.201326021300484,0.1729125799883864,0.21351731264648988,0.2061426483771738
2025-07-22,5,0.12455723524148272,0.2421340937925336,0.2421340937925336,0.21972364052008395,0.20428788205884385,0.23979825325699952,0.25855807187840596,0.2467240594497903,0.20900223354622893
2025-07-23,5,0.0867179525066461,0.24040049719466777,0.2404004971946678,0.21667588195101087,0.20415783264956663,0.23003340285300675,0.24500280734051982,0.24445147312747806,0.19001710556705007
2025-07-24,5,0.2079513323066778,0.2383887372468603,0.23838873724686027,0.21246121578662275,0.19794194977517987,0.21962245297619135,0.24466149049645217,0.2321080364638079,0.18449664201545843
2025-07-25,5,0.20012387581217667,0.21565234415007356,0.21565234415007356,0.21437603908350542,0.1946014162714892,0.22052407439988753,0.22000416705427753,0.22535198199761408,0.18908888530857137
2025-07-28,5,0.20614441971026756,0.21783098524663885,0.21783098524663883,0.2025097372088054,0.19137359313764377,0.21380249258660516,0.22571787833137813,0.21917940217147344,0.18730654102374739
2025-07-29,5,0.22461068160284456,0.12455723524148272,0.12455723524148272,0.20021998806837463,0.18591013398233142,0.18852779582873513,0.1237334048439871,0.2094067826326851,0.1984524998695788
2025-07-30,5,0.24346833603326762,0.0867179525066461,0.0867179525066461,0.20030848274297666,0.18039225863245134,0.17942260203415927,0.09655398532143289,0.19998801551770237,0.1862054978616837
2025-07-31,5,0.15528462485371766,0.2079513323066778,0.20795133230667778,0.21399598093022493,0.20324229638281716,0.22937741786014162,0.2318043945016775,0.24057270180381018,0.20354183316139102
2025-08-01,5,0.18660157077367637,0.20012387581217667,0.20012387581217667,0.19426483058769276,0.1972568998999284,0.20116004735038967,0.20488107300523664,0.22891517725754704,0.328862421696493
2025-08-04,5,0.1917797456169941,0.20614441971026756,0.2061444197102676,0.19559571736988515,0.19579524489975836,0.20835600066033552,0.21507089110183572,0.22567828778847762,0.21243672697887656
2025-08-05,5,0.17195171846335036,0.22461068160284456,0.2246106816028446,0.1985105407125697,0.19636221403187312,0.21550929531999238,0.23371258315331675,0.2261646975684899,0.191082960081669
2025-08-06,5,0.1565129728249482,0.24346833603326762,0.24346833603326762,0.20356441335276987,0.1973454772574528,0.223056811346385,0.25166241122438837,0.22737001864261422,0.20876379091255062
2025-08-07,5,0.16251639432532222,0.15528462485371766,0.1552846248537177,0.19462272319599674,0.19177594857748384,0.19207272062802797,0.1535174049854441,0.21714286518737144,0.17943309930629114
2025-08-08,5,0.15294345048236818,0.18660157077367637,0.1866015707736764,0.19701503163398465,0.19458849507847656,0.2072549400487282,0.20083616598098666,0.22215015893268392,0.1767533090521753
2025-08-11,5,0.13269526137489873,0.1917797456169941,0.19177974561699412,0.1929293756594019,0.1947837500838312,0.2045479545551393,0.20001239874998258,0.22228195121369504,0.1604260281153214
2025-08-12,5,0.1281108961265297,0.17195171846335036,0.17195171846335036,0.19187228837793155,0.18979760637230245,0.1949602353822808,0.17860870577159685,0.21333887831923604,0.1696508002583116
2025-08-13,5,0.16091428508736097,0.1565129728249482,0.15651297282494822,0.19401258630939866,0.18719247873784847,0.1951517587605547,0.1647643543479371,0.20906973682240332,0.16519445796810425
2025-08-14,5,0.17269588390055118,0.16251639432532222,0.16251639432532222,0.18996602604895851,0.18352829286330508,0.1929281579046129,0.1731530403146183,0.2031189459764214,0.1610703652110217
2025-08-15,5,0.1485165108051484,0.15294345048236818,0.15294345048236818,0.19429713980524055,0.18452387715958282,0.19670248027516005,0.16161955998400762,0.20580880575585314,0.15851925903660244
2025-08-18,5,0.21770367918850067,0.13269526137489873,0.13269526137489873,0.18696195005691887,0.18060710228582658,0.18402891121502743,0.14121327110776632,0.19950613078676901,0.1600664592731317
2025-08-19,5,0.21949714020001532,0.1281108961265297,0.12811089612652968,0.18537860097151776,0.17510558332775478,0.1782784341210817,0.1390064782775767,0.19061091989081,0.15414259409357364
2025-08-20,5,0.20327048102460218,0.16091428508736097,0.16091428508736097,0.17276201569650718,0.18123418446831155,0.18753776158076793,0.17488773939963415,0.20315775973355304,0.17020258608800773
2025-08-21,5,0.19127133250462797,0.17269588390055118,0.17269588390055116,0.1715456705027849,0.181102981270507,0.18639812074558293,0.1827823290906025,0.20358244923442348,0.16743837301397593
2025-08-22,5,0.19281145070445746,0.1485165108051484,0.1485165108051484,0.17167504865496225,0.17574914837002623,0.17552511004921761,0.15546988096742256,0.19466518919118359,0.17374071125096457
2025-08-25,5,0.10839333010937112,0.21770367918850067,0.21770367918850067,0.1875271381153928,0.1929990325814168,0.21321746413007978,0.23423419602649787,0.22574469433081562,0.17430700049496414
2025-08-26,5,0.1052974631195445,0.21949714020001532,0.21949714020001532,0.18584594513347164,0.18774747724027854,0.20109006723302936,0.22546686151028067,0.21594175928290488,0.1621354676461057
2025-08-27,5,0.09175814358871583,0.20327048102460218,0.20327048102460218,0.1897119261560713,0.18734918919913657,0.20428640818739585,0.20905147797046353,0.2150507750681809,0.1654454568211265
2025-08-28,5,0.09792332992345779,0.19127133250462797,0.19127133250462797,0.19065174623468212,0.1830210255925847,0.19884403442114035,0.19826113637435203,0.207399117440215,0.16370386871955084
2025-08-29,5,0.1095025028918506,0.19281145070445746,0.1928114507044575,0.16741469235141992,0.17810593657441662,0.18402757785443496,0.20139303247195572,0.1990911309657067,0.1601485224287781
2025-09-01,5,0.10079729925122921,0.10839333010937112,0.10839333010937112,0.1686067162187256,0.174368597875421,0.16732977376370498,0.10938211288527844,0.19326987531447803,0.16079169944318933
2025-09-02,5,0.1003176900851696,0.1052974631195445,0.10529746311954451,0.1645011494506468,0.16916584228226916,0.1613185403894727,0.11852033804130624,0.18506626376457583,0.17121257827122413
2025-09-03,5,0.1340696908522198,0.09175814358871583,0.09175814358871583,0.16119359944851652,0.1675267382004627,0.16053195913851676,0.10257879715645052,0.18370222935122515,0.18439974871370432
2025-09-04,5,0.12622621090886751,0.09792332992345779,0.09792332992345779,0.1565811207149672,0.1650305494655416,0.1582822457287789,0.11142362991261678,0.1807831361937361,0.18080675129268242
2025-09-05,5,0.14971116291844117,0.1095025028918506,0.10950250289185061,0.1585602905665662,0.16296120330617145,0.1622566277656533,0.12277442762064522,0.17872877004813384,0.16672776549253712
2025-09-08,5,0.1547852923706905,0.10079729925122921,0.10079729925122918,0.1501891611143684,0.1581130878062199,0.15139586108730724,0.11177760029607414,0.17163710167167548,0.1693473639053172
2025-09-09,5,0.16930706870995738,0.1003176900851696,0.1003176900851696,0.14387395809192727,0.1533224229893226,0.14691777639920378,0.11274150068619138,0.1649182789955938,0.16023176391371174
2025-09-10,5,0.14060527100224837,0.1340696908522198,0.1340696908522198,0.1523916241261774,0.16011172079180971,0.1682282610441595,0.14922030639930073,0.1796713910218645,0.16676085970946933
2025-09-11,5,0.1392615711309703,0.12622621090886751,0.12622621090886754,0.14992924092019003,0.15600934704983863,0.1582365794530784,0.13574577161133985,0.17367413458283681,0.1700440767578389
2025-09-12,5,0.09965061114153491,0.14971116291844117,0.14971116291844117,0.15552950264072146,0.16055550641758534,0.1727008208424021,0.1630465879925886,0.1832836008542347,0.16367633480991017
2025-09-15,5,0.2193368688918435,0.1547852923706905,0.1547852923706905,0.15063775611034091,0.15726308756893678,0.1660353429607282,0.1648350060254604,0.17841932475782496,0.16721334191282775
2025-09-16,5,0.2135517934761195,0.16930706870995738,0.16930706870995735,0.15274913884517882,0.1570595390006987,0.1728967042819834,0.18033896441182265,0.17919324720890814,0.1725298288326772
2025-09-17,5,0.206752044223036,0.14060527100224837,0.14060527100224837,0.15499225046932463,0.15510508742868234,0.1666238019512266,0.1470892044469439,0.17679637062575446,0.17277783269465918
2025-09-18,5,0.22753271386448687,0.1392615711309703,0.1392615711309703,0.14467635690353195,0.15080654748934558,0.1572731835738253,0.15013981880689573,0.170362886557884,0.1749179577163985
2025-09-19,5,0.23556570751511394,0.09965061114153491,0.09965061114153491,0.13947347075758712,0.14641886786861424,0.144744052791209,0.10674336104593107,0.16403951471561753,0.1709273073081951
2025-09-22,5,0.13381528971400652,0.2193368688918435,0.2193368688918435,0.169983745056604,0.17918145387103612,0.20535830758917228,0.2424567555274106,0.2208255008676053,0.18786867886526637
2025-09-23,5,0.12715328181379826,0.2135517934761195,0.21355179347611952,0.1513472309435847,0.17563674598794699,0.18002505966962365,0.21776838555885025,0.2134311581504111,0.17549761414074563
2025-09-24,5,0.13055164029563393,0.206752044223036,0.20675204422303603,0.15076181435005956,0.1703230272729896,0.1747758995259256,0.2137342483820613,0.203574878919923,0.17215063850287204
2025-09-25,5,0.1495542415045427,0.22753271386448687,0.22753271386448687,0.15303554680395065,0.1735086105554485,0.18841825678224744,0.23681399308835713,0.20826739454841559,0.1658087348215668
2025-09-26,5,0.13763533487502516,0.23556570751511394,0.23556570751511394,0.15477206428495005,0.17168392659898754,0.18841554450055947,0.2423924852870478,0.2044883977281877,0.1717883273415313
2025-09-29,5,0.14047482732442484,0.13381528971400652,0.1338152897140065,0.1559052408241667,0.16847927115829728,0.16524203880834876,0.13127846643483937,0.19865589243683127,0.16965387364314694
2025-09-30,5,0.1405504871573441,0.12715328181379826,0.12715328181379826,0.154784010174425,0.1637962430901227,0.16092431711108462,0.13910938601240902,0.19065459100498286,0.15420460023764312
2025-10-01,5,0.14087059861216994,0.13055164029563393,0.13055164029563393,0.15539389171222762,0.1596707608751386,0.1626968724752142,0.14172521096348167,0.18398882856461446,0.16355688213545172
2025-10-02,5,0.12374621106368326,0.1495542415045427,0.1495542415045427,0.16352544894166374,0.16851643602565114,0.1794482175667378,0.16197383857105466,0.19953757636677555,0.16229300363476973
2025-10-03,5,0.1949641386723904,0.13763533487502516,0.13763533487502516,0.16180746404848378,0.16383977882726064,0.16742901149745948,0.14629365407946482,0.19147793849379546,0.16037252506946026
2025-10-06,5,0.1888816784823534,0.14047482732442484,0.14047482732442484,0.1617092071629262,0.16170401555628433,0.17073532707316152,0.15149113906263986,0.1881068716434047,0.1727812460085664
2025-10-07,5,0.27281756215031694,0.1405504871573441,0.1405504871573441,0.1619952388245571,0.15726645019112223,0.16818095277523173,0.15086092082806699,0.18099632922545122,0.17532144202379504
2025-10-08,5,0.2897637256033047,0.14087059861216994,0.14087059861216997,0.1627146093855796,0.15346365430082287,0.16943727067501207,0.15128582859867692,0.1753005962069243,0.16399433323970874
2025-10-09,5,0.27360576836628564,0.12374621106368326,0.12374621106368328,0.16157619980619867,0.1587807601843155,0.1707283185162679,0.13264608692233204,0.18544345418216243,0.17130486884769752
2025-10-10,5,0.23052397121957374,0.1949641386723904,0.1949641386723904,0.17730852302683545,0.17509302804265778,0.2003384405571137,0.21240948105800556,0.21269096615985827,0.16629710819982316
2025-10-13,5,0.27027894166528565,0.1888816784823534,0.1888816784823534,0.1711948906288777,0.17039078671936067,0.1847952138328869,0.1949995308757357,0.20388524099531957,0.20044202310159026
2025-10-14,5,0.22076341293907975,0.27281756215031694,0.27281756215031694,0.1955999662643778,0.19766238423084623,0.23258764111337976,0.28842053406727963,0.2470644425382493,0.17675062608064818
2025-10-15,5,0.34446793837056183,0.2897637256033047,0.28976372560330477,0.19910365714505912,0.19972128681185097,0.23056618924675853,0.2941517290509128,0.24752654337328195,0.17481065714037688
2025-10-16,5,0.3451783273916422,0.27360576836628564,0.2736057683662857,0.19804948954244872,0.1945191738842282,0.22065283836438113,0.27584593689270637,0.23650522382729897,0.17472732711244604
2025-10-17,5,0.34306043590833873,0.23052397121957374,0.23052397121957374,0.19867922695138482,0.18976490815708788,0.21190303096354285,0.23156178924033166,0.22682695165038444,0.18202445178855609
2025-10-20,5,0.3115799110363629,0.27027894166528565,0.2702789416652857,0.21056203838211185,0.20009448888937365,0.2367652226714926,0.28070254758487123,0.24235296777187884,0.16630119534074675
2025-10-21,5,0.3304354122085865,0.22076341293907975,0.22076341293907978,0.19598170408306037,0.205233157221774,0.21516326452070333,0.22032098336048467,0.24865192163238645,0.1631735867852752
2025-10-22,5,0.18455872404640752,0.34446793837056183,0.34446793837056183,0.23882216460124148,0.25245259370820305,0.2821101515218257,0.362652455341281,0.3217157697667786,0.16771220725502128
2025-10-23,5,0.18382969052283454,0.3451783273916422,0.3451783273916422,0.23961317596542106,0.2457595992706184,0.26253311383216266,0.3442019925099962,0.30545067412892235,0.16558536840797955
2025-10-24,5,0.1891058585185683,0.34306043590833873,0.34306043590833873,0.2348797842156911,0.23828533985714584,0.2563046127912016,0.3443947100302069,0.288832896629942,0.16139028728416907
2025-10-27,5,0.19734708682226898,0.3115799110363629,0.3115799110363629,0.23289257734004715,0.23103746410535161,0.24813310120406296,0.31023275831936187,0.27345632604538733,0.15754587578132878
2025-10-28,5,0.1623939608284566,0.3304354122085865,0.3304354122085865,0.2452394888230861,0.24143814951945486,0.2732293091161937,0.3352886593820333,0.2882880527721008,0.15972715066941942
2025-10-29,5,0.17540270274588338,0.18455872404640752,0.18455872404640752,0.24758128825069672,0.23747852052555082,0.23459514801605894,0.1737417681199572,0.27864794361771333,0.1567442783576536
2025-10-30,5,0.2108813383697742,0.18382969052283454,0.18382969052283454,0.24779523782754054,0.23113009731539716,0.23151600780711873,0.19472245084863854,0.2655354193984664,0.15237811068100393
2025-10-31,5,0.20853895491303437,0.1891058585185683,0.1891058585185683,0.24157336917321143,0.2254154944754695,0.22951256504532613,0.19760775781883338,0.2541728788788598,0.16304706284911183
2025-11-03,5,0.23260178796690642,0.19734708682226898,0.19734708682226898,0.24290209085116957,0.22073529701170785,0.23311537958079978,0.20614548509391542,0.245189747768176,0.1603409452103772
2025-11-04,5,0.2205846123121042,0.1623939608284566,0.16239396082845658,0.24844120234268102,0.223931180565129,0.2339942547569811,0.16710564862913838,0.25053441874975,0.16195921010353562
2025-11-05,5,0.20933280573328633,0.17540270274588338,0.17540270274588338,0.2528207273356752,0.2237319077978493,0.23768542026414852,0.18646079221871759,0.24964179443643778,0.16448784717132867
2025-11-06,5,0.21553448555964635,0.2108813383697742,0.2108813383697742,0.2593567266000482,0.22709666407095047,0.2515048197229808,0.22230003498605974,0.25505105918314336,0.1660375215622894
2025-11-07,5,0.24987958947136862,0.20853895491303437,0.20853895491303437,0.25508060363676693,0.22086212616245424,0.2407855035018048,0.21492584474665466,0.24336427112478815,0.1566718389822795
2025-11-10,5,0.22071031690209228,0.23260178796690642,0.23260178796690642,0.2506650983856975,0.22360334918685337,0.25059760040104384,0.24199443963898032,0.24816966502797394,0.16416681898056099
2025-11-11,5,0.31720040263488836,0.2205846123121042,0.2205846123121042,0.2545855703336089,0.22295580434656423,0.24842970179846097,0.22531838719150876,0.2467230244414207,0.1620697914319694
2025-11-12,5,0.31429574082309525,0.20933280573328633,0.20933280573328633,0.23797145990082955,0.21953367011880212,0.23375149172060333,0.2153666511844193,0.24045718217439416,0.16109050579230583
2025-11-13,5,0.32294230399446433,0.21553448555964635,0.21553448555964635,0.24152734570962844,0.22497574071212514,0.24252035516330178,0.22342457732660284,0.2502354953613716,0.17886696325155316
2025-11-14,5,0.41533737986949737,0.24987958947136862,0.24987958947136862,0.24921656915231052,0.22950861625630023,0.25457179663138485,0.25959283703695957,0.25774405735651507,0.18919623039261793
2025-11-17,5,0.41532188571681894,0.22071031690209228,0.22071031690209225,0.248553102108587,0.22257786679380204,0.2376208477485787,0.22307239196222559,0.24475966372833563,0.1897881051746433
2025-11-18,5,0.37477772580838464,0.31720040263488836,0.3172004026348883,0.26716474413507924,0.25465684401367444,0.2901028561885196,0.33260515750116526,0.29969060868918773,0.24046103666124208
2025-11-19,5,0.3877856072834583,0.31429574082309525,0.31429574082309525,0.26181285312669184,0.24875111247325618,0.2702955671898307,0.31471237281880815,0.28672646607296387,0.22378961418960908
2025-11-20,5,0.3566147248463596,0.32294230399446433,0.32294230399446433,0.23433924218211485,0.25520230844231057,0.2636841295844236,0.32649033239858144,0.2955669761817968,0.23244712060861905
2025-11-21,5,0.21191996638533064,0.41533737986949737,0.41533737986949737,0.2735195798877027,0.2945870218186122,0.31965882593848594,0.4250554971352972,0.35869368965414866,0.2871763954027353
2025-11-24,5,0.21504828298493112,0.41532188571681894,0.41532188571681894,0.27354468306298524,0.2856534887881246,0.29615559312655854,0.41177120936141054,0.3384505189006452,0.2638940152818467
2025-11-25,5,0.13651702351239198,0.37477772580838464,0.3747777258083847,0.28584032544723403,0.29218747242678095,0.30811292895772086,0.3696127592497981,0.3453245096534869,0.23887942314940508
2025-11-26,5,0.07585055095755595,0.3877856072834583,0.3877856072834583,0.2799163097021631,0.2900774416990202,0.3028010202596677,0.3893877099540579,0.3375711178114623,0.22305698957105485
2025-11-27,5,0.09947100740933182,0.3566147248463596,0.35661472484635964,0.27764084248524756,0.28124521598598873,0.28531959629378967,0.35294053957289034,0.3188373785446763,0.22060212169976084
2025-11-28,5,0.09950722655197408,0.21191996638533064,0.21191996638533062,0.2783160038000695,0.2742895013676096,0.25787533824467535,0.20097709586777698,0.3042790222903899,0.19779776029112292
2025-12-01,5,0.11728122195030348,0.21504828298493112,0.21504828298493112,0.27807024272879083,0.2667295396535035,0.25699082466074763,0.2248271328789937,0.2893385229004579,0.20686814275017767
2025-12-02,5,0.11705583696104645,0.13651702351239198,0.136517023512392,0.2772529917262801,0.2593545583140034,0.23890880485053081,0.13651589216044122,0.2753982295141004,0.203344456302944
2025-12-03,5,0.15590778479465542,0.07585055095755595,0.07585055095755595,0.27100548993014845,0.25151070851319207,0.21944773107391102,0.08264229576610127,0.26116752457782166,0.20044951654017085
2025-12-04,5,0.1597144851739729,0.09947100740933182,0.09947100740933182,0.268542366228941,0.24638826177530057,0.22766916926707406,0.1154895511189824,0.25268233729693823,0.18872326501716422
2025-12-05,5,0.24759467338446398,0.09950722655197408,0.09950722655197408,0.2631140892965345,0.2407253588447074,0.22343131163210084,0.11109527520882817,0.24351549240865397,0.19387890371930253
2025-12-08,5,0.27334915974648677,0.11728122195030348,0.11728122195030348,0.26503514629877734,0.23675247865691496,0.2299697838481664,0.13094189545647414,0.23800686504177762,0.1991089377062384
2025-12-09,5,0.27638656425887576,0.11705583696104645,0.11705583696104645,0.2593256856367954,0.23035104861588518,0.22322693622313758,0.12801635877587753,0.2279271819618301,0.2035612988432026
2025-12-10,5,0.27742507707457026,0.15590778479465542,0.15590778479465542,0.2600889790850296,0.2304087597598244,0.23795477641816334,0.17051006189611712,0.23099367556809602,0.22017666802912023
2025-12-11,5,0.2679775696802272,0.1597144851739729,0.1597144851739729,0.2602981365525838,0.2269545016907897,0.23632576823265705,0.16890700724577376,0.22685154065932597,0.20770429308991736
2025-12-12,5,0.18215189856743755,0.24759467338446398,0.24759467338446395,0.26974851981832554,0.24503085545363834,0.27189491656769904,0.2643893661568268,0.2633067589465589,0.19731024368194683
2025-12-15,5,0.21527726502706235,0.27334915974648677,0.27334915974648677,0.270494782428736,0.24908365027303822,0.27300429809922905,0.2794489520214921,0.27080198883034867,0.2333397019781371
2025-12-16,5,0.21836680697145902,0.27638656425887576,0.27638656425887576,0.2717341558380958,0.24329819048075932,0.2674975839881075,0.2807111845146839,0.26008257109022337,0.22757896637273634
2025-12-17,5,0.19109923297505582,0.27742507707457026,0.27742507707457026,0.24902808291262024,0.2429510205357649,0.25835697401542845,0.28166448656196136,0.2598363685460791,0.24011000153403095
2025-12-18,5,0.1911851653310718,0.2679775696802272,0.2679775696802272,0.2476564770872494,0.23567630104291826,0.2477054434029569,0.2712924452732112,0.24686003182641447,0.22755281894315219
2025-12-19,5,0.2086633533827729,0.18215189856743755,0.18215189856743755,0.23628951723317998,0.22856770477861962,0.2215134047862806,0.17963949359943898,0.23472677488727106,0.2301091228916512
2025-12-22,5,0.1104801398929608,0.21527726502706235,0.21527726502706232,0.20767554620792017,0.24220456612108526,0.22553001525443228,0.22786785881310698,0.26162901242378617,0.2157258623138763
2025-12-23,5,0.09083454445144407,0.21836680697145902,0.21836680697145902,0.21005525900939376,0.23752705477817382,0.21812366659702,0.2247208933956278,0.25323865888885055,0.20026611112897563
2025-12-24,5,0.15570462806370486,0.19109923297505582,0.19109923297505582,0.1930479305237533,0.2303632814516058,0.19714763653127157,0.19559218937779155,0.24065730932466914,0.19206139897388594
2025-12-29,5,0.19902730572537314,0.1911851653310718,0.19118516533107177,0.18501979233133747,0.2235009944744134,0.19264587496006233,0.19960062282249125,0.22915369153677123,0.1827388380415892
2025-12-30,5,0.20707069489357768,0.2086633533827729,0.2086633533827729,0.18952561334359336,0.2215504391030661,0.20503394063658162,0.2179962285225748,0.22746339164511267,0.20131987828846365
2025-12-31,5,0.21893145283398754,0.1104801398929608,0.11048013989296077,0.18799578619111962,0.21515949675695448,0.17719792459419936,0.1091221514977384,0.21731919003087238,0.16942763400045088
2026-01-02,5,0.2336932591932854,0.09083454445144407,0.09083454445144404,0.18728806445613655,0.20881892026631138,0.1719022722439853,0.10247066679251071,0.20764955507917,0.18185250937211264
2026-01-05,5,0.20696768138302954,0.15570462806370486,0.15570462806370483,0.19647521842139712,0.21405656212458707,0.20097477578282055,0.17366216716501504,0.22070413504220002,0.1846001205215503
2026-01-06,5,0.20589893115375263,0.19902730572537314,0.19902730572537314,0.2056547738739017,0.21851971953305235,0.21594522152865353,0.21102412040048055,0.23094222690799007,0.1709710221515948
2026-01-07,5,0.1930162828070232,0.20707069489357768,0.20707069489357766,0.20922055771953962,0.2190771581902384,0.21794834879811706,0.21470540675760344,0.23315833784845896,0.17271510217624533
2026-01-08,5,0.17920305964484262,0.21893145283398754,0.21893145283398752,0.21070597802191807,0.21629843613652344,0.21921012460307027,0.22705860867417296,0.2290826449303763,0.1758714247027706
2026-01-09,5,0.15858236810895154,0.2336932591932854,0.2336932591932854,0.21167151918247604,0.2146432601585193,0.2238391370360049,0.24138824289207875,0.2272430037478119,0.17919567682608978
2026-01-12,5,0.14889857911530388,0.20696768138302954,0.20696768138302954,0.21339885541940234,0.21120023845174904,0.21750667505674914,0.2104930090569899,0.22216456695876657,0.17554773159390924
2026-01-13,5,0.10612512306753948,0.20589893115375263,0.20589893115375263,0.21587113316503084,0.21558455797257547,0.22357777665465073,0.2134901574063129,0.2316066423651814,0.18440926023322848
2026-01-14,5,0.22143220752892603,0.1930162828070232,0.1930162828070232,0.21580093566296643,0.21273307146978096,0.21641303266467113,0.19912091560157885,0.22724904108553817,0.18118457763640614
2026-01-15,5,0.25345105977782356,0.17920305964484262,0.17920305964484262,0.19351267512887474,0.20656106547753908,0.19546742435776523,0.1860806845083541,0.21700684548837387,0.1804859928341839
2026-01-16,5,0.26846550774665523,0.15858236810895154,0.15858236810895154,0.1816648529046233,0.20027888325161156,0.1822666105894334,0.16548291089577669,0.20698052598781683,0.17572937497467653
2026-01-19,5,0.2771959966930835,0.14889857911530388,0.14889857911530388,0.18063733347962105,0.1952172491524825,0.18223265647081255,0.1577546765101959,0.1996600249419184,0.18071738424085101
2026-01-20,5,0.29371724963078927,0.10612512306753948,0.10612512306753945,0.17594596175211213,0.19260895027803232,0.17226380184415901,0.11242877516586641,0.1972916971471103,0.19423053956492242
2026-01-21,5,0.2229597599399744,0.22143220752892603,0.221432207528926,0.20284548939082966,0.21856458921333327,0.22595937575128833,0.24348114501370133,0.2461819152763511,0.206755248780463
2026-01-22,5,0.3493693825430838,0.25345105977782356,0.25345105977782356,0.21175917272538192,0.2226954235856484,0.23157083339948825,0.26057741537525336,0.2526322795091091,0.17973833517558174
2026-01-23,5,0.4334442712250808,0.26846550774665523,0.26846550774665523,0.19780842517310168,0.2212978740533934,0.22340920756697297,0.27455332413249767,0.24927307280936137,0.16766994529515727
2026-01-27,5,0.45274479013839464,0.2771959966930835,0.2771959966930835,0.19892503519308738,0.21878846585585762,0.22520021684014496,0.2821332969169021,0.2442316978758438,0.12357502494542548
2026-01-28,5,0.5103530803121155,0.29371724963078927,0.29371724963078927,0.20688749415926447,0.22158738612793388,0.23699186036329878,0.29901912262240116,0.2486807907346209,0.16202768952942834
2026-01-29,5,0.5619914875441715,0.2229597599399744,0.2229597599399744,0.21042684278338114,0.21928393796745366,0.22046431932500113,0.220028015441954,0.24408156243922519,0.13810265817668366
2026-01-30,5,0.5112561507126437,0.3493693825430838,0.3493693825430838,0.2520651601290031,0.26756997739427807,0.29182485191573226,0.36764978493895273,0.3242845433761718,0.17391202554099944
2026-02-02,5,0.5028185533428905,0.4334442712250808,0.4334442712250808,0.2845239975814309,0.29899440621877765,0.3281164529763652,0.43894974096222017,0.3707922849176929,0.15470865963639366
2026-02-03,5,0.4851529793148778,0.45274479013839464,0.45274479013839464,0.2939573353248312,0.30166036688573933,0.3283128212508714,0.4502815241578188,0.36879110831718603,0.14975027371916777
2026-02-04,5,0.4331020927896927,0.5103530803121155,0.5103530803121155,0.31471323431759973,0.32601908728721096,0.3630991274509426,0.5112021961215915,0.4026117377028336,0.1442006852652648
2026-02-05,5,0.3645543672101152,0.5619914875441715,0.5619914875441715,0.3317329245383763,0.34417135579014907,0.38384962138969286,0.5589841750933794,0.4251384103283606,0.16312172396335295
2026-02-06,5,0.33897950123910364,0.5112561507126437,0.5112561507126437,0.33994373755478596,0.3484316098860069,0.37228053457678556,0.4975568002367323,0.42450581880364097,0.1782105908929405
2026-02-09,5,0.23558227739980467,0.5028185533428905,0.5028185533428905,0.36019238192436254,0.36558581627368825,0.38892186492133923,0.49668379907351845,0.44571111046698875,0.17292145515316176
2026-02-10,5,0.2270732251184852,0.4851529793148778,0.4851529793148778,0.3597905200414337,0.35687962359747455,0.36971567353928236,0.47765609304302736,0.4235190513425693,0.15226647919878378
2026-02-11,5,0.17405616252004716,0.4331020927896927,0.4331020927896927,0.3653857599563361,0.3551505195967886,0.36754122374025344,0.4237988087895195,0.4144394171986645,0.16268902872805757
2026-02-12,5,0.18597742483417154,0.3645543672101152,0.3645543672101152,0.3627611690832134,0.34742409361614807,0.3454864085422067,0.35674571109079933,0.3957703235814578,0.1621193519432497
2026-02-13,5,0.1852785872204735,0.33897950123910364,0.33897950123910364,0.36612876494449553,0.34368787497977865,0.345231994586265,0.33805536777250306,0.3851361871031908,0.17222467929188512
2026-02-16,5,0.1970591205251625,0.23558227739980467,0.23558227739980472,0.3678402834122758,0.3357742154064377,0.31910946519131017,0.22846030605573694,0.36773131663224934,0.1712119680517015
2026-02-17,5,0.1929767968841127,0.2270732251184852,0.22707322511848518,0.36842670622130835,0.3263861093434522,0.31475671308889147,0.2339998410893055,0.3484691748815169,0.16857388086374978
2026-02-18,5,0.25525517875823855,0.17405616252004716,0.17405616252004716,0.36802339660352457,0.31649141860215,0.29994152419640696,0.17579242338877923,0.3290671894338117,0.16693873248757532
2026-02-19,5,0.24961400068989797,0.18597742483417154,0.1859774248341715,0.37033667344704335,0.31238429564595904,0.31212701965011397,0.19654996811828895,0.3215156654688305,0.15786417584351142
2026-02-20,5,0.2239518491536689,0.1852785872204735,0.1852785872204735,0.3613160722027066,0.3103403641313873,0.3078478026229145,0.19299068491443666,0.31829464355108567,0.18693730768682815
2026-02-23,5,0.2592526554494578,0.1970591205251625,0.1970591205251625,0.3595241724779821,0.3059313082879073,0.30736754777580005,0.20623201287815376,0.3106712311205935,0.171087852453539
2026-02-24,5,0.3230515907950898,0.1929767968841127,0.19297679688411273,0.35699370218725685,0.29673031472670874,0.2975584644379498,0.20001907030965088,0.293998992056381,0.17181663262655777
2026-02-25,5,0.35606034317264046,0.25525517875823855,0.25525517875823855,0.36422478393618934,0.301945516211293,0.32863961285047427,0.2683797918578865,0.3064251800493512,0.17880652479055867
2026-02-26,5,0.34923136667259314,0.24961400068989797,0.249614000689898,0.3625518628742236,0.29710865216634375,0.31996828459533605,0.25305524047853734,0.2983872473693401,0.1823861340543122
2026-02-27,5,0.4304129269747053,0.2239518491536689,0.22395184915366886,0.361462127740607,0.28967836107173794,0.31043963893144777,0.22727435573545104,0.2855741246068496,0.16908676066883901
2026-03-02,5,0.5025349046321486,0.2592526554494578,0.25925265544945775,0.3408794726258222,0.2950550534466248,0.31506804298026897,0.2690294554426471,0.29856995082525073,0.18918851932721953
2026-03-03,5,0.47788536767764134,0.3230515907950898,0.3230515907950898,0.3279646134886263,0.3050404972922876,0.3238182227337452,0.3325671012135819,0.31901049649097696,0.23159588259865135
2026-03-04,5,0.4416000719363501,0.35606034317264046,0.35606034317264046,0.33769944179871497,0.32030744894785373,0.3397005056350879,0.35978756422460223,0.3472518418637009,0.24662332880226362
2026-03-05,5,0.45425197134004086,0.34923136667259314,0.34923136667259314,0.3137964401725819,0.31236012246177186,0.3098585483242882,0.3487151876460282,0.3311795870776364,0.22214304302082077
2026-03-06,5,0.37523933776785645,0.4304129269747053,0.4304129269747053,0.3155385829385488,0.3341241568075911,0.34563998531345086,0.43820958840769314,0.37014701531175,0.257029157324157
2026-03-09,5,0.2799776320744002,0.5025349046321486,0.5025349046321487,0.33777757584875556,0.36510980909341306,0.37941609960397277,0.5043408711422639,0.42189895935088667,0.34651002684665094
2026-03-10,5,0.2620229822257816,0.47788536767764134,0.4778853676776413,0.31896530465064177,0.3595447956962794,0.3462335185220136,0.4686996454737174,0.4070424754976434,0.2613355009749301
2026-03-11,5,0.22768925286127673,0.4416000719363501,0.4416000719363501,0.32315743058548574,0.3558610843238362,0.342130757435573,0.43416982546584737,0.39644838610308675,0.23298627777824252
2026-03-12,5,0.3797783648796092,0.45425197134004086,0.45425197134004086,0.3208374070194455,0.3515209091925336,0.34295446714958555,0.452546747436368,0.38539231863752527,0.25909359500858
2026-03-13,5,0.40565743947469246,0.37523933776785645,0.3752393377678565,0.31850692700568317,0.34119654393110016,0.3160856194165102,0.3644122453426224,0.3640609060561822,0.25382358368337243
2026-03-16,5,0.42675396603841953,0.2799776320744002,0.2799776320744002,0.32465141501381223,0.3450646439650721,0.3114389348517937,0.2730117357752811,0.3700323341941547,0.26516745336873393
2026-03-17,5,0.46836242064755107,0.2620229822257816,0.2620229822257816,0.32383868308718444,0.3361124817786943,0.2966861632725755,0.26588518039537135,0.3519863063098907,0.22464164341390977
2026-03-18,5,0.5681821202134358,0.22768925286127673,0.22768925286127673,0.32326061690729285,0.3259911179921797,0.285020404882456,0.22959220447490186,0.33248072529855743,0.2038059078887668
2026-03-19,5,0.46646549508799523,0.3797783648796092,0.3797783648796092,0.36064424960256297,0.3635090433282396,0.36792503177212005,0.3994019775279539,0.402482896353992,0.26670238058566875
2026-03-20,5,0.4452179536460603,0.40565743947469246,0.40565743947469246,0.36385709464730565,0.36134547126626887,0.36007693985500455,0.40454483029765165,0.39547404945340464,0.25272353416497173
2026-03-23,5,0.410136965249462,0.42675396603841953,0.42675396603841953,0.3749490968572497,0.3710041040831178,0.37811367848776706,0.42672399308681186,0.4102772058377409,0.24758047013862292
2026-03-24,5,0.3591116981203392,0.46836242064755107,0.4683624206475511,0.3845192822213146,0.37630425695027087,0.3913772817647425,0.46884292675227845,0.4165761284996819,0.24736487904724067
2026-03-25,5,0.35875538898325804,0.5681821202134358,0.5681821202134357,0.4153254801261221,0.4052477935712746,0.4423976337988146,0.5713947815050663,0.46434824666986163,0.2540614584458583
2026-03-26,5,0.3899637827459932,0.46646549508799523,0.4664654950879953,0.407870429316261,0.3937572815430432,0.39209737662827204,0.44728178187951667,0.4384963664871837,0.21959228182996882
2026-03-27,5,0.42948634265974944,0.4452179536460603,0.4452179536460603,0.4058964843622659,0.382479873852888,0.385864586736545,0.4409834205439156,0.41422154334258743,0.23419406313979058
2026-03-30,5,0.5160985982598245,0.410136965249462,0.410136965249462,0.410726002257493,0.3787071724843605,0.389371002974296,0.4038067992247286,0.4049097235992163,0.2604581356173093
2026-03-31,5,0.5177807652243126,0.3591116981203392,0.3591116981203392,0.40318393582453904,0.3677745652538432,0.36483221643806163,0.3535077486741437,0.38276768754530277,0.25865087749944243
2026-04-01,5,0.4072216970905406,0.35875538898325804,0.35875538898325804,0.42224546220056386,0.3977223682916456,0.4003751622273083,0.35990633710240244,0.4374975771309418,0.24915197923911617
2026-04-02,5,0.37494066105956886,0.3899637827459932,0.38996378274599325,0.4151871608191259,0.39544223743714996,0.389236342449647,0.39287392218797357,0.4300055421482283,0.26418305610640325
2026-04-07,5,0.3373308344118102,0.42948634265974944,0.4294863426597494,0.42383009464636,0.3965562561656166,0.40534026873849144,0.4312718436395159,0.429276518488961,0.26307141572539633
2026-04-08,5,0.11421116514370457,0.5160985982598245,0.5160985982598245,0.4335965430274784,0.4222522298898213,0.44181435001480124,0.5199927362665238,0.4729858375673643,0.2607623200582421
2026-04-09,5,0.12613760027929954,0.5177807652243126,0.5177807652243126,0.4077511472968266,0.4105667204332163,0.4043785344476506,0.5098426983444279,0.447269793699156,0.18393945520833302
2026-04-10,5,0.12133707017433973,0.4072216970905406,0.4072216970905407,0.40422714424494244,0.3985114128577478,0.37594286859644693,0.3913460853844342,0.42201473347580204,0.21695219190771955
2026-04-13,5,0.12003356204141663,0.37494066105956886,0.3749406610595689,0.39927537505299854,0.3865105792493995,0.36447423554483116,0.3723541496465771,0.39788553437395724,0.2025512495603648
2026-04-14,5,0.08379368846164721,0.3373308344118102,0.3373308344118102,0.3969830944931239,0.37769730592354944,0.3604388984982531,0.334142510747365,0.38088304830898795,0.2155419165369293
2026-04-15,5,0.07980520880958387,0.11421116514370457,0.11421116514370457,0.39697207247386435,0.366533848816762,0.3062428081422668,0.0973684789740874,0.35991236934369175,0.1813565954383464
2026-04-16,5,0.06496441676232971,0.12613760027929954,0.12613760027929952,0.3890829914696623,0.3579274965633688,0.30820493210546374,0.1423231892063583,0.3448767377467332,0.18691514514975568
2026-04-17,5,0.0883005646144367,0.12133707017433973,0.12133707017433971,0.38801843807152925,0.34702907733050786,0.30008621005024966,0.13103972694561006,0.3256070995012951,0.17655996647456296
2026-04-20,5,0.13355851117886136,0.12003356204141663,0.12003356204141662,0.3879534599197058,0.336477047615361,0.29988937299311125,0.1311429867257996,0.3076421322662819,0.18724610770968778
2026-04-21,5,0.15582121442468802,0.08379368846164721,0.08379368846164721,0.35344939710266304,0.3262453768607815,0.2708090705958504,0.09183492012281214,0.29087010103336175,0.17932923667018896
2026-04-22,5,0.1650224035334762,0.07980520880958387,0.07980520880958389,0.34629865438237956,0.31639414126438486,0.2659388897213306,0.0928125236821955,0.27537124689091735,0.17892642788438384
2026-04-23,5,0.2345516167784458,0.06496441676232971,0.06496441676232972,0.3301950504986086,0.30867497939398586,0.2568465811005076,0.0765806465745521,0.26518486366752286,0.1755502417697432
2026-04-24,5,0.2720909598332453,0.0883005646144367,0.0883005646144367,0.3165207160251711,0.3010651522410772,0.253264120324207,0.1040626171909399,0.2554778933544949,0.18810616612179804
2026-04-27,5,0.2577751209263031,0.13355851117886136,0.13355851117886136,0.2790886869819495,0.2970310624990091,0.2440008598830319,0.14940512874228057,0.2543895778390251,0.20269523297466743
2026-04-28,5,0.24612138018529414,0.15582121442468802,0.15582121442468802,0.28089202859923285,0.2913396094187579,0.24823105581918875,0.1674046121077015,0.24915839081388136,0.18019950276237037
2026-04-29,5,0.29211861371552134,0.1650224035334762,0.16502240353347616,0.2814456520033902,0.2841250679454884,0.24842438474964718,0.17494009833212243,0.2403600523795174,0.18312528562070346
2026-04-30,5,0.33802513580483295,0.2345516167784458,0.23455161677844577,0.2864906590512553,0.2922316830796887,0.2774406812087433,0.24928635189163695,0.26649420812953617,0.19945266396111513
2026-05-01,5,0.3080647597377172,0.2720909598332453,0.2720909598332453,0.29513951750181944,0.29505576017259616,0.2886449374588012,0.2799649465926345,0.27780255291669614,0.19863463706709367
2026-05-04,5,0.3048408642155159,0.2577751209263031,0.2577751209263031,0.2511320387335341,0.28737505811574665,0.2502562761714393,0.2602957071606889,0.2659648633595723,0.17834734649904935
2026-05-05,5,0.36275968321829377,0.24612138018529414,0.24612138018529417,0.23898863053214045,0.27894916720161,0.23815293603818138,0.2502860512729792,0.2529016815644616,0.18592446398738544
2026-05-06,5,0.3448866006636099,0.29211861371552134,0.29211861371552134,0.23581859305134503,0.28550333994137983,0.25874439149636397,0.30153821621269833,0.27216872882103527,0.19075029841159738
2026-05-07,5,0.24151185557245014,0.33802513580483295,0.33802513580483295,0.21415737412636252,0.30792152521758265,0.2627439579065952,0.34438839304631724,0.3198064103834534,0.18685082031788852
2026-05-08,5,0.3265507938195121,0.3080647597377172,0.3080647597377172,0.21417492932683566,0.30017012391121434,0.23978907449756431,0.30610564712744354,0.3053597933296779,0.21224107264489156
2026-05-11,5,0.3930614844315801,0.3048408642155159,0.3048408642155159,0.2137984729799248,0.29129570970960894,0.23593919436531915,0.3077857222013562,0.2893422975859865,0.19864614081429255
2026-05-12,5,0.3394410866678666,0.36275968321829377,0.36275968321829377,0.23446974810048862,0.3025644872493603,0.2764708538927291,0.3703594840366053,0.3132789819757914,0.19533600420220168
2026-05-13,5,0.3565937811918301,0.3448866006636099,0.3448866006636099,0.2384066117216645,0.3010423295494487,0.26850101187886816,0.3425173001572551,0.3109490607806524,0.19794707332376735
2026-05-14,5,0.39686597910006627,0.24151185557245014,0.24151185557245014,0.23800259396740697,0.2918861008181957,0.23506746202336612,0.2341619881153525,0.29403864123321255,0.17663987825971864
2026-05-15,5,0.33855929703700943,0.3265507938195121,0.3265507938195121,0.25975377911865855,0.30911689861041447,0.28624575897578175,0.3410278718569512,0.3283151750711515,0.20527335606268562
2026-05-18,5,0.30302536549310605,0.3930614844315801,0.3930614844315801,0.2810506442876718,0.32301060024345113,0.31339115172695403,0.39871084233475235,0.35324122507875944,0.2445788387498451
2026-05-19,5,0.30302659333668747,0.3394410866678666,0.3394410866678666,0.2810319668963281,0.3131706293840867,0.28267655877531944,0.3327795684548984,0.3333059147514207,0.20730462563627244
2026-05-20,5,0.260940347049206,0.3565937811918301,0.35659378119183016,0.29230452772979354,0.31677576601593366,0.30742802115977974,0.3602856014408234,0.33930459320627876,0.22373898114664387
2026-05-21,5,0.2921388944766795,0.39686597910006627,0.39686597910006627,0.3043508782958895,0.32161734666326297,0.32456714815259624,0.4002309684135107,0.3472236099061746,0.21560178193116183
2026-05-22,5,0.338618699371021,0.33855929703700943,0.3385592970370095,0.3061996432394693,0.31596677545890595,0.3057537128310997,0.331622054098398,0.3354471610267629,0.19416873468247503
2026-05-25,5,0.3030551100354746,0.30302536549310605,0.30302536549310605,0.3146362729860681,0.3186240443569511,0.3086072801790665,0.30236612457460216,0.3397698489083081,0.2020172809224406
2026-05-26,5,0.3156324462293467,0.30302659333668747,0.3030265933366875,0.3107973230698146,0.3089180702003498,0.2927274997765651,0.30631973103286136,0.3208176011997255,0.1880018277023117
2026-05-27,5,0.32094275976257436,0.260940347049206,0.260940347049206,0.3096333272963644,0.301230094110619,0.2875257683764427,0.2601223086857325,0.30653181656095135,0.17855500039101257
2026-05-28,5,0.3053460546695666,0.2921388944766795,0.2921388944766795,0.32629101088704776,0.31556840938570285,0.31814404855422784,0.30021495571267254,0.33475210021359386,0.22049780765943153
2026-05-29,5,0.2778590977598576,0.338618699371021,0.33861869937102107,0.32857292189617865,0.32404816199301784,0.32792620247933685,0.34519284746505513,0.34978349228486977,0.19745389778924852
2026-06-01,5,0.33148461474225377,0.3030551100354746,0.30305511003547453,0.32130390719305724,0.31549499219507904,0.30344620761194585,0.3005578335658495,0.3326043116935918,0.19298464934878043
2026-06-02,5,0.3357854142322654,0.3156324462293467,0.3156324462293467,0.32325529033312217,0.3096767128230111,0.3104851877876161,0.320222417406919,0.3213745058380824,0.20309847812421905
2026-06-03,5,0.3268979211867112,0.32094275976257436,0.32094275976257436,0.32553774933788476,0.3036360133510602,0.31258914986027325,0.3233217137589339,0.3102699247441169,0.2071867644499144
2026-06-04,5,0.3738254952823916,0.3053460546695666,0.3053460546695666,0.3291617739924855,0.3130829792326328,0.3208277968392351,0.3059933994059354,0.32912309811199675,0.23260416752474528
2026-06-05,5,0.45216538378536353,0.2778590977598576,0.2778590977598576,0.31486103464797577,0.31421223695573963,0.30208421574183514,0.2785333360629273,0.3310506164595023,0.22892923060542564
2026-06-09,5,0.41111020787836283,0.33148461474225377,0.3314846147422538,0.3268064072651629,0.3216190184504309,0.32469191668590897,0.34037642713124017,0.34445896301414003,0.2626425294090037
2026-06-10,5,0.40303456598051524,0.3357854142322654,0.33578541423226543,0.33047535005494666,0.3169040952687022,0.3206339020948759,0.3366847630027103,0.3346985274474805,0.23256644990161274
2026-06-11,5,0.41246694410242035,0.3268979211867112,0.32689792118671124,0.3163639906862307,0.30770891655663707,0.3039724470681158,0.32754792171257247,0.3170145541499638,0.2480537022259737
2026-06-12,5,0.4308724978966145,0.3738254952823916,0.3738254952823916,0.3365999894352917,0.3320037329617108,0.3467284902644771,0.37965356027728375,0.3625128801939555,0.23181787447097363
2026-06-15,5,0.31530470954904916,0.45216538378536353,0.45216538378536353,0.3659634826623875,0.36002074255566413,0.3844430421701788,0.45754765159407973,0.41022045345547853,0.21442446628838863
2026-06-16,5,0.32827692600707864,0.41111020787836283,0.4111102078783628,0.34878919099193784,0.3490539822892329,0.33993812390900663,0.40251564731933903,0.38639999799254854,0.19297151968208406
2026-06-17,5,0.3311530137386811,0.40303456598051524,0.40303456598051524,0.3333231487275385,0.3402229846081015,0.33419007657486133,0.401195355898202,0.3675509627025672,0.20157653670954176
2026-06-18,5,0.36635517886023133,0.41246694410242035,0.41246694410242035,0.3363921542284712,0.33376110939892484,0.3406974856778056,0.41159999389011376,0.3539845928645638,0.21763298674486756
2026-06-19,5,0.23237192266687737,0.4308724978966145,0.4308724978966145,0.356687840978469,0.3613753122586984,0.3742371946652893,0.43014867402511775,0.40314663881123813,0.26473911390209126
2026-06-22,5,0.23750951523195554,0.31530470954904916,0.31530470954904916,0.34655357285114946,0.35055444591298734,0.3189780881916679,0.30236700597299515,0.3802218326378748,0.23966801403289037
2026-06-23,5,0.24411304695246538,0.32827692600707864,0.3282769260070787,0.34644099391089433,0.3435409175741867,0.3278084545192834,0.33367962925908146,0.36534347987375737,0.2503177034189661
2026-06-24,5,0.23257502158063453,0.3311530137386811,0.3311530137386811,0.3396342909176868,0.33575501707272853,0.3231443475565272,0.33257195222960945,0.3497628441528491,0.2646497537217304
2026-06-25,5,0.14685642853068057,0.36635517886023133,0.3663551788602313,0.35107374845901046,0.3404755274874881,0.34686527297393693,0.370876581447629,0.35850935954297175,0.270773355229442
2026-06-26,5,0.1971211831118231,0.23237192266687737,0.23237192266687737,0.3519526999178143,0.33283896194762086,0.30850023950602207,0.22048304445476402,0.3435517832280068,0.22227441288030272
2026-06-29,5,0.1926664261134658,0.23750951523195554,0.23750951523195551,0.3364673009494346,0.32402301792833627,0.2982018607883157,0.24630502415359568,0.3269864973190204,0.20681219945068754
2026-06-30,5,0.23935115402248855,0.24411304695246538,0.24411304695246538,0.3269695914319577,0.3196104375796688,0.2985031273496071,0.2499785365353155,0.31974116496960914,0.21852179759295806
2026-07-01,5,0.2704296991045682,0.23257502158063453,0.23257502158063456,0.32613349498935856,0.31010330755600957,0.2880878910386736,0.23698041331640046,0.3027018827947307,0.20519665506219723
2026-07-02,5,0.2979672122506989,0.14685642853068057,0.14685642853068057,0.32352398611588945,0.3009866406915069,0.2676324744699291,0.14585672873979608,0.28704999946479026,0.19045077946672676
2026-07-03,5,0.3116046188070263,0.1971211831118231,0.1971211831118231,0.3295413328729404,0.3035753124564277,0.2932161898855955,0.21258124187882527,0.2959291144329159,0.20323545932734388
2026-07-06,5,0.3132872632135202,0.1926664261134658,0.1926664261134658,0.31598943849269284,0.29489594337910985,0.27384237087454694,0.1987706394695102,0.28125099111248403,0.1827130203199321
2026-07-07,5,0.2607554200809896,0.23935115402248855,0.23935115402248855,0.31963579510531037,0.3020856798354731,0.2987458607057516,0.2511955926148636,0.29928496744920385,0.1874303220110876
2026-07-08,5,0.24816677557291864,0.2704296991045682,0.2704296991045682,0.3124309485133733,0.3011240045357214,0.29706340879098303,0.2778423443923592,0.2996144003200741,0.2043037678906049
2026-07-09,5,0.2312311427178172,0.2979672122506989,0.2979672122506989,0.31458106966818683,0.30021581831373073,0.3045290161027715,0.30409740408596553,0.29989619885401425,0.22070055424658014
2026-07-10,5,0.2518402630838988,0.3116046188070263,0.3116046188070263,0.32599468513294966,0.3069466548249169,0.3187359552205071,0.31533919587681497,0.31475216779087767,0.21126109163174053
2026-07-13,5,0.25226210516413894,0.3132872632135202,0.31328726321352024,0.2999089442656232,0.29868686032551944,0.29223025885208903,0.31564802757567084,0.29973910510161533,0.20818540447659012
2026-07-14,5,0.2607985288902417,0.2607554200809896,0.2607554200809896,0.2639631238498435,0.29038648664784705,0.2581889386179348,0.25865103872503153,0.2852510527036371,0.21257738361045542
2026-07-15,5,0.29475352318070425,0.24816677557291864,0.24816677557291866,0.2683947675977302,0.2867718856036659,0.26314415806473557,0.25267686387123217,0.28070700012633104,0.20961166162791822
2026-07-16,5,0.2928940940427206,0.2312311427178172,0.23123114271781722,0.27021518208401274,0.2824226740087119,0.2596533339686643,0.23513192590958573,0.2748277220091095,0.19919627580352312
2026-07-17,5,0.2720767918746251,0.2518402630838988,0.2518402630838988,0.2843703085514381,0.2957329866741651,0.28238720566684145,0.25981563446731204,0.3036171509248364,0.2254650526631898
2026-07-20,5,0.3109959949035385,0.25226210516413894,0.25226210516413894,0.24676749932175984,0.28796680620809995,0.2466210200787684,0.25694731216304717,0.28969117145647316,0.22735155887206973
2026-07-21,5,0.3285713105992161,0.2607985288902417,0.2607985288902417,0.24939939376730116,0.28235899314224794,0.25250924695998433,0.26657771348846154,0.28057019047428083,0.2299641651703102
2026-07-22,5,0.29863050691194404,0.29475352318070425,0.29475352318070425,0.2589649979239276,0.28909409613014503,0.27375013206406884,0.3021065912244094,0.2957669561637817,0.22577624299034757
2026-07-23,5,0.2960311915928239,0.2928940940427206,0.2928940940427206,0.2594833966875883,0.28406303030397606,0.26641637235228943,0.29531221823681736,0.287294692228385,0.23429676010388834
2026-07-24,5,0.2692671667511718,0.2720767918746251,0.2720767918746251,0.2579446450485639,0.29120977421868616,0.2683416093249752,0.273667221102623,0.3024303514793041,0.25843331829807475
2026-07-27,5,0.21787346984054082,0.3109959949035385,0.3109959949035385,0.2665821739800491,0.29535931529266046,0.2810570985970122,0.3187506402778304,0.3107163838078197,0.23514382596397543
2026-07-28,5,0.19859790616987777,0.3285713105992161,0.3285713105992161,0.272898279624067,0.29521566562847895,0.28651547126861276,0.3317257416483598,0.3104718831575517,0.23066994403347085
2026-07-29,5,0.2984488187221354,0.29863050691194404,0.29863050691194404,0.27222760723640943,0.29141356420197245,0.27679812315918273,0.29753520410421164,0.3034293734163335,0.2421771097820797
2026-07-30,5,0.30206332764358007,0.2960311915928239,0.2960311915928238,0.2744415043016381,0.2854711404875605,0.2754104177290067,0.29931938147013054,0.2927036796365739,0.24932607755295388
2026-07-31,5,0.29355266370775046,0.2692671667511718,0.26926716675117185,0.28047020218103674,0.2846367573990444,0.2770251055918732,0.27007653977862156,0.29221475812163666,0.2290824543241192
2026-08-03,5,0.3142066101283451,0.21787346984054082,0.21787346984054085,0.27040072602284126,0.27598621643047855,0.24967181804230212,0.21829985591899398,0.27674225001426145,0.20422940769410863
2026-08-04,5,0.3052979932264149,0.19859790616987777,0.19859790616987777,0.273908811240243,0.27265245939211824,0.2550161664608246,0.2043800259004295,0.27228066855966476,0.21248314461084866
2026-08-05,5,0.18345606479153892,0.2984488187221354,0.2984488187221354,0.2857887069396168,0.29625476542440493,0.2971009074342584,0.31446977527804565,0.3184581560761354,0.22721881545581135
2026-08-06,5,0.17065654202443642,0.30206332764358007,0.3020633276435801,0.282187972111878,0.29123746050609056,0.28250914719157194,0.3035648338206032,0.3084910733571344,0.19377559648135181
2026-08-07,5,0.2280578513152637,0.29355266370775046,0.29355266370775046,0.2793596209793474,0.28744271528637727,0.2797819341187837,0.29580881097337497,0.30131390631724425,0.20675176337400464
2026-08-10,5,0.2371787774851139,0.3142066101283451,0.3142066101283451,0.27111668391511023,0.28538236973784686,0.28064772680690525,0.31923133134986525,0.2977492758786624,0.2019960394309213
2026-08-11,5,0.2295837199800951,0.3052979932264149,0.3052979932264149,0.2717523865280231,0.27864297557665657,0.2746559946105359,0.30642408517439346,0.2855794213834496,0.1777699700677375
2026-08-12,5,0.2296317610426057,0.18345606479153892,0.18345606479153892,0.27110818244265,0.27019632958459955,0.24264200074635833,0.17611022505729562,0.2706518509481923,0.18065578379562472
2026-08-13,5,0.3427638462434048,0.17065654202443642,0.17065654202443642,0.26814314033511216,0.26378843216748543,0.24197466658406952,0.1797810361927389,0.26029421752816345,0.1796798896071259
2026-08-14,5,0.29326105123773655,0.2280578513152637,0.2280578513152637,0.2787378411123933,0.27416875617981556,0.27162206384424115,0.24146973444039221,0.2827510699238799,0.20042776762938286
2026-08-17,5,0.303026109691713,0.2371787774851139,0.23717877748511393,0.26794994683046863,0.275151947833141,0.2628607894970517,0.2430378850660057,0.28560561884638197,0.2037666111196751
2026-08-18,5,0.3053909692899016,0.2295837199800951,0.2295837199800951,0.2669224182941085,0.26681069886384684,0.2502856833515549,0.2345953079470705,0.27068327802113645,0.19972883431255
2026-08-19,5,0.3058630571949479,0.2296317610426057,0.2296317610426057,0.26431104902544655,0.2587391613178791,0.24882680032525528,0.23578114465406552,0.25686270720561744,0.20566235774861497
2026-08-20,5,0.1791901121211656,0.3427638462434048,0.3427638462434048,0.2814040217166974,0.2886429156982271,0.3056430269162279,0.35824063259000577,0.31451298180134046,0.21577307636713355
2026-08-21,5,0.1798814326162072,0.29326105123773655,0.29326105123773655,0.27882969154833526,0.28040965731726203,0.2737537135153923,0.2881189032753605,0.29850965182864925,0.1834275838162229
2026-08-24,5,0.1786830039203151,0.303026109691713,0.303026109691713,0.2757445217282528,0.2840930006167388,0.2840825786799369,0.30812468494863476,0.30498079504001974,0.18778034990013057
2026-08-25,5,0.18120089058012612,0.3053909692899016,0.3053909692899016,0.26537707238823804,0.2762604199044112,0.2689519143383158,0.3079954701261406,0.2901614484942412,0.17709425563004527
2026-08-26,5,0.26903726430150265,0.3058630571949479,0.3058630571949479,0.2577404066307932,0.26806059321022585,0.2628634427676101,0.3085229093747769,0.2752979266039794,0.18955573543768994
2026-08-27,5,0.27582419822485427,0.1791901121211656,0.1791901121211656,0.2561247162096099,0.26362415498424074,0.23868564789294283,0.17120848588872653,0.26819032819175936,0.192987005716076
2026-08-28,5,0.27421321077714605,0.1798814326162072,0.17988143261620718,0.2541353456131946,0.2563513810028757,0.23383326475557648,0.1904086636562194,0.2559530471676288,0.17606437148996557
2026-08-31,5,0.2302758514547638,0.1786830039203151,0.17868300392031508,0.2576311418735931,0.26161266439945186,0.2451404504446324,0.18652508276225171,0.26822962207556217,0.18553653748324261
2026-09-01,5,0.22669599093606996,0.18120089058012612,0.18120089058012612,0.2587285184061769,0.2550687665064993,0.2379184873985559,0.18976900208457373,0.2572570889910704,0.18801984596809512
2026-09-02,5,0.14780507295635859,0.26903726430150265,0.2690372643015026,0.2725306507579184,0.27043762379125846,0.27854059291795474,0.2845019978796051,0.28767934011949264,0.2134568264749407
2026-09-03,5,0.14459521895727814,0.27582419822485427,0.27582419822485427,0.2500127358633333,0.267974442512872,0.25816167985188815,0.2791188054330607,0.28319893236448784,0.20829669972285628
2026-09-04,5,0.2656303458865626,0.27421321077714605,0.27421321077714605,0.2465025264988546,0.26004624565175644,0.24889705163571157,0.2780949949324317,0.26887999889531383,0.2047580754890786
2026-09-07,5,0.26658119560653915,0.2302758514547638,0.23027585145476379,0.2418302156759518,0.252160562319119,0.23522693404808817,0.23060857869342274,0.2552230412399549,0.19416910212356325
2026-09-08,5,0.30949524472503176,0.22669599093606996,0.22669599093606993,0.23594549040186097,0.24495804588571354,0.2325663067698231,0.233105790218508,0.2434061641370521,0.20851892508044195
2026-09-09,5,0.3053194110591166,0.14780507295635859,0.14780507295635856,0.23933732344508643,0.2439688402820878,0.22315980665069324,0.14732378827790682,0.2441004848704911,0.19997127412848026
2026-09-10,5,0.29163622422216784,0.14459521895727814,0.14459521895727812,0.24386686240395847,0.2423426554135823,0.22464864032172374,0.1553688798966832,0.24338761177244714,0.20796609957135076
2026-09-11,5,0.21650357442216092,0.2656303458865626,0.2656303458865626,0.2657614875514788,0.264998192476816,0.27557834144763305,0.2854193899283919,0.2871106967165675,0.24311301443768504
2025-01-02,21,0.15212673735507337,0.18997578723636804,0.18997578723636815,0.18997578723636815,0.17814478761362815,0.20921856218143295,0.19089959159390754,0.2210584588028864,0.16631038827370934
2025-01-03,21,0.15723594410218625,0.18986108373742297,0.18986108373742308,0.18986108373742308,0.17281683279131707,0.20381456728126382,0.1907398380144486,0.21330975912939373,0.16017340171023164
2025-01-06,21,0.16290792499979528,0.19715483800711506,0.19715483800711517,0.19715483800711517,0.17787725525480022,0.22354007293192635,0.1996817810127406,0.2220299669228303,0.16413452293290978
2025-01-07,21,0.16597604393431956,0.19699524121246803,0.19699524121246811,0.19699524121246811,0.17419503707076758,0.2196147729843424,0.19746731962639685,0.21671937452435477,0.1677889445786474
2025-01-08,21,0.16044367071088517,0.2015792067282862,0.2015792067282863,0.2015792067282863,0.1756461962680626,0.22853586452363067,0.20356399878126688,0.21957315763457208,0.170197158552547
2025-01-09,21,0.16149637334795633,0.20103239585711924,0.20103239585711932,0.20103239585711932,0.17048890160884522,0.219934589024154,0.20151917900402813,0.2120626198803381,0.17031330722950325
2025-01-10,21,0.1552641103470125,0.20536922490440992,0.20536922490441,0.20536922490441,0.1739966490262277,0.2342493365850034,0.20727570928197522,0.21826462441841113,0.17386836457553373
2025-01-13,21,0.15687134861850277,0.1742459089798875,0.17424590897988762,0.17424590897988762,0.16920839597146092,0.20131946637065712,0.16797295154844527,0.2113344966698425,0.18427154058221978
2025-01-14,21,0.16115676833937884,0.17806727298505248,0.1780672729850526,0.1780672729850526,0.16992631651700252,0.21072635017045896,0.18150500095004896,0.2132042776556287,0.18203885450829876
2025-01-15,21,0.16182918699341495,0.17837671543795378,0.17837671543795391,0.17837671543795391,0.16520060719539048,0.2023782299782716,0.17883131009755876,0.20656625280476623,0.18538205739451677
2025-01-16,21,0.1589123938333019,0.16753723903292547,0.1675372390329256,0.1675372390329256,0.1649471369773174,0.20153337282042935,0.1661989582464088,0.20712255623172532,0.18268558889179082
2025-01-17,21,0.15919782884855144,0.14644696081237726,0.1464469608123774,0.1464469608123774,0.16026034012971782,0.17709072477296883,0.14329514375885055,0.2007742084801096,0.1858443826526577
2025-01-20,21,0.15923013957416057,0.1463894930633867,0.14638949306338683,0.14638949306338683,0.15557553170140195,0.17637500737113176,0.1483907226304555,0.19470032937887477,0.17470861530699752
2025-01-21,21,0.16441873135819227,0.14891716965389235,0.1489171696538925,0.1489171696538925,0.15407340237487735,0.17885907102909576,0.15032677019737495,0.1938193736379434,0.1819989550456607
2025-01-22,21,0.17043597986874928,0.12999815339139392,0.12999815339139412,0.12999815339139412,0.15187009850886235,0.16677755474087874,0.12678767601337837,0.19181857265674002,0.18156782651727602
2025-01-23,21,0.17776829823976767,0.13734456448976678,0.13734456448976692,0.13734456448976692,0.1568463151937331,0.17864572096140924,0.14106566305555074,0.20087051072743128,0.18281657786296682
2025-01-24,21,0.18130210074856834,0.13020654394447323,0.1302065439444734,0.1302065439444734,0.15206901375099724,0.16594952873861094,0.12913085493865728,0.19442963768843494,0.17029732833181702
2025-01-28,21,0.1931813096327466,0.1319296122944728,0.13192961229447298,0.13192961229447298,0.1501969107753996,0.17257773680944172,0.13392336701570023,0.19269937220349687,0.1758071247816262
2025-01-29,21,0.19905081469449332,0.13081567259018176,0.1308156725901819,0.1308156725901819,0.14566003232202965,0.1661535375617322,0.13148207912831994,0.1869262253520417,0.17084498855834215
2025-01-30,21,0.21674373004062328,0.13170745981521023,0.13170745981521037,0.13170745981521037,0.1423106702516688,0.16769918905863235,0.1331199721708164,0.18320451820884706,0.16129418649132007
2025-01-31,21,0.22152632823541324,0.13795178157470342,0.13795178157470356,0.13795178157470356,0.1485868540647571,0.17748427257881508,0.1403734807034811,0.19428375171797654,0.16620728025467812
2025-02-03,21,0.21151781809701678,0.15212673735507337,0.1521267373550735,0.1521267373550735,0.165881933158628,0.20282913547847503,0.1560439664005997,0.2206398727148287,0.1738209332231933
2025-02-04,21,0.20770282958693415,0.15723594410218625,0.15723594410218636,0.15723594410218636,0.16700774359334533,0.2027664058486777,0.1587483703514624,0.22160571889093275,0.1703246798826578
2025-02-05,21,0.20260408411109393,0.16290792499979528,0.16290792499979542,0.16290792499979542,0.1790884190122144,0.21812437639046006,0.16506262908367725,0.2385392636384875,0.16131728234565149
2025-02-06,21,0.2000017305777125,0.16597604393431956,0.16597604393431967,0.16597604393431967,0.17894614737657588,0.21724552164529248,0.16738408175444353,0.23683253646534586,0.14871715221229867
2025-02-07,21,0.20527638550352972,0.16044367071088517,0.1604436707108853,0.1604436707108853,0.17364713315515057,0.2050533604357234,0.16010548452264667,0.22773942964034263,0.15682279040857483
2025-02-10,21,0.207384742799163,0.16149637334795633,0.16149637334795644,0.16149637334795644,0.16981497199603315,0.19974521749042182,0.16303058650792762,0.2213084868082074,0.16183072935032297
2025-02-11,21,0.20754274452239596,0.1552641103470125,0.15526411034701262,0.15526411034701262,0.16604771548037764,0.19293164155288745,0.1547614704740557,0.2153265526834,0.16922664003088025
2025-02-12,21,0.20599887185429042,0.15687134861850277,0.15687134861850288,0.15687134861850288,0.16347104466686355,0.18524654476324423,0.15858667913049346,0.2114275689591324,0.16803227839822765
2025-02-13,21,0.21087055316752165,0.16115676833937884,0.16115676833937895,0.16115676833937895,0.1696997641322479,0.19664478672812422,0.16295547219718076,0.22079256799130953,0.1746885708144744
2025-02-14,21,0.2174028972688366,0.16182918699341495,0.16182918699341506,0.16182918699341506,0.16580881505411552,0.1921975841535719,0.16279070733617423,0.21465711084910163,0.1692871087243122
2025-02-17,21,0.21715984627953505,0.1589123938333019,0.15891239383330205,0.15891239383330205,0.16191980961924468,0.18976011782697802,0.1592658932901893,0.20884285147846332,0.1691339602299426
2025-02-18,21,0.21698448139481166,0.15919782884855144,0.15919782884855158,0.15919782884855158,0.15769471489842224,0.18884258682688573,0.16040797030839016,0.2028142301819521,0.1679987496559563
2025-02-19,21,0.21739797873484526,0.15923013957416057,0.15923013957416068,0.15923013957416068,0.15313360652727817,0.18645686671653947,0.16018904487637398,0.19655934391550803,0.16907752889913266
2025-02-20,21,0.21166956008122023,0.16441873135819227,0.16441873135819238,0.16441873135819238,0.15857457091138633,0.1953317119494265,0.16657205765217986,0.20559190354339552,0.177223771051711
2025-02-21,21,0.2060514158065686,0.17043597986874928,0.1704359798687494,0.1704359798687494,0.16409189566773977,0.20542579712857412,0.17247861167071118,0.21408239219018466,0.17542329891858774
2025-02-24,21,0.19593896623896495,0.17776829823976767,0.1777682982397678,0.1777682982397678,0.17733486632987192,0.22207858470284914,0.1800980466411103,0.2333709876098944,0.16927491732012054
2025-02-25,21,0.194654804008743,0.18130210074856834,0.18130210074856848,0.18130210074856848,0.17652153851794936,0.2209184420213548,0.18269383394827088,0.23104533909372837,0.17353151114584844
2025-02-26,21,0.18115753228604067,0.1931813096327466,0.1931813096327467,0.1931813096327467,0.18898963594068674,0.2419178876156884,0.1966105382149358,0.24839254157180213,0.1818904906370253
2025-02-27,21,0.1761639160086013,0.19905081469449332,0.19905081469449343,0.19905081469449343,0.19101340242682624,0.24212474749008617,0.20063810099709078,0.2496183385468827,0.17700110272226116
2025-02-28,21,0.18949552084019275,0.21674373004062328,0.21674373004062336,0.21674373004062336,0.2094630839627838,0.26658626461547874,0.2213293811497321,0.2751572628012493,0.19563013881447802
2025-03-03,21,0.1807125661543419,0.22152632823541324,0.22152632823541335,0.22152632823541335,0.21661996712875162,0.2663560367567459,0.2225023173323191,0.2829680221898266,0.1949984145355635
2025-03-04,21,0.1883322656584504,0.21151781809701678,0.21151781809701686,0.21151781809701686,0.21309904647955935,0.2537003473645071,0.21001867261323007,0.2746953148026897,0.19359923755059072
2025-03-05,21,0.198960780558153,0.20770282958693415,0.20770282958693428,0.20770282958693428,0.20663292416335932,0.24015009587861766,0.20817531365181227,0.26251383669119593,0.20124104812767007
2025-03-06,21,0.19905084095654407,0.20260408411109393,0.20260408411109404,0.20260408411109404,0.20821604732023158,0.24442956879428657,0.20236546145548892,0.26321836690337314,0.21656091372257322
2025-03-07,21,0.25768960022177306,0.2000017305777125,0.20000173057771262,0.20000173057771262,0.2032387217261523,0.22702692962864832,0.2004976637078527,0.25400426618896593,0.20927034096135672
2025-03-10,21,0.26696249179789416,0.20527638550352972,0.20527638550352983,0.20527638550352983,0.20389710818533333,0.23017201132949255,0.20735771707900394,0.2539420098721939,0.2098029511641242
2025-03-11,21,0.29253703647085644,0.207384742799163,0.20738474279916308,0.20738474279916308,0.20166515093480697,0.2303522772134191,0.20838418487700128,0.24950501244353138,0.21778706663572966
2025-03-12,21,0.3614352118375813,0.20754274452239596,0.20754274452239607,0.20754274452239607,0.19691687171403507,0.22903878671854566,0.20834494127154543,0.2414436338846168,0.21523167530037324
2025-03-13,21,0.36179897423010443,0.20599887185429042,0.2059988718542905,0.2059988718542905,0.19092007308453704,0.21911948781243665,0.20646826541271227,0.23184955947884367,0.20200755180441998
2025-03-14,21,0.36302208248428175,0.21087055316752165,0.21087055316752173,0.21087055316752173,0.20124839771223452,0.24281654425132945,0.21283832099855926,0.24814525786779426,0.20102736804259308
2025-03-17,21,0.3586842359953704,0.2174028972688366,0.21740289726883674,0.21740289726883674,0.20498368119645705,0.24672108534367798,0.21937631331051277,0.2532909353410069,0.1969225081729389
2025-03-18,21,0.35952901002166343,0.21715984627953505,0.21715984627953513,0.21715984627953513,0.19934679337761518,0.23810973471292315,0.21760469560161766,0.2437166422188022,0.18483884255030852
2025-03-19,21,0.3635219229120852,0.21698448139481166,0.21698448139481172,0.21698448139481172,0.19360151551204824,0.23680768526686277,0.2177894427440975,0.23445867073962814,0.18626365516707016
2025-03-20,21,0.36320577555113664,0.21739797873484526,0.21739797873484537,0.21739797873484537,0.18850280071477107,0.23839569950446154,0.21825196025563942,0.22666863865753173,0.1885132363997111
2025-03-21,21,0.363719263109498,0.21166956008122023,0.21166956008122031,0.21166956008122031,0.18277682512296842,0.22164670473484763,0.211153529988092,0.21824973610766663,0.19922945604058007
2025-03-24,21,0.36725049309161534,0.2060514158065686,0.2060514158065687,0.2060514158065687,0.1781430493646832,0.20922883926697947,0.20589453278371986,0.21195160471807242,0.20128655355793562
2025-03-25,21,0.3668442436535779,0.19593896623896495,0.19593896623896503,0.19593896623896503,0.17562997316671128,0.20725258162650453,0.19473357877779818,0.2093190951078626,0.20176245524018044
2025-03-26,21,0.36892758067894704,0.194654804008743,0.1946548040087431,0.1946548040087431,0.17309591038782646,0.20891248329238268,0.1956819383535594,0.20672662548026977,0.20110093060209297
2025-03-27,21,0.3694175155420044,0.18115753228604067,0.18115753228604076,0.18115753228604076,0.16792857633668276,0.1952755915141064,0.1789885691325557,0.1999817329150031,0.2040310455310048
2025-03-28,21,0.36978721920405805,0.1761639160086013,0.17616391600860143,0.17616391600860143,0.164838762723118,0.19644234784668704,0.1766552366382192,0.19685750811253788,0.20710819419639898
2025-03-31,21,0.35336627342491295,0.18949552084019275,0.1894955208401929,0.1894955208401929,0.20312956857671932,0.2434015888160921,0.19345766426933073,0.2573690150055843,0.2216220543899924
2025-04-01,21,0.35215578806534986,0.1807125661543419,0.180712566154342,0.180712566154342,0.20092516439354416,0.22596694737926865,0.17894543683477973,0.25257908286407527,0.21118543635779324
2025-04-02,21,0.3475189182480059,0.1883322656584504,0.18833226565845052,0.18833226565845052,0.20686770157811682,0.23929699452504785,0.1915179148386642,0.2603219383508936,0.2183035979568351
2025-04-03,21,0.3421813064993943,0.198960780558153,0.1989607805581531,0.1989607805581531,0.21312866077260978,0.2517364476003443,0.20165913764214025,0.26824125923280834,0.22107072522938942
2025-04-04,21,0.33879942236759814,0.19905084095654407,0.19905084095654418,0.19905084095654418,0.2143878453219079,0.2519203505008416,0.19948241347707282,0.26836120930693763,0.24770250234476743
2025-04-07,21,0.29678088230418553,0.25768960022177306,0.2576896002217732,0.2576896002217732,0.27839522843673165,0.32410623180679043,0.2715532981322075,0.3629018845355557,0.336679285265989
2025-04-08,21,0.2852217879580432,0.26696249179789416,0.2669624917978943,0.2669624917978943,0.28588465033401633,0.32251621169820455,0.26663211002659204,0.3684099995483735,0.30918860694921596
2025-04-09,21,0.2581638702679288,0.29253703647085644,0.2925370364708565,0.2925370364708565,0.31055554587652956,0.35524831163215803,0.2989469415818463,0.40041791797275156,0.32579452712049106
2025-04-10,21,0.14580148683189315,0.3614352118375813,0.36143521183758137,0.36143521183758137,0.3846791608054858,0.4416179920421175,0.3757956110611289,0.5070926723240291,0.24239815032056572
2025-04-11,21,0.1501441421575154,0.36179897423010443,0.3617989742301045,0.3617989742301045,0.3734054849044945,0.4098447369116816,0.35889449642437465,0.47941887116481097,0.2374720952648714
2025-04-14,21,0.13646321186790336,0.36302208248428175,0.3630220824842818,0.3630220824842818,0.37204873624116347,0.40795172743637864,0.36419528867762985,0.4686239433222766,0.2428102872655522
2025-04-15,21,0.1420371957803978,0.3586842359953704,0.3586842359953704,0.3586842359953704,0.36071855081710513,0.3888777052219763,0.35770494181649015,0.44286194567218345,0.22852135168322846
2025-04-16,21,0.1394980936940514,0.35952901002166343,0.35952901002166354,0.35952901002166354,0.3511655033232894,0.38370384593137674,0.3601994976998304,0.42102227683492466,0.23213076334684596
2025-04-17,21,0.13181957955222245,0.3635219229120852,0.3635219229120853,0.3635219229120853,0.3459518023270661,0.3477296656442862,0.36451088577982177,0.40751556456203647,0.2501110307767275
2025-04-22,21,0.1327868898673756,0.36320577555113664,0.3632057755511367,0.3632057755511367,0.3354293570979925,0.339083827763582,0.36315262228118234,0.3858921509949385,0.23998010435569558
2025-04-23,21,0.13370444567200243,0.363719263109498,0.36371926310949804,0.36371926310949804,0.32594241675177765,0.33099380113893756,0.3640855754156122,0.3670317381778983,0.23196266644572786
2025-04-24,21,0.1229692926433008,0.36725049309161534,0.36725049309161545,0.36725049309161545,0.3216341274193973,0.3452008068208881,0.3681855342485084,0.3580383931322049,0.22968053873776495
2025-04-28,21,0.12125846499408176,0.3668442436535779,0.366844243653578,0.366844243653578,0.31285919385854155,0.3396601235609945,0.36676497352141535,0.3416957132696084,0.21419327218409248
2025-04-29,21,0.1125467567866358,0.36892758067894704,0.3689275806789471,0.3689275806789471,0.3080689648430825,0.3437744389292681,0.36962824367465635,0.33317552344161766,0.20947548866623553
2025-04-30,21,0.11156134483191066,0.3694175155420044,0.3694175155420045,0.3694175155420045,0.2995053183953782,0.340631786153918,0.3695805125127827,0.31827572297077844,0.20139061392362256
2025-05-01,21,0.10793715777188295,0.36978721920405805,0.36978721920405816,0.36978721920405816,0.2921119343534585,0.34319931470329307,0.37004244486782817,0.3061283055308915,0.21447579981993417
2025-05-02,21,0.11001267952027141,0.35336627342491295,0.353366273424913,0.353366273424913,0.28454771699586306,0.32642721435870464,0.34989370613764403,0.29415643841980926,0.2123842077338874
2025-05-05,21,0.1095145302897575,0.35215578806534986,0.35215578806535,0.35215578806535,0.27680008310657456,0.32469749086567196,0.3529592697612089,0.28230295675493716,0.22106930620203757
2025-05-06,21,0.10964589905275683,0.3475189182480059,0.34751891824800596,0.34751891824800596,0.26977573974195057,0.317561103483663,0.3466080259723565,0.2722715313155718,0.21660062391231144
2025-05-07,21,0.10876177316740958,0.3421813064993943,0.3421813064993944,0.3421813064993944,0.2626231978776586,0.3135336624748341,0.34152445052019065,0.2623518360029269,0.2150656077841039
2025-05-08,21,0.10770965130785841,0.33879942236759814,0.33879942236759814,0.33879942236759814,0.25533245344219013,0.3089170648459753,0.33854233296346425,0.25250439420119025,0.21208182194206376
2025-05-09,21,0.10642032499093544,0.29678088230418553,0.2967808823041856,0.2967808823041856,0.24886283124981282,0.28058277469006043,0.2879233334138623,0.24460401401759557,0.1976708705768442
2025-05-12,21,0.10556444421892135,0.2852217879580432,0.2852217879580432,0.2852217879580432,0.24210856359785796,0.271542964649946,0.28522710442753957,0.23638004935105492,0.21373278474233198
2025-05-13,21,0.10281026276644671,0.2581638702679288,0.2581638702679289,0.2581638702679289,0.23704945599443847,0.25561826234531093,0.25280511597836086,0.23179329610095578,0.19495515028002589
2025-05-14,21,0.10242596400994537,0.14580148683189315,0.14580148683189328,0.14580148683189328,0.23010616979928528,0.17388291568726597,0.12282305992838094,0.2235019310246099,0.21610302471600074
2025-05-15,21,0.09730963733021701,0.1501441421575154,0.15014414215751554,0.15014414215751554,0.22742809951069015,0.18528820232210122,0.15753147399213197,0.22400987114084614,0.20521159377220088
2025-05-16,21,0.08825228408573843,0.13646321186790336,0.1364632118679035,0.1364632118679035,0.22590729023332676,0.17996563131709503,0.133036223300589,0.22645837420764214,0.20755438046209862
2025-05-19,21,0.08464218566884928,0.1420371957803978,0.14203719578039795,0.14203719578039795,0.22345212821705715,0.1857422994944807,0.14534566682693828,0.22665130431001948,0.20005322172757717
2025-05-20,21,0.10337909268134836,0.1394980936940514,0.13949809369405153,0.13949809369405153,0.21688869395119634,0.17732313383217851,0.1394774289253643,0.218741045181804,0.18997059961839052
2025-05-21,21,0.09954861358228266,0.13181957955222245,0.13181957955222262,0.13181957955222262,0.21297360347689112,0.17695227454627163,0.13142511458418893,0.21620407941224298,0.17848003639662186
2025-05-22,21,0.10182237079228443,0.1327868898673756,0.13278688986737577,0.13278688986737577,0.20729196498637992,0.17247114750968728,0.1344161823110065,0.21022499830105698,0.18609278596605877
2025-05-23,21,0.11410693373799873,0.13370444567200243,0.1337044456720026,0.1337044456720026,0.2029192793219109,0.17109645133741158,0.13486210010950866,0.20692959973734876,0.1699623003068523
2025-05-26,21,0.12141206838187187,0.1229692926433008,0.12296929264330096,0.12296929264330096,0.19702328838933472,0.15644604364834164,0.1216587970715165,0.20069665897501246,0.17366158810911028
2025-05-27,21,0.12107472362805094,0.12125846499408176,0.12125846499408192,0.12125846499408192,0.19131620882015216,0.1551455499264028,0.1225400440534618,0.19498962352681587,0.16415943545970899
2025-05-28,21,0.1419753429020625,0.1125467567866358,0.11254675678663598,0.11254675678663598,0.18638084843902064,0.1474751730529133,0.11170814560094117,0.1909152952341433,0.17548710151205274
2025-05-29,21,0.14497619519119714,0.11156134483191066,0.11156134483191085,0.11156134483191085,0.18129156739193372,0.14569305939107846,0.11294099675790553,0.186571052946752,0.17251944036243716
2025-05-30,21,0.14498184865809133,0.10793715777188295,0.10793715777188315,0.10793715777188315,0.17578524532804088,0.13792238013022767,0.10823918451957448,0.18144497053772976,0.1741660994421377
2025-06-02,21,0.15100315215247181,0.11001267952027141,0.11001267952027162,0.11001267952027162,0.17428190509731475,0.14895080302950486,0.11182885487348809,0.18424119182128676,0.16596743635155883
2025-06-03,21,0.175006793463796,0.1095145302897575,0.10951453028975769,0.10951453028975769,0.1700672462333051,0.14685793456272103,0.11041225790746001,0.181352289003287,0.1607313172504928
2025-06-04,21,0.17571352303554155,0.10964589905275683,0.10964589905275704,0.10964589905275704,0.16727681699610006,0.14945102443080732,0.1108900896400663,0.18114295268001976,0.1560856659159595
2025-06-05,21,0.1774207678977455,0.10876177316740958,0.10876177316740977,0.10876177316740977,0.16315044267479037,0.1475259799971701,0.10970238446481145,0.1781915712230217,0.1659749337127584
2025-06-06,21,0.17756661848888397,0.10770965130785841,0.1077096513078586,0.1077096513078586,0.1584171292795102,0.14558047619322317,0.10868427444920248,0.17406357903540237,0.16527744106903788
2025-06-10,21,0.18704361578880266,0.10642032499093544,0.10642032499093565,0.10642032499093565,0.15457066099581282,0.14265637482069177,0.10733849746051749,0.17165466364462553,0.16453370455536534
2025-06-11,21,0.19111852010872923,0.10556444421892135,0.10556444421892154,0.10556444421892154,0.15043193728679982,0.14063244122741556,0.10659543963596135,0.1686134146038999,0.163774879082456
2025-06-12,21,0.1992220416675952,0.10281026276644671,0.10281026276644693,0.10281026276644693,0.14711134183139313,0.13782695218931007,0.10339988991845073,0.16708984201353033,0.16561888433054278
2025-06-13,21,0.20089382092270033,0.10242596400994537,0.10242596400994558,0.10242596400994558,0.14272986651605013,0.13423840779925944,0.10364846524668742,0.1634868858611931,0.1631218686151679
2025-06-16,21,0.1998533509313059,0.09730963733021701,0.09730963733021723,0.09730963733021723,0.14076049900338247,0.13606693083731605,0.09734675121867564,0.1644528231804454,0.1671220342641854
2025-06-17,21,0.20457402964590293,0.08825228408573843,0.08825228408573868,0.08825228408573868,0.1375536292425528,0.1285417507916216,0.0877079796880661,0.16286382443840164,0.1631242414895849
2025-06-18,21,0.20285601333682984,0.08464218566884928,0.08464218566884953,0.08464218566884953,0.1376883716541757,0.1317392286001395,0.08546852351229006,0.16716250574862562,0.1636462193696076
2025-06-19,21,0.20205617217985117,0.10337909268134836,0.10337909268134855,0.10337909268134855,0.1495500133265489,0.15869946488993034,0.10884096309872243,0.1908418558818976,0.1628464025447788
2025-06-20,21,0.20319776622207802,0.09954861358228266,0.09954861358228285,0.09954861358228285,0.14554509823252557,0.14850119043622706,0.09890767556812863,0.1858772212590462,0.16913874981570004
2025-06-23,21,0.21972364052008386,0.10182237079228443,0.10182237079228464,0.10182237079228464,0.144301614667985,0.15292725646599753,0.10391497531338029,0.18561323180173173,0.17467805287896992
2025-06-24,21,0.21667588195101076,0.11410693373799873,0.1141069337379989,0.1141069337379989,0.15394909457842182,0.172221269026806,0.11778093958619817,0.20262332242451453,0.16314331684887584
2025-06-25,21,0.21246121578662264,0.12141206838187187,0.12141206838187205,0.12141206838187205,0.15671199088771648,0.1764332016278352,0.12357712584809105,0.20737633653552845,0.15227456918495869
2025-06-26,21,0.2143760390835053,0.12107472362805094,0.12107472362805112,0.12107472362805112,0.1519699486310709,0.1629431979692785,0.1218607375378758,0.20015818807553223,0.16485988306107083
2025-06-27,21,0.20250973720880527,0.1419753429020625,0.14197534290206265,0.14197534290206265,0.17020159073515947,0.19916912849562815,0.14775348937325772,0.22879736042418344,0.1687294099122687
2025-06-30,21,0.20021998806837452,0.14497619519119714,0.14497619519119728,0.14497619519119728,0.16890391513717118,0.19475165603518083,0.14559164424996807,0.22566881834156666,0.16419470306447853
2025-07-01,21,0.20030848274297655,0.14498184865809133,0.14498184865809147,0.14498184865809147,0.16378249016833205,0.18462095574016388,0.14608366137246825,0.2169260823609112,0.1710507227993454
2025-07-02,21,0.2139959809302248,0.15100315215247181,0.15100315215247193,0.15100315215247193,0.16967194969465457,0.19862761207799084,0.15332031889936143,0.22559936061047742,0.16742695193847856
2025-07-03,21,0.19426483058769264,0.175006793463796,0.1750067934637961,0.1750067934637961,0.19311247896547734,0.2327760843582185,0.18098584297972775,0.26047298525427764,0.1688859890899864
2025-07-04,21,0.195595717369885,0.17571352303554155,0.17571352303554166,0.17571352303554166,0.19016106406347663,0.21702716336846564,0.17562497486111758,0.25328898878971673,0.17189641625537458
2025-07-07,21,0.19851054071256957,0.1774207678977455,0.17742076789774563,0.17742076789774563,0.18726083190665116,0.21789383796736472,0.1789129689248011,0.24670687890026313,0.17440024919923774
2025-07-08,21,0.20356441335276976,0.17756661848888397,0.1775666184888841,0.1775666184888841,0.1819419209216477,0.2152124461561049,0.17835077396952012,0.23683652679512762,0.17599400099466578
2025-07-09,21,0.1946227231959966,0.18704361578880266,0.1870436157888028,0.1870436157888028,0.18913584878357628,0.23098959705458438,0.19004116030684165,0.2469990667340695,0.1946797753474658
2025-07-10,21,0.19701503163398454,0.19111852010872923,0.19111852010872935,0.19111852010872935,0.18904723987329422,0.21995363088403475,0.19238400238703995,0.24535903200370118,0.20803187524718572
2025-07-11,21,0.19292937565940177,0.1992220416675952,0.1992220416675953,0.1992220416675953,0.1948071876319185,0.2331097217992859,0.20174495640030538,0.25299853132246936,0.21161553550776718
2025-07-14,21,0.19187228837793144,0.20089382092270033,0.20089382092270042,0.20089382092270042,0.19116548707400058,0.22887256651450053,0.20167913782602284,0.24563815638949488,0.20428985355389614
2025-07-15,21,0.19401258630939852,0.1998533509313059,0.19985335093130602,0.19985335093130602,0.18571543985611766,0.225691834769973,0.20042364606006602,0.23589415730725166,0.21178558627714725
2025-07-16,21,0.18996602604895838,0.20457402964590293,0.20457402964590302,0.20457402964590302,0.1874104090597057,0.23190958491552455,0.20646579572148557,0.23803909192587394,0.21762267292676182
2025-07-17,21,0.1942971398052404,0.20285601333682984,0.20285601333682995,0.20285601333682995,0.18249845075134033,0.22300459191916724,0.20300996951325317,0.22961347339088728,0.21607373655272996
2025-07-18,21,0.18696195005691874,0.20205617217985117,0.20205617217985125,0.20205617217985125,0.18826544311311583,0.22881865670296855,0.20281047300477933,0.2386698804058625,0.21642344383973341
2025-07-21,21,0.18537860097151762,0.20319776622207802,0.20319776622207816,0.20319776622207816,0.18455418357747533,0.2241805329253177,0.20424773160170448,0.232144765858933,0.22160038407812363
2025-07-22,21,0.17276201569650707,0.21972364052008386,0.21972364052008395,0.21972364052008395,0.20428788205884385,0.25857112547959293,0.2240895721392459,0.2630386292875555,0.21918584851584763
2025-07-23,21,0.1715456705027848,0.21667588195101076,0.21667588195101087,0.21667588195101087,0.20415783264956663,0.24928313708965094,0.21590830830296956,0.2608875462651328,0.20986696078722114
2025-07-24,21,0.1716750486549621,0.21246121578662264,0.21246121578662275,0.21246121578662275,0.19794194977517987,0.23924514576060446,0.21260436033319305,0.24932481380647112,0.2061414777811757
2025-07-25,21,0.18752713811539268,0.2143760390835053,0.21437603908350542,0.21437603908350542,0.1946014162714892,0.24126568936204973,0.21568313850728701,0.24302792808775253,0.20727929040166604
2025-07-28,21,0.18584594513347152,0.20250973720880527,0.2025097372088054,0.2025097372088054,0.19137359313764377,0.23345023109582339,0.20051105652289372,0.23729964148546928,0.2044884213439062
2025-07-29,21,0.1897119261560712,0.20021998806837452,0.20021998806837463,0.20021998806837463,0.18591013398233142,0.21370163281454366,0.20112776465577115,0.22829444803975585,0.20719890836453583
2025-07-30,21,0.19065174623468203,0.20030848274297655,0.20030848274297666,0.20030848274297666,0.18039225863245134,0.20694063485981204,0.20109644373248414,0.21968050012181412,0.20568356122700196
2025-07-31,21,0.16741469235141979,0.2139959809302248,0.21399598093022493,0.21399598093022493,0.20324229638281716,0.2498520342394326,0.21780439187915043,0.2571240901607807,0.22497759314192448
2025-08-01,21,0.1686067162187255,0.19426483058769264,0.19426483058769276,0.19426483058769276,0.1972568998999284,0.2216312316877797,0.18997479816706422,0.24623446273323985,0.23027626127827677
2025-08-04,21,0.16450114945064667,0.195595717369885,0.19559571736988515,0.19559571736988515,0.19579524489975836,0.22817225014599446,0.1978501455016056,0.24321531693269496,0.18937050113827886
2025-08-05,21,0.16119359944851638,0.19851054071256957,0.1985105407125697,0.1985105407125697,0.19636221403187312,0.23435681473684883,0.19963686709448264,0.24365215252101888,0.17641198517889892
2025-08-06,21,0.15658112071496702,0.20356441335276976,0.20356441335276987,0.20356441335276987,0.1973454772574528,0.24115638678226625,0.20540068441242632,0.24475632284763404,0.1798141677901531
2025-08-07,21,0.15856029056656606,0.1946227231959966,0.19462272319599674,0.19462272319599674,0.19177594857748384,0.21502771397298137,0.1931964859372557,0.2352825402715513,0.15402370762845352
2025-08-08,21,0.15018916111436825,0.19701503163398454,0.19701503163398465,0.19701503163398465,0.19458849507847656,0.2280611150782857,0.19885560736914942,0.23989094617112586,0.15729533161275125
2025-08-11,21,0.14387395809192713,0.19292937565940177,0.1929293756594019,0.1929293756594019,0.1947837500838312,0.2248145952247188,0.19259962130034597,0.23999885837257118,0.14981209667605555
2025-08-12,21,0.1523916241261773,0.19187228837793144,0.19187228837793155,0.19187228837793155,0.18979760637230245,0.2166428240485598,0.192714299508296,0.2317392313179567,0.1525713504401425
2025-08-13,21,0.14992924092018992,0.19401258630939852,0.19401258630939866,0.19401258630939866,0.18719247873784847,0.2177364319362904,0.1952989972682456,0.22780928467017592,0.159187969640716
2025-08-14,21,0.15552950264072132,0.18996602604895838,0.18996602604895851,0.18996602604895851,0.18352829286330508,0.21491551175184198,0.18978115590036232,0.22235858854128018,0.15133344348454433
2025-08-15,21,0.1506377561103408,0.1942971398052404,0.19429713980524055,0.19429713980524055,0.18452387715958282,0.21935253385232895,0.1963034912798503,0.2247990688608133,0.15198064233197622
2025-08-18,21,0.1527491388451787,0.18696195005691874,0.18696195005691887,0.18696195005691887,0.18060710228582658,0.20755954111125635,0.1858896597977454,0.21904041393870985,0.15280188664309896
2025-08-19,21,0.1549922504693245,0.18537860097151762,0.18537860097151776,0.18537860097151776,0.17510558332775478,0.20225493961863555,0.18629572122105387,0.21097189075078365,0.15215955258900293
2025-08-20,21,0.1446763569035318,0.17276201569650707,0.17276201569650718,0.17276201569650718,0.18123418446831155,0.20780975288954157,0.17081224052962468,0.22233418912712175,0.16553993340176998
2025-08-21,21,0.13947347075758698,0.1715456705027848,0.1715456705027849,0.1715456705027849,0.181102981270507,0.20609369708970549,0.1728040992364068,0.2227059023068973,0.16007918150197648
2025-08-22,21,0.16998374505660388,0.1716750486549621,0.17167504865496225,0.17167504865496225,0.17574914837002623,0.19705132733327052,0.17251397812673172,0.21458071362770553,0.160016560544802
2025-08-25,21,0.15134723094358457,0.18752713811539268,0.1875271381153928,0.1875271381153928,0.1929990325814168,0.23097973275453088,0.19191706660999475,0.24306324411238747,0.1527334573535823
2025-08-26,21,0.15076181435005942,0.18584594513347152,0.18584594513347164,0.18584594513347164,0.18774747724027854,0.2194464961033649,0.18550951815793776,0.23398348609998215,0.14720531999756065
2025-08-27,21,0.15303554680395054,0.1897119261560712,0.1897119261560713,0.1897119261560713,0.18734918919913657,0.2235267882226557,0.1916629854479142,0.23314709697279323,0.1436622263732129
2025-08-28,21,0.15477206428494994,0.19065174623468203,0.19065174623468212,0.19065174623468212,0.1830210255925847,0.21909867199736427,0.19142758860809764,0.22610738872591216,0.14112396540257383
2025-08-29,21,0.15590524082416657,0.16741469235141979,0.16741469235141992,0.16741469235141992,0.17810593657441662,0.20233611510300126,0.1631330488714313,0.21851319571722227,0.14278472423523175
2025-09-01,21,0.1547840101744249,0.1686067162187255,0.1686067162187256,0.1686067162187256,0.174368597875421,0.1905335026578563,0.17093732828395342,0.21322101176233346,0.17089449606555965
2025-09-02,21,0.15539389171222748,0.16450114945064667,0.1645011494506468,0.1645011494506468,0.16916584228226916,0.1846036026127128,0.16417735361699617,0.20581428653894812,0.18079110750787403
2025-09-03,21,0.1635254489416636,0.16119359944851638,0.16119359944851652,0.16119359944851652,0.1675267382004627,0.18402495731220161,0.16165865038067023,0.20457326657280755,0.19496779113969084
2025-09-04,21,0.16180746404848362,0.15658112071496702,0.1565811207149672,0.1565811207149672,0.1650305494655416,0.18111709372585663,0.1565964258616292,0.20194089325319572,0.1885651810187274
2025-09-05,21,0.16170920716292608,0.15856029056656606,0.1585602905665662,0.1585602905665662,0.16296120330617145,0.18457442546072847,0.16014589272447494,0.200084928257582,0.17606810828164793
2025-09-08,21,0.16199523882455696,0.15018916111436825,0.1501891611143684,0.1501891611143684,0.1581130878062199,0.17383426147871997,0.14913706104270652,0.19375729644436362,0.1768867147403145
2025-09-09,21,0.1627146093855795,0.14387395809192713,0.14387395809192727,0.14387395809192727,0.1533224229893226,0.16890345555199068,0.14390255906031846,0.18779970593773393,0.17510997831649852
2025-09-10,21,0.16157619980619856,0.1523916241261773,0.1523916241261774,0.1523916241261774,0.16011172079180971,0.188240549000189,0.15546686963343784,0.20087132441791872,0.17421189143681193
2025-09-11,21,0.17730852302683534,0.14992924092018992,0.14992924092019003,0.14992924092019003,0.15600934704983863,0.1790123792012335,0.14986749034028057,0.1954948070244098,0.17468254470189976
2025-09-12,21,0.17119489062887758,0.15552950264072132,0.15552950264072146,0.15552950264072146,0.16055550641758534,0.1920790234998073,0.15795430844797365,0.20406522367347124,0.17342097841711063
2025-09-15,21,0.19559996626437773,0.1506377561103408,0.15063775611034091,0.15063775611034091,0.15726308756893678,0.18505735406450713,0.1501722951441689,0.19967787821036256,0.17532176582133896
2025-09-16,21,0.199103657145059,0.1527491388451787,0.15274913884517882,0.15274913884517882,0.1570595390006987,0.19101348899971055,0.15449258621455,0.20034475014454325,0.17555644663048492
2025-09-17,21,0.19804948954244864,0.1549922504693245,0.15499225046932463,0.15499225046932463,0.15510508742868234,0.18666370741133545,0.15625883215798309,0.19817327547988986,0.17640207869405886
2025-09-18,21,0.1986792269513847,0.1446763569035318,0.14467635690353195,0.14467635690353195,0.15080654748934558,0.17674437705808452,0.1432783969184626,0.1924127375902949,0.17997873712163756
2025-09-19,21,0.21056203838211174,0.13947347075758698,0.13947347075758712,0.13947347075758712,0.14641886786861424,0.16612395971398292,0.13984264169623462,0.1867823982430893,0.18941649431153934
2025-09-22,21,0.19598170408306026,0.16998374505660388,0.169983745056604,0.169983745056604,0.17918145387103612,0.22103773392022083,0.1778297968960033,0.2382074312111921,0.18869504793853517
2025-09-23,21,0.2388221646012414,0.15134723094358457,0.1513472309435847,0.1513472309435847,0.17563674598794699,0.1954433583514789,0.14658578856864357,0.2313699315668052,0.18598251921530143
2025-09-24,21,0.23961317596542092,0.15076181435005942,0.15076181435005956,0.15076181435005956,0.1703230272729896,0.1907282883388592,0.15286661862160691,0.22232435680576537,0.17880202036135706
2025-09-25,21,0.23487978421569103,0.15303554680395054,0.15303554680395065,0.15303554680395065,0.1735086105554485,0.20265702756347378,0.1542321288153735,0.2265927500769128,0.1845237770470181
2025-09-26,21,0.2328925773400471,0.15477206428494994,0.15477206428495005,0.15477206428495005,0.17168392659898754,0.20245075229914167,0.15604302347268545,0.22311929412844927,0.18238996140675695
2025-09-29,21,0.245239488823086,0.15590524082416657,0.1559052408241667,0.1559052408241667,0.16847927115829728,0.1853628012138479,0.15701852681638698,0.21779020826649698,0.18320589346232813
2025-09-30,21,0.24758128825069667,0.1547840101744249,0.154784010174425,0.154784010174425,0.1637962430901227,0.18151075402775646,0.15543203558081214,0.21052953992903228,0.17598272824950506
2025-10-01,21,0.24779523782754045,0.15539389171222748,0.15539389171222762,0.15539389171222762,0.1596707608751386,0.18309684967555753,0.1565302071152325,0.2045158641265455,0.17756224532960707
2025-10-02,21,0.24157336917321132,0.1635254489416636,0.16352544894166374,0.16352544894166374,0.16851643602565114,0.19884743163994445,0.16619929068059877,0.2185326129258192,0.17918619770977473
2025-10-03,21,0.24290209085116946,0.16180746404848362,0.16180746404848378,0.16180746404848378,0.16383977882726064,0.18802798897785333,0.16193843038678024,0.21121216082026914,0.180743533293507
2025-10-06,21,0.24844120234268097,0.16170920716292608,0.1617092071629262,0.1617092071629262,0.16170401555628433,0.19095419875815636,0.16277193240452997,0.20815280244591247,0.19054287865778521
2025-10-07,21,0.25282072733567507,0.16199523882455696,0.1619952388245571,0.1619952388245571,0.15726645019112223,0.18863374166126068,0.16293331917642348,0.2017562417464207,0.18843144080099436
2025-10-08,21,0.25935672660004816,0.1627146093855795,0.1627146093855796,0.1627146093855796,0.15346365430082287,0.1898829206680258,0.16377362295705858,0.1966575517142174,0.18382635006004444
2025-10-09,21,0.2550806036367668,0.16157619980619856,0.16157619980619867,0.16157619980619867,0.1587807601843155,0.19164382798392002,0.1621965312720852,0.20569748286161216,0.1885166131001745
2025-10-10,21,0.2506650983856974,0.17730852302683534,0.17730852302683545,0.17730852302683545,0.17509302804265778,0.21808973771631898,0.18173264345228188,0.23044647463733745,0.18474543300332957
2025-10-13,21,0.25458557033360885,0.17119489062887758,0.1711948906288777,0.1711948906288777,0.17039078671936067,0.20317103405415937,0.16990375695466486,0.22236690251591554,0.19342823848566343
2025-10-14,21,0.23797145990082946,0.19559996626437773,0.1955999662643778,0.1955999662643778,0.19766238423084623,0.24697189540698916,0.20230365180825707,0.26232824523635395,0.1860197429239613
2025-10-15,21,0.24152734570962836,0.199103657145059,0.19910365714505912,0.19910365714505912,0.19972128681185097,0.24478967104662552,0.19932697358118107,0.2627453878387866,0.17302102993240762
2025-10-16,21,0.24921656915231044,0.19804948954244864,0.19804948954244872,0.19804948954244872,0.1945191738842282,0.23610151824453415,0.19870692387636207,0.25243278621467174,0.1693451779431949
2025-10-17,21,0.24855310210858692,0.1986792269513847,0.19867922695138482,0.19867922695138482,0.18976490815708788,0.2298484564329534,0.1996127472620248,0.2434326431230651,0.17443449642411718
2025-10-20,21,0.2671647441350791,0.21056203838211174,0.21056203838211185,0.21056203838211185,0.20009448888937365,0.25269331916739357,0.21389567859809597,0.25785439130225174,0.1639448803620405
2025-10-21,21,0.2618128531266917,0.19598170408306026,0.19598170408306037,0.19598170408306037,0.205233157221774,0.23287755539507415,0.1929274256416445,0.26373327810802777,0.1693177678939618
2025-10-22,21,0.23433924218211472,0.2388221646012414,0.23882216460124148,0.23882216460124148,0.25245259370820305,0.29511282909199843,0.2498179351015655,0.3332959664477562,0.1770906478581257
2025-10-23,21,0.27351957988770265,0.23961317596542092,0.23961317596542106,0.23961317596542106,0.2457595992706184,0.2770531843946243,0.23808813516004304,0.31765471221755565,0.1841417134000706
2025-10-24,21,0.2735446830629852,0.23487978421569103,0.2348797842156911,0.2348797842156911,0.23828533985714584,0.270705427842879,0.23493428316843762,0.3017578665156819,0.17908510162312102
2025-10-27,21,0.285840325447234,0.2328925773400471,0.23289257734004715,0.23289257734004715,0.23103746410535161,0.2641746650086666,0.23321595756421937,0.28714376036342637,0.17502842452279466
2025-10-28,21,0.279916309702163,0.245239488823086,0.2452394888230861,0.2452394888230861,0.24143814951945486,0.2881491952161039,0.2486419548138952,0.30121345302635316,0.18529416510076976
2025-10-29,21,0.27764084248524745,0.24758128825069667,0.24758128825069672,0.24758128825069672,0.23747852052555082,0.2588210444783895,0.24805424695999784,0.2920413216531744,0.18941166381115868
2025-10-30,21,0.2783160038000694,0.24779523782754045,0.24779523782754054,0.24779523782754054,0.23113009731539716,0.25610784788425534,0.248445561194589,0.27963249970720483,0.19283602048283657
2025-10-31,21,0.2780702427287907,0.24157336917321132,0.24157336917321143,0.24157336917321143,0.2254154944754695,0.25331016348319096,0.240777404383307,0.2689429042786654,0.19189155159766313
2025-11-03,21,0.27725299172628004,0.24290209085116946,0.24290209085116957,0.24290209085116957,0.22073529701170785,0.25653583576287203,0.24410600408523683,0.2605369336768438,0.1833361859345114
2025-11-04,21,0.2710054899301484,0.24844120234268097,0.24844120234268102,0.24844120234268102,0.223931180565129,0.25955420218643604,0.25011188622185254,0.2655165609130258,0.18678386981321896
2025-11-05,21,0.2685423662289409,0.25282072733567507,0.2528207273356752,0.2528207273356752,0.2237319077978493,0.26306869168349173,0.2541078546571355,0.2646720477965308,0.19090217686712638
2025-11-06,21,0.2631140892965344,0.25935672660004816,0.2593567266000482,0.2593567266000482,0.22709666407095047,0.27527943252781895,0.2611794392634911,0.26972473765788546,0.19435811688558477
2025-11-07,21,0.2650351462987772,0.2550806036367668,0.25508060363676693,0.25508060363676693,0.22086212616245424,0.2649892223157382,0.2543920908196509,0.25879344773043417,0.18967050880743985
2025-11-10,21,0.25932568563679537,0.2506650983856974,0.2506650983856975,0.2506650983856975,0.22360334918685337,0.27252948064247895,0.2505257934409024,0.2632642971310212,0.18507509434098926
2025-11-11,21,0.26008897908502954,0.25458557033360885,0.2545855703336089,0.2545855703336089,0.22295580434656423,0.2715515652673867,0.2561642372474243,0.26190371795756323,0.19481298123065283
2025-11-12,21,0.2602981365525837,0.23797145990082946,0.23797145990082955,0.23797145990082955,0.21953367011880212,0.25634686894452663,0.23466500240923596,0.2560575713930362,0.19273164054153866
2025-11-13,21,0.2697485198183255,0.24152734570962836,0.24152734570962844,0.24152734570962844,0.22497574071212514,0.2646621185086872,0.2437903634676723,0.26516270354543975,0.21023144739878336
2025-11-14,21,0.27049478242873587,0.24921656915231044,0.24921656915231052,0.24921656915231052,0.22950861625630023,0.27538122106788104,0.2511234667589682,0.27218640468203814,0.21574737591315052
2025-11-17,21,0.27173415583809574,0.24855310210858692,0.248553102108587,0.248553102108587,0.22257786679380204,0.2608544637398465,0.24867981908743123,0.2600281429547921,0.22263107123303855
2025-11-18,21,0.24902808291262016,0.2671647441350791,0.26716474413507924,0.26716474413507924,0.25465684401367444,0.3077489326716023,0.2718981988194793,0.31189396761934857,0.2638821326681802
2025-11-19,21,0.24765647708724928,0.2618128531266917,0.26181285312669184,0.26181285312669184,0.24875111247325618,0.28887325003327136,0.26020266987471563,0.29952699089878754,0.25209204695875354
2025-11-20,21,0.23628951723317987,0.23433924218211472,0.23433924218211485,0.23433924218211485,0.25520230844231057,0.2788243519077233,0.2293371781726318,0.30793406014867253,0.25642211400394
2025-11-21,21,0.2076755462079201,0.27351957988770265,0.2735195798877027,0.2735195798877027,0.2945870218186122,0.33162979875036463,0.28393470177135394,0.3687536232914521,0.2764583877137908
2025-11-24,21,0.21005525900939362,0.2735446830629852,0.27354468306298524,0.27354468306298524,0.2856534887881246,0.30991446546381823,0.271817611813932,0.3491362846358008,0.2790337273166035
2025-11-25,21,0.1930479305237532,0.285840325447234,0.28584032544723403,0.28584032544723403,0.29218747242678095,0.3241029099797648,0.2894797491142046,0.3557716279905481,0.24971667105171347
2025-11-26,21,0.1850197923313374,0.279916309702163,0.2799163097021631,0.2799163097021631,0.2900774416990202,0.31785661351655203,0.27834222615339543,0.3482678657764075,0.2312467471945202
2025-11-27,21,0.18952561334359325,0.27764084248524745,0.27764084248524756,0.27764084248524756,0.28124521598598873,0.3026745485857351,0.2780460228239585,0.33022178743815284,0.21704512463584683
2025-11-28,21,0.1879957861911195,0.2783160038000694,0.2783160038000695,0.2783160038000695,0.2742895013676096,0.2833386472478,0.2789335332500926,0.31626813016226263,0.21336880772282807
2025-12-01,21,0.1872880644561364,0.2780702427287907,0.27807024272879083,0.27807024272879083,0.2667295396535035,0.2824231344914347,0.27843680319110403,0.30202395438406254,0.22146216383256329
2025-12-02,21,0.196475218421397,0.27725299172628004,0.2772529917262801,0.2772529917262801,0.2593545583140034,0.2688657183924362,0.277551866940558,0.28881075711386484,0.21818366539517653
2025-12-03,21,0.20565477387390158,0.2710054899301484,0.27100548993014845,0.27100548993014845,0.25151070851319207,0.2526143417294158,0.2701418126970983,0.2754106278562652,0.2167817169846064
2025-12-04,21,0.2092205577195395,0.2685423662289409,0.268542366228941,0.268542366228941,0.24638826177530057,0.25898989400133926,0.2687891749020637,0.26746623270952213,0.22230795741201298
2025-12-05,21,0.21070597802191798,0.2631140892965344,0.2631140892965345,0.2631140892965345,0.2407253588447074,0.25447864992722957,0.262480368292062,0.25892767555475943,0.21917359003256043
2025-12-08,21,0.21167151918247593,0.2650351462987772,0.26503514629877734,0.26503514629877734,0.23675247865691496,0.26011792766727826,0.26622080920905744,0.2538182662067186,0.2210512008134568
2025-12-09,21,0.21339885541940223,0.25932568563679537,0.2593256856367954,0.2593256856367954,0.23035104861588518,0.2532872112408908,0.25843803659083214,0.24452019099273,0.22596092379966617
2025-12-10,21,0.21587113316503073,0.26008897908502954,0.2600889790850296,0.2600889790850296,0.2304087597598244,0.26540779689878746,0.2610962364336873,0.2473353000056303,0.229158148324967
2025-12-11,21,0.21580093566296632,0.2602981365525837,0.2602981365525838,0.2602981365525838,0.2269545016907897,0.26385596640618547,0.26075991960788775,0.2435200846925494,0.22866316661761776
2025-12-12,21,0.19351267512887463,0.2697485198183255,0.26974851981832554,0.26974851981832554,0.24503085545363834,0.2942576196118131,0.27234009954822397,0.27736641433191034,0.22755299217448896
2025-12-15,21,0.1816648529046232,0.27049478242873587,0.270494782428736,0.270494782428736,0.24908365027303822,0.294382073103031,0.270675463499364,0.28441120455251584,0.23413779602713464
2025-12-16,21,0.18063733347962094,0.27173415583809574,0.2717341558380958,0.2717341558380958,0.24329819048075932,0.2893974458269952,0.2725538730450143,0.2743185320464407,0.2314973684869199
2025-12-17,21,0.175945961752112,0.24902808291262016,0.24902808291262024,0.24902808291262024,0.2429510205357649,0.2779253650222375,0.24449238705611984,0.2740778670157565,0.23840524093532295
2025-12-18,21,0.20284548939082955,0.24765647708724928,0.2476564770872494,0.2476564770872494,0.23567630104291826,0.2683581262417436,0.2490557014795248,0.2619402086855378,0.2309059048425479
2025-12-19,21,0.21175917272538183,0.23628951723317987,0.23628951723317998,0.23628951723317998,0.22856770477861962,0.24615948252537645,0.23420372450447144,0.25067512644577167,0.2458736674145938
2025-12-22,21,0.19780842517310157,0.2076755462079201,0.20767554620792017,0.20767554620792017,0.24220456612108526,0.24466711453689113,0.20266235588062645,0.27571619187516205,0.2239449234783511
2025-12-23,21,0.19892503519308727,0.21005525900939362,0.21005525900939376,0.21005525900939376,0.23752705477817382,0.2381173486577183,0.2125672647525824,0.26784667402081086,0.20406302137394042
2025-12-24,21,0.20688749415926436,0.1930479305237532,0.1930479305237533,0.1930479305237533,0.2303632814516058,0.2177005082059669,0.18966169014559178,0.2561203312740638,0.1970201620107713
2025-12-29,21,0.21042684278338103,0.1850197923313374,0.18501979233133747,0.18501979233133747,0.2235009944744134,0.21246218691766192,0.18497290441923223,0.24547861183470113,0.20863756640049258
2025-12-30,21,0.252065160129003,0.18952561334359325,0.18952561334359336,0.18952561334359336,0.2215504391030661,0.2236290678387059,0.1914993170265659,0.24391556320648272,0.20473527698862606
2025-12-31,21,0.2845239975814308,0.1879957861911195,0.18799578619111962,0.18799578619111962,0.21515949675695448,0.20178324812472653,0.1881867506803802,0.23461167542069802,0.19511672270072314
2026-01-02,21,0.2939573353248311,0.1872880644561364,0.18728806445613655,0.18728806445613655,0.20881892026631138,0.19761677430882427,0.18806012249980067,0.225812203750095,0.19574161182187358
2026-01-05,21,0.3147132343175996,0.196475218421397,0.19647521842139712,0.19647521842139712,0.21405656212458707,0.22291074108325756,0.19927307417224943,0.23768555408530964,0.20196636870294424
2026-01-06,21,0.3317329245383762,0.20565477387390158,0.2056547738739017,0.2056547738739017,0.21851971953305235,0.23612097085983055,0.20795850264961507,0.24708402007788172,0.20367497780849703
2026-01-07,21,0.3399437375547859,0.2092205577195395,0.20922055771953962,0.20922055771953962,0.2190771581902384,0.23808396905259338,0.21037029440811292,0.2491195629693297,0.20029300893426757
2026-01-08,21,0.36019238192436254,0.21070597802191798,0.21070597802191807,0.21070597802191807,0.21629843613652344,0.23892950937752663,0.21164259724807805,0.2453477930851239,0.18911759838599815
2026-01-09,21,0.35979052004143364,0.21167151918247593,0.21167151918247604,0.21167151918247604,0.2146432601585193,0.2426689945544124,0.21253503911598573,0.2436430174237105,0.1922289786627972
2026-01-12,21,0.36538575995633604,0.21339885541940223,0.21339885541940234,0.21339885541940234,0.21120023845174904,0.23810012634089503,0.21443933947589078,0.23896635729458293,0.1951832569474275
2026-01-13,21,0.3627611690832134,0.21587113316503073,0.21587113316503084,0.21587113316503084,0.21558455797257547,0.2440045094944869,0.21702586687632472,0.24764297878260347,0.20383541029348795
2026-01-14,21,0.36612876494449553,0.21580093566296632,0.21580093566296643,0.21580093566296643,0.21273307146978096,0.23791458712515035,0.21636540560670717,0.24361413134878182,0.19700529143656936
2026-01-15,21,0.36784028341227576,0.19351267512887463,0.19351267512887474,0.19351267512887474,0.20656106547753908,0.21629699328340085,0.18937530157075372,0.2342079506255567,0.200268731006982
2026-01-16,21,0.36842670622130835,0.1816648529046232,0.1816648529046233,0.1816648529046233,0.20027888325161156,0.20341289408536517,0.18094438277619565,0.22507221999394803,0.1974299609145962
2026-01-19,21,0.36802339660352457,0.18063733347962094,0.18063733347962105,0.18063733347962105,0.1952172491524825,0.20357928467143072,0.18156552446394514,0.21844865417995707,0.197171710143079
2026-01-20,21,0.37033667344704324,0.175945961752112,0.17594596175211213,0.17594596175211213,0.19260895027803232,0.19546948857889648,0.175714533428194,0.21630824777172056,0.2040623968488275
2026-01-21,21,0.36131607220270656,0.20284548939082955,0.20284548939082966,0.20284548939082966,0.21856458921333327,0.24372984765660083,0.20976570738869593,0.2610441832377301,0.20695121162805707
2026-01-22,21,0.359524172477982,0.21175917272538183,0.21175917272538192,0.21175917272538192,0.2226954235856484,0.24877146068064765,0.2130542060972909,0.2670496906181587,0.19072016803836628
2026-01-23,21,0.3569937021872568,0.19780842517310157,0.19780842517310168,0.19780842517310168,0.2212978740533934,0.23879827269936854,0.19533722189428138,0.2638982138513844,0.18043094577506288
2026-01-27,21,0.36422478393618923,0.19892503519308727,0.19892503519308738,0.19892503519308738,0.21878846585585762,0.2401727364170722,0.20063241223813272,0.25919431485065675,0.16431727260391285
2026-01-28,21,0.3625518628742236,0.20688749415926436,0.20688749415926447,0.20688749415926447,0.22158738612793388,0.25132730092721994,0.20915048849452433,0.26332421117129756,0.16899069905695452
2026-01-29,21,0.3614621277406069,0.21042684278338103,0.21042684278338114,0.21042684278338114,0.21928393796745366,0.2393682557860198,0.21156691523125243,0.25903311088202546,0.16299424124537154
2026-01-30,21,0.34087947262582213,0.252065160129003,0.2520651601290031,0.2520651601290031,0.26756997739427807,0.30534111885108806,0.2617270461970689,0.3349447256990398,0.18998635257813473
2026-02-02,21,0.3279646134886262,0.2845239975814308,0.2845239975814309,0.2845239975814309,0.29899440621877765,0.339549113101871,0.2901060642718497,0.3798661045894945,0.17956632624565952
2026-02-03,21,0.3376994417987149,0.2939573353248311,0.2939573353248312,0.2939573353248312,0.30166036688573933,0.3401126558891147,0.29528122964722775,0.377915309804935,0.17986626903986871
2026-02-04,21,0.31379644017258185,0.3147132343175996,0.31471323431759973,0.31471323431759973,0.32601908728721096,0.37235465895411685,0.31940752454859833,0.41082224510864584,0.17754023781136202
2026-02-05,21,0.3155385829385487,0.3317329245383762,0.3317329245383763,0.3317329245383763,0.34417135579014907,0.39146583914726507,0.33476512485938975,0.4328363093052141,0.17715519994580559
2026-02-06,21,0.3377775758487555,0.3399437375547859,0.33994373755478596,0.33994373755478596,0.3484316098860069,0.3838514971764617,0.34134555936697664,0.4322083677829,0.19726671725925696
2026-02-09,21,0.31896530465064166,0.36019238192436254,0.36019238192436254,0.36019238192436254,0.36558581627368825,0.40202285923298964,0.36454276684506987,0.452988474304721,0.18894484467402664
2026-02-10,21,0.3231574305854857,0.35979052004143364,0.3597905200414337,0.3597905200414337,0.35687962359747455,0.385146614228925,0.3588859820718202,0.4312412637914837,0.1807742460359575
2026-02-11,21,0.32083740701944546,0.36538575995633604,0.3653857599563361,0.3653857599563361,0.3551505195967886,0.38595754443704317,0.3669603497715667,0.42235849143259147,0.17866102618221066
2026-02-12,21,0.31850692700568317,0.3627611690832134,0.3627611690832134,0.3627611690832134,0.34742409361614807,0.3682574858332977,0.36196557222396347,0.4041479761158425,0.17936105951635864
2026-02-13,21,0.3246514150138122,0.36612876494449553,0.36612876494449553,0.36612876494449553,0.34368787497977865,0.36955284240626946,0.3671792317236712,0.3937984698861362,0.18109455330125737
2026-02-16,21,0.32383868308718433,0.36784028341227576,0.3678402834122758,0.3678402834122758,0.3357742154064377,0.3501316927157292,0.3681026805122622,0.37691414774151943,0.1886678590394271
2026-02-17,21,0.3232606169072928,0.36842670622130835,0.36842670622130835,0.36842670622130835,0.3263861093434522,0.34672277958249836,0.36861120491924637,0.35830679119642883,0.18502807203082042
2026-02-18,21,0.3606442496025629,0.36802339660352457,0.36802339660352457,0.36802339660352457,0.31649141860215,0.33536908609582583,0.3680067089289748,0.33965888663866567,0.1793674906844781
2026-02-19,21,0.3638570946473056,0.37033667344704324,0.37033667344704335,0.37033667344704335,0.31238429564595904,0.34642903780394085,0.3709586562543829,0.332425403462881,0.18212154681018655
2026-02-20,21,0.37494909685724964,0.36131607220270656,0.3613160722027066,0.3613160722027066,0.3103403641313873,0.34146093396021826,0.35931495699907656,0.32934119919187255,0.20499221222097352
2026-02-23,21,0.38451928222131454,0.359524172477982,0.3595241724779821,0.3595241724779821,0.3059313082879073,0.34046485110204117,0.3597252645637457,0.32206428335765985,0.20605081316285154
2026-02-24,21,0.4153254801261221,0.3569937021872568,0.35699370218725685,0.35699370218725685,0.29673031472670874,0.3315081299744981,0.35655193862088336,0.3062275765696138,0.2021914815528115
2026-02-25,21,0.40787042931626094,0.36422478393618923,0.36422478393618934,0.36422478393618934,0.301945516211293,0.35840514447683514,0.366065191109284,0.31800740981386527,0.20789483772962034
2026-02-26,21,0.40589648436226583,0.3625518628742236,0.3625518628742236,0.3625518628742236,0.29710865216634375,0.3506283340435743,0.361909513442677,0.3103664642212768,0.21952708404025378
2026-02-27,21,0.41072600225749295,0.3614621277406069,0.361462127740607,0.361462127740607,0.28967836107173794,0.34291122552297154,0.3615075072896903,0.29824043566547587,0.21648510198408835
2026-03-02,21,0.403183935824539,0.34087947262582213,0.3408794726258222,0.3408794726258222,0.2950550534466248,0.3429738058452811,0.33652964161925186,0.31052345094989914,0.22124692927580505
2026-03-03,21,0.42224546220056375,0.3279646134886262,0.3279646134886263,0.3279646134886263,0.3050404972922876,0.34671501653379094,0.3263615454740879,0.3299750760966133,0.22532050885915683
2026-03-04,21,0.4151871608191258,0.3376994417987149,0.33769944179871497,0.33769944179871497,0.32030744894785373,0.36120889310829524,0.3404821382833249,0.3570686669179947,0.24438808011618096
2026-03-05,21,0.42383009464635996,0.31379644017258185,0.3137964401725819,0.3137964401725819,0.31236012246177186,0.33107062420338085,0.30822867362133943,0.3416110360077794,0.24023324754348732
2026-03-06,21,0.4335965430274784,0.3155385829385487,0.3155385829385488,0.3155385829385488,0.3341241568075911,0.36057457823452144,0.3175269743678041,0.37917781344436785,0.26914993690927985
2026-03-09,21,0.40775114729682654,0.3377775758487555,0.33777757584875556,0.33777757584875556,0.36510980909341306,0.39142881340594304,0.34254184765195184,0.4295742180753258,0.3209288512276115
2026-03-10,21,0.4042271442449424,0.31896530465064166,0.31896530465064177,0.31896530465064177,0.3595447956962794,0.359617801372022,0.3140681254922502,0.4150615744246838,0.27897847166062256
2026-03-11,21,0.3992753750529985,0.3231574305854857,0.32315743058548574,0.32315743058548574,0.3558610843238362,0.35773072280722146,0.3255037434274462,0.4047330037365135,0.2640082473166259
2026-03-12,21,0.3969830944931238,0.32083740701944546,0.3208374070194455,0.3208374070194455,0.3515209091925336,0.3575549861271152,0.3201371781437684,0.39397648164314925,0.2723254075752187
2026-03-13,21,0.3969720724738643,0.31850692700568317,0.31850692700568317,0.31850692700568317,0.34119654393110016,0.3358742104633742,0.31849239662877904,0.37330042999080576,0.2731433252495813
2026-03-16,21,0.38908299146966224,0.3246514150138122,0.32465141501381223,0.32465141501381223,0.3450646439650721,0.33606711684614077,0.3263391154039002,0.37906914031108707,0.27812290229734365
2026-03-17,21,0.38801843807152925,0.32383868308718433,0.32383868308718444,0.32383868308718444,0.3361124817786943,0.32332478855674585,0.3236050941980505,0.3616303840175334,0.2615022560117596
2026-03-18,21,0.38795345991970576,0.3232606169072928,0.32326061690729285,0.32326061690729285,0.3259911179921797,0.3140062976618561,0.3235088609881459,0.3428722956158672,0.24885528580871147
2026-03-19,21,0.35344939710266304,0.3606442496025629,0.36064424960256297,0.36064424960256297,0.3635090433282396,0.38849924624187837,0.3690466384115492,0.41059228579021906,0.2878099323838924
2026-03-20,21,0.34629865438237944,0.3638570946473056,0.36385709464730565,0.36385709464730565,0.36134547126626887,0.3809194312438168,0.362836043673512,0.40375943561405486,0.297962190685873
2026-03-23,21,0.33019505049860853,0.37494909685724964,0.3749490968572497,0.3749490968572497,0.3710041040831178,0.39794682924394426,0.37771858956380694,0.4181765383907853,0.29912821041213916
2026-03-24,21,0.316520716025171,0.38451928222131454,0.3845192822213146,0.3845192822213146,0.37630425695027087,0.40969717706819614,0.3860632302476349,0.4243167379252024,0.3039252681773915
2026-03-25,21,0.2790886869819495,0.4153254801261221,0.4153254801261221,0.4153254801261221,0.4052477935712746,0.4563991523567186,0.4217147874903599,0.4711488809482046,0.31048509511721056
2026-03-26,21,0.2808920285992328,0.40787042931626094,0.407870429316261,0.407870429316261,0.3937572815430432,0.4136126710848362,0.4047183832219866,0.44577964569087547,0.2850882705649188
2026-03-27,21,0.28144565200339017,0.40589648436226583,0.4058964843622659,0.4058964843622659,0.382479873852888,0.40847008044224553,0.4060890960550132,0.42204068935017336,0.28303241206206287
2026-03-30,21,0.28649065905125526,0.41072600225749295,0.410726002257493,0.410726002257493,0.3787071724843605,0.41363052452591,0.41166380170390643,0.41295322741915214,0.3124979739120703
2026-03-31,21,0.2951395175018194,0.403183935824539,0.40318393582453904,0.40318393582453904,0.3677745652538432,0.39233872093090766,0.4012448248609362,0.39142183101125017,0.3112345755561714
2026-04-01,21,0.25113203873353407,0.42224546220056375,0.42224546220056386,0.42224546220056386,0.3977223682916456,0.4272717769335668,0.42676045424303216,0.44480683288752865,0.3220791583375769
2026-04-02,21,0.2389886305321404,0.4151871608191258,0.4151871608191259,0.4151871608191259,0.39544223743714996,0.4150392321534131,0.41250664814959015,0.43746571135187196,0.3232275890800728
2026-04-07,21,0.23581859305134495,0.42383009464635996,0.42383009464636,0.42383009464636,0.3965562561656166,0.42937286930887275,0.4261871684992623,0.4367449480058938,0.2931607128000999
2026-04-08,21,0.2141573741263624,0.4335965430274784,0.4335965430274784,0.4335965430274784,0.4222522298898213,0.4605433775000173,0.43503943996396377,0.47964303209159365,0.29530094837728105
2026-04-09,21,0.21417492932683557,0.40775114729682654,0.4077511472968266,0.4077511472968266,0.4105667204332163,0.4227994615241991,0.40162093411673755,0.45438315831291115,0.25254114638413183
2026-04-10,21,0.21379847297992474,0.4042271442449424,0.40422714424494244,0.40422714424494244,0.3985114128577478,0.40073108681325714,0.4047443821825277,0.4296630802220854,0.2615752778814801
2026-04-13,21,0.23446974810048857,0.3992753750529985,0.39927537505299854,0.39927537505299854,0.3865105792493995,0.3908858145110588,0.3980256836629101,0.40613382501518963,0.2572506440507284
2026-04-14,21,0.23840661172166439,0.3969830944931238,0.3969830944931239,0.3969830944931239,0.37769730592354944,0.38839955785165203,0.3967259343001889,0.38961364715557034,0.267139855945215
2026-04-15,21,0.2380025939674069,0.3969720724738643,0.39697207247386435,0.39697207247386435,0.366533848816762,0.3476699244876016,0.3970007666348439,0.3693216479649168,0.26190691189232335
2026-04-16,21,0.25975377911865843,0.38908299146966224,0.3890829914696623,0.3890829914696623,0.3579274965633688,0.3480014449510018,0.38733888338971256,0.3548339153019536,0.2626319728769187
2026-04-17,21,0.28105064428767174,0.38801843807152925,0.38801843807152925,0.38801843807152925,0.34702907733050786,0.3407857135187502,0.3881859873558055,0.3363545163640071,0.2519188924761745
2026-04-20,21,0.28103196689632803,0.38795345991970576,0.3879534599197058,0.3879534599197058,0.336477047615361,0.3408232683990372,0.3879190501369693,0.319230342945205,0.25628602869144346
2026-04-21,21,0.2923045277297935,0.35344939710266304,0.35344939710266304,0.35344939710266304,0.3262453768607815,0.31116103295194925,0.34598671320730057,0.30334819926836254,0.25433460794718
2026-04-22,21,0.30435087829588947,0.34629865438237944,0.34629865438237956,0.34629865438237956,0.31639414126438486,0.30613577701300265,0.3465836666541164,0.2887751476327888,0.2500572262561426
2026-04-23,21,0.3061996432394692,0.33019505049860853,0.3301950504986086,0.3301950504986086,0.30867497939398586,0.2963994783403114,0.3268539690978068,0.27925954518457385,0.25359380117862734
2026-04-24,21,0.314636272986068,0.316520716025171,0.3165207160251711,0.3165207160251711,0.3010651522410772,0.2905516883846672,0.3145865722819037,0.2702414470917479,0.24771157861257478
2026-04-27,21,0.3107973230698145,0.2790886869819495,0.2790886869819495,0.2790886869819495,0.2970310624990091,0.2752123157711454,0.2717473347988467,0.2692339368289719,0.2576265579885217
2026-04-28,21,0.30963332729636434,0.2808920285992328,0.28089202859923285,0.28089202859923285,0.2913396094187579,0.27851035982629435,0.28344497967983745,0.2643937784516057,0.24137149758109888
2026-04-29,21,0.3262910108870477,0.28144565200339017,0.2814456520033902,0.2814456520033902,0.2841250679454884,0.2784534430028688,0.28152550507712426,0.2562904302223119,0.23735450366901317
2026-04-30,21,0.3285729218961786,0.28649065905125526,0.2864906590512553,0.2864906590512553,0.2922316830796887,0.3025254789756082,0.28809056772777636,0.28046985504152405,0.2558751906380147
2026-05-01,21,0.3213039071930571,0.2951395175018194,0.29513951750181944,0.29513951750181944,0.29505576017259616,0.31238815316934504,0.29716041720964775,0.291054667084422,0.2511217234009015
2026-05-04,21,0.3232552903331221,0.25113203873353407,0.2511320387335341,0.2511320387335341,0.28737505811574665,0.2719823655469055,0.24159615612732221,0.2799543786411469,0.23881693497784737
2026-05-05,21,0.32553774933788465,0.2389886305321404,0.23898863053214045,0.23898863053214045,0.27894916720161,0.2597216931125491,0.2391333214660815,0.2677855111267654,0.23565493417814684
2026-05-06,21,0.3291617739924854,0.23581859305134495,0.23581859305134503,0.23581859305134503,0.28550333994137983,0.2757672607793429,0.2358204824202364,0.28573866152906424,0.24469227325831946
2026-05-07,21,0.31486103464797577,0.2141573741263624,0.21415737412636252,0.21415737412636252,0.30792152521758265,0.27411305344920883,0.21019181231014633,0.3308376677606529,0.25583657859463826
2026-05-08,21,0.32680640726516286,0.21417492932683557,0.21417492932683566,0.21417492932683566,0.30017012391121434,0.2547960760789653,0.21589445470626142,0.317054897595659,0.25494834992923326
2026-05-11,21,0.3304753500549466,0.21379847297992474,0.2137984729799248,0.2137984729799248,0.29129570970960894,0.2512826276601031,0.21417186318406795,0.3018646684754682,0.24162023479269337
2026-05-12,21,0.3163639906862306,0.23446974810048857,0.23446974810048862,0.23446974810048862,0.3025644872493603,0.2882448668086612,0.23970986477965558,0.3245733994282792,0.23791010610679267
2026-05-13,21,0.3365999894352916,0.23840661172166439,0.2384066117216645,0.2384066117216645,0.3010423295494487,0.2822621590504386,0.23884039836929016,0.3223445698934429,0.23726200831573147
2026-05-14,21,0.36596348266238743,0.2380025939674069,0.23800259396740697,0.23800259396740697,0.2918861008181957,0.2561604460786763,0.2385409719324692,0.30627937914496245,0.22148699014248663
2026-05-15,21,0.3487891909919378,0.25975377911865843,0.25975377911865855,0.25975377911865855,0.30911689861041447,0.30193923579903326,0.26507714378084435,0.3389104845039908,0.23787501503218253
2026-05-18,21,0.33332314872753843,0.28105064428767174,0.2810506442876718,0.2810506442876718,0.32301060024345113,0.3268182472714979,0.28511381362871535,0.36285968849486844,0.2538862862156909
2026-05-19,21,0.33639215422847113,0.28103196689632803,0.2810319668963281,0.2810319668963281,0.3131706293840867,0.30120511526613375,0.2806478291755333,0.34368846689949184,0.24307518859370117
2026-05-20,21,0.35668784097846895,0.2923045277297935,0.29230452772979354,0.29230452772979354,0.31677576601593366,0.3243935665065899,0.29535658805835635,0.34943632812825776,0.2603729472196806
2026-05-21,21,0.3465535728511494,0.30435087829588947,0.3043508782958895,0.3043508782958895,0.32161734666326297,0.3399406357965267,0.30675559125833984,0.3570409081718514,0.25022362626939465
2026-05-22,21,0.34644099391089433,0.3061996432394692,0.3061996432394693,0.3061996432394693,0.31596677545890595,0.3255041802322372,0.3064774175915213,0.34571317042515176,0.23392132479943967
2026-05-25,21,0.33963429091768677,0.314636272986068,0.3146362729860681,0.3146362729860681,0.3186240443569511,0.33070833444667375,0.31680650883235606,0.34985820180733435,0.23192795414276646
2026-05-26,21,0.3510737484590104,0.3107973230698145,0.3107973230698146,0.3107973230698146,0.3089180702003498,0.31583231688748936,0.30984362100345875,0.33169961864803627,0.22510299988901838
2026-05-27,21,0.35195269991781425,0.30963332729636434,0.3096333272963644,0.3096333272963644,0.301230094110619,0.31267258457827174,0.3099708829376048,0.3180854651957643,0.2165287630807531
2026-05-28,21,0.3364673009494346,0.3262910108870477,0.32629101088704776,0.32629101088704776,0.31556840938570285,0.34152348661582954,0.33021509278384786,0.3450146949571015,0.254061667676989
2026-05-29,21,0.32696959143195764,0.3285729218961786,0.32857292189617865,0.32857292189617865,0.32404816199301784,0.34884059682521046,0.32850253744331764,0.3594519696705638,0.2481348295353297
2026-06-01,21,0.3261334949893585,0.3213039071930571,0.32130390719305724,0.32130390719305724,0.31549499219507904,0.3270950977900546,0.32003568432302304,0.3429457316821392,0.23350849553118144
2026-06-02,21,0.3235239861158894,0.3232552903331221,0.32325529033312217,0.32325529033312217,0.3096767128230111,0.3332524452911454,0.32428806901098983,0.33219653600580396,0.24485372656775842
2026-06-03,21,0.32954133287294035,0.32553774933788465,0.32553774933788476,0.32553774933788476,0.3036360133510602,0.3352906695101294,0.3261226478521353,0.3216065674923704,0.24730040663804334
2026-06-04,21,0.3159894384926928,0.3291617739924854,0.3291617739924855,0.3291617739924855,0.3130829792326328,0.3439166073581003,0.330126104290758,0.3395835579540773,0.2589294435848125
2026-06-05,21,0.3196357951053103,0.31486103464797577,0.31486103464797577,0.31486103464797577,0.31421223695573963,0.3260697944350809,0.31183431842331644,0.34142049192488033,0.2615415448434678
2026-06-09,21,0.3124309485133732,0.32680640726516286,0.3268064072651629,0.3268064072651629,0.3216190184504309,0.34610695739809855,0.3304259618832994,0.35427730232224486,0.2781999803460347
2026-06-10,21,0.31458106966818683,0.3304753500549466,0.33047535005494666,0.33047535005494666,0.3169040952687022,0.3428127424338031,0.33076992329547006,0.34489846778273425,0.2667554079089027
2026-06-11,21,0.3259946851329496,0.3163639906862306,0.3163639906862307,0.3163639906862307,0.30770891655663707,0.3260917577638922,0.3135212568455326,0.3279889709600358,0.28100747235942797
2026-06-12,21,0.29990894426562315,0.3365999894352916,0.3365999894352917,0.3365999894352917,0.3320037329617108,0.3657843096165461,0.3419668916773184,0.37165029642769576,0.26141845587260315
2026-06-15,21,0.26396312384984344,0.36596348266238743,0.3659634826623875,0.3659634826623875,0.36002074255566413,0.4009234642325929,0.37139849816592385,0.41794502306536974,0.25053873130479254
2026-06-16,21,0.26839476759773007,0.3487891909919378,0.34878919099193784,0.34878919099193784,0.3490539822892329,0.35994653763633483,0.3439746235914304,0.3947835972100491,0.23128865674981589
2026-06-17,21,0.2702151820840127,0.33332314872753843,0.3333231487275385,0.3333231487275385,0.3402229846081015,0.3528035571904228,0.33123152759507285,0.37652928831060556,0.23134111430653106
2026-06-18,21,0.28437030855143797,0.33639215422847113,0.3363921542284712,0.3363921542284712,0.33376110939892484,0.3587077251428733,0.3377914605429218,0.3634356116272046,0.23918193349888822
2026-06-19,21,0.24676749932175976,0.35668784097846895,0.356687840978469,0.356687840978469,0.3613753122586984,0.3911058535968475,0.36103681528410125,0.4110503542754354,0.2866333892136363
2026-06-22,21,0.2493993937673011,0.3465535728511494,0.34655357285114946,0.34655357285114946,0.35055444591298734,0.34437923635979945,0.3435494104884884,0.3887888902148638,0.2772217096710703
2026-06-23,21,0.2589649979239275,0.34644099391089433,0.34644099391089433,0.34644099391089433,0.3435409175741867,0.35183568296827217,0.3472885931269673,0.3743913642610432,0.28756940151736504
2026-06-24,21,0.2594833966875882,0.33963429091768677,0.3396342909176868,0.3396342909176868,0.33575501707272853,0.3465454198782916,0.33817687752449593,0.3593695386075271,0.2860617691910707
2026-06-25,21,0.25794464504856385,0.3510737484590104,0.35107374845901046,0.35107374845901046,0.3404755274874881,0.36821031490427936,0.3541159714437376,0.3677850674530835,0.28563853725559984
2026-06-26,21,0.26658217398004896,0.35195269991781425,0.3519526999178143,0.3519526999178143,0.33283896194762086,0.33901735709891834,0.35165344238978014,0.3533870931670706,0.26843610555899977
2026-06-29,21,0.27289827962406693,0.3364673009494346,0.3364673009494346,0.3364673009494346,0.32402301792833627,0.32733848721778736,0.3333557415259296,0.3375099267759532,0.2523671172643359
2026-06-30,21,0.2722276072364093,0.32696959143195764,0.3269695914319577,0.3269695914319577,0.3196104375796688,0.3260152464595923,0.32585339126417784,0.3305865067458066,0.2641904445737105
2026-07-01,21,0.27444150430163805,0.3261334949893585,0.32613349498935856,0.32613349498935856,0.31010330755600957,0.3169948366140627,0.3264986630204156,0.3143811361825485,0.25793569146846795
2026-07-02,21,0.2804702021810367,0.3235239861158894,0.32352398611588945,0.32352398611588945,0.3009866406915069,0.30155333377498783,0.32318001051407896,0.2995883532445814,0.24001923668659927
2026-07-03,21,0.2704007260228412,0.32954133287294035,0.3295413328729404,0.3295413328729404,0.3035753124564277,0.323611121267548,0.3312378266384343,0.3079565388698287,0.2390630642479075
2026-07-06,21,0.2739088112402429,0.3159894384926928,0.31598943849269284,0.31598943849269284,0.29489594337910985,0.30440182348920786,0.312961421237879,0.2941156784004382,0.22195136512789843
2026-07-07,21,0.2857887069396167,0.3196357951053103,0.31963579510531037,0.31963579510531037,0.3020856798354731,0.325590891548889,0.32144784118141,0.31111168471678263,0.22854799570349013
2026-07-08,21,0.2821879721118779,0.3124309485133732,0.3124309485133733,0.3124309485133733,0.3011240045357214,0.3218205513230068,0.31080122834608986,0.311418325336189,0.24305692239061488
2026-07-09,21,0.27935962097934736,0.31458106966818683,0.31458106966818683,0.31458106966818683,0.30021581831373073,0.3277652686557175,0.31577545031790205,0.31167565059867713,0.24454262815872332
2026-07-10,21,0.2711166839151102,0.3259946851329496,0.32599468513294966,0.32599468513294966,0.3069466548249169,0.34167548655930874,0.32856113068862025,0.3257814366706733,0.24579634395580024
2026-07-13,21,0.271752386528023,0.29990894426562315,0.2999089442656232,0.2999089442656232,0.29868686032551944,0.3139298675604492,0.29399162155063835,0.3115079192079842,0.2418613572178902
2026-07-14,21,0.27110818244264995,0.26396312384984344,0.2639631238498435,0.2639631238498435,0.29038648664784705,0.2800658961913779,0.25790280503547364,0.29781659477595923,0.24441507550542074
2026-07-15,21,0.26814314033511216,0.26839476759773007,0.2683947675977302,0.2683947675977302,0.2867718856036659,0.28560914468462306,0.27129639688513224,0.2935346141516767,0.2424144158394824
2026-07-16,21,0.27873784111239325,0.2702151820840127,0.27021518208401274,0.27021518208401274,0.2824226740087119,0.2833817896652604,0.27054271936184876,0.28800967592171156,0.2349309701070468
2026-07-17,21,0.2679499468304686,0.28437030855143797,0.2843703085514381,0.2843703085514381,0.2957329866741651,0.30512120708902324,0.28793529224816566,0.3151484435241185,0.2660630145033431
2026-07-20,21,0.2669224182941084,0.24676749932175976,0.24676749932175984,0.24676749932175984,0.28796680620809995,0.26737739372566316,0.23833075577960658,0.30196420796112555,0.2610177534643722
2026-07-21,21,0.26431104902544644,0.2493993937673011,0.24939939376730116,0.24939939376730116,0.28235899314224794,0.27267077833337694,0.2525106201214895,0.29336458964597656,0.26093060349749725
2026-07-22,21,0.2814040217166973,0.2589649979239275,0.2589649979239276,0.2589649979239276,0.28909409613014503,0.2917974595328439,0.26101215379979203,0.3076861681966016,0.26570500324545593
2026-07-23,21,0.2788296915483352,0.2594833966875882,0.2594833966875883,0.2594833966875883,0.28406303030397606,0.28528195103040144,0.2597616512592361,0.2996763196893086,0.26372923499575995
2026-07-24,21,0.27574452172825276,0.25794464504856385,0.2579446450485639,0.2579446450485639,0.29120977421868616,0.287556870422925,0.25816605462728975,0.31398041690891904,0.2695415553979943
2026-07-27,21,0.265377072388238,0.26658217398004896,0.2665821739800491,0.2665821739800491,0.29535931529266046,0.2986800057797,0.26902673397154636,0.3218423032551919,0.24674335671625441
2026-07-28,21,0.2577404066307931,0.27289827962406693,0.272898279624067,0.272898279624067,0.29521566562847895,0.30376503142791056,0.2743071756782518,0.3216010449748155,0.24704883343649903
2026-07-29,21,0.25612471620960986,0.2722276072364093,0.27222760723640943,0.27222760723640943,0.29141356420197245,0.29604873029050954,0.2723225687297335,0.3149041722094433,0.26165729274579097
2026-07-30,21,0.2541353456131945,0.27444150430163805,0.2744415043016381,0.2744415043016381,0.2854711404875605,0.2951849032655849,0.2754547381042274,0.3047402380146424,0.2566183427413959
2026-07-31,21,0.25763114187359304,0.2804702021810367,0.28047020218103674,0.28047020218103674,0.2846367573990444,0.29855595838289917,0.2820955769263401,0.3042704140912151,0.256251609603131
2026-08-03,21,0.25872851840617683,0.2704007260228412,0.27040072602284126,0.27040072602284126,0.27598621643047855,0.2744548393062175,0.268376107633179,0.28969547782033955,0.23879297518971554
2026-08-04,21,0.2725306507579183,0.2739088112402429,0.273908811240243,0.273908811240243,0.27265245939211824,0.2805550848029552,0.27567881459697524,0.2855070151034237,0.24720504651094719
2026-08-05,21,0.25001273586333317,0.2857887069396167,0.2857887069396168,0.2857887069396168,0.29625476542440493,0.31628007310483797,0.2885151790444942,0.32914220515493886,0.2515163236596707
2026-08-06,21,0.24650252649885449,0.2821879721118779,0.282187972111878,0.282187972111878,0.29123746050609056,0.30243700215385694,0.28129452113920017,0.31964523108521914,0.23324578934817747
2026-08-07,21,0.24183021567595173,0.27935962097934736,0.2793596209793474,0.2793596209793474,0.28744271528637727,0.2998708617967619,0.2794510640267777,0.3128250683988297,0.2370243237650959
2026-08-10,21,0.23594549040186089,0.2711166839151102,0.27111668391511023,0.27111668391511023,0.28538236973784686,0.2985923267679008,0.2698309952751381,0.3094405630761832,0.21873325026564475
2026-08-11,21,0.23933732344508635,0.271752386528023,0.2717523865280231,0.2717523865280231,0.27864297557665657,0.29358785390334335,0.2727324870187888,0.2979417201592484,0.2034341161209134
2026-08-12,21,0.24386686240395838,0.27110818244264995,0.27110818244265,0.27110818244265,0.27019632958459955,0.2694113223347485,0.2713065962277141,0.283921726524628,0.20567300250906406
2026-08-13,21,0.26576148755147877,0.26814314033511216,0.26814314033511216,0.26814314033511216,0.26378843216748543,0.26893309606376975,0.2680147564479527,0.2742523915940298,0.20781562404534465
2026-08-14,21,0.25103544323971927,0.27873784111239325,0.2787378411123933,0.2787378411123933,0.27416875617981556,0.2949980606126325,0.2816312620164987,0.29524949803503436,0.22291911212678336
2026-08-17,21,0.25511374058594766,0.2679499468304686,0.26794994683046863,0.26794994683046863,0.275151947833141,0.2851744259256509,0.26549609547492614,0.2979284309185526,0.22831312540496138
2026-08-18,21,0.25870425601805397,0.2669224182941084,0.2669224182941085,0.2669224182941085,0.26681069886384684,0.27399389109533423,0.267814267317336,0.28391013553661865,0.22458128861408064
2026-08-19,21,0.2591650224552602,0.26431104902544644,0.26431104902544655,0.26431104902544655,0.2587391613178791,0.2723031185254094,0.2641247838125399,0.27101774739460954,0.22194555659945228
2026-08-20,21,0.2319838100680088,0.2814040217166973,0.2814040217166974,0.2814040217166974,0.2886429156982271,0.32156344178735535,0.28573220100139207,0.3252519132270736,0.2220329391964184
2025-01-02,63,0.18560834560876413,0.17163495035677293,0.1716349503567729,0.18997578723636815,0.17814478761362815,0.24556094574569493,0.17231989042858992,0.26467989091839905,0.17984837293624878
2025-01-03,63,0.18925203630470697,0.17165703579163305,0.17165703579163302,0.18986108373742308,0.17281683279131707,0.24081617803779737,0.17170257333491817,0.2581549133551074,0.17614471912384033
2025-01-06,63,0.1890402463425373,0.1730214591883535,0.17302145918835346,0.19715483800711517,0.17787725525480022,0.2572875933830717,0.17354836341801988,0.26541480517065413,0.1796834021806717
2025-01-07,63,0.21130757160801117,0.17347406055405695,0.17347406055405695,0.19699524121246811,0.17419503707076758,0.2535605018613056,0.17366154054412902,0.26090760416580483,0.1796671599149704
2025-01-08,63,0.21536754471021347,0.17333410389585227,0.17333410389585227,0.2015792067282863,0.1756461962680626,0.2611613198681151,0.17345991579845,0.2632636291980509,0.17878101766109467
2025-01-09,63,0.22705904361169194,0.17137770464695076,0.17137770464695073,0.20103239585711932,0.17048890160884522,0.2538905029640206,0.17107734237240563,0.2569327574598167,0.17884834110736847
2025-01-10,63,0.25678547928950024,0.17142610524136775,0.17142610524136773,0.20536922490441,0.1739966490262277,0.26582161943874055,0.17171713067383704,0.26207705269113196,0.17576226592063904
2025-01-13,63,0.2568674450480792,0.17155962432860422,0.1715596243286042,0.17424590897988762,0.16920839597146092,0.23608520621944937,0.1717272175491883,0.256233475670823,0.1765085756778717
2025-01-14,63,0.2596298175903488,0.1711498588740391,0.1711498588740391,0.1780672729850526,0.16992631651700252,0.2441091482472827,0.17121533431085845,0.2577515487852537,0.17356646060943604
2025-01-15,63,0.2595554447225849,0.1705983677127103,0.17059836771271028,0.17837671543795391,0.16520060719539048,0.23735811083518696,0.17065432946147951,0.2521879936008339,0.17338338494300842
2025-01-16,63,0.2592763370081807,0.17174336171888674,0.17174336171888674,0.1675372390329256,0.1649471369773174,0.23555413720684454,0.17221371243986022,0.2526073427403264,0.1738530844449997
2025-01-17,63,0.26113496019872434,0.17173540593228304,0.17173540593228304,0.1464469608123774,0.16026034012971782,0.21383842387149918,0.17182419710620678,0.2473255075859613,0.17694316804409027
2025-01-20,63,0.2611095261255358,0.16947518218663796,0.16947518218663796,0.14638949306338683,0.15557553170140195,0.21321466217134816,0.1691097707433049,0.2423178797145479,0.17262712121009827
2025-01-21,63,0.26085067519133803,0.16620021090628814,0.16620021090628814,0.1489171696538925,0.15407340237487735,0.215870279868782,0.16569987404174136,0.2415584855163962,0.1749672144651413
2025-01-22,63,0.2622839008058168,0.1647567980081329,0.1647567980081329,0.12999815339139412,0.15187009850886235,0.20399252426224562,0.1647355952112201,0.23988606141803465,0.17589537799358368
2025-01-23,63,0.2611310944408465,0.16674502735347124,0.16674502735347124,0.13734456448976692,0.1568463151937331,0.21430347800374133,0.1674412187397359,0.2472413927031751,0.17562344670295715
2025-01-24,63,0.26259506484645845,0.1635695431726501,0.1635695431726501,0.1302065439444734,0.15206901375099724,0.2027910706558364,0.1628361114567482,0.241891643386822,0.17180708050727844
2025-01-28,63,0.26242863835375513,0.16220972764193967,0.16220972764193967,0.13192961229447298,0.1501969107753996,0.2084389955625379,0.16226643987055267,0.24042452027081987,0.17306920886039734
2025-01-29,63,0.2629306243230313,0.16118684824948462,0.1611868482494846,0.1308156725901819,0.14566003232202965,0.20304675866083136,0.16113361796872866,0.23566948636873916,0.1726231724023819
2025-01-30,63,0.2631565567772847,0.16085955731720464,0.16085955731720464,0.13170745981521037,0.1423106702516688,0.20458258321762335,0.16100236835359033,0.23259935395097103,0.17333729565143585
2025-01-31,63,0.2618807901415446,0.16297275950274642,0.16297275950274642,0.13795178157470356,0.1485868540647571,0.21344872649344707,0.16366050610134258,0.24155959893722456,0.170384481549263
2025-02-03,63,0.2588295630982108,0.1678028223708346,0.16780282237083463,0.1521267373550735,0.165881933158628,0.23463547750537983,0.1690165801715282,0.26355801595897965,0.17151692509651184
2025-02-04,63,0.25807873742739895,0.169352399520912,0.16935239952091202,0.15723594410218636,0.16700774359334533,0.23459070803660892,0.16963880778901091,0.26432635892838147,0.1686497926712036
2025-02-05,63,0.25524804980033367,0.17344203937258018,0.17344203937258018,0.16290792499979542,0.1790884190122144,0.2472946966832394,0.17457003213936195,0.2788742551267507,0.16909168660640717
2025-02-06,63,0.2546131146123389,0.17473954361798735,0.17473954361798738,0.16597604393431967,0.17894614737657588,0.24642889564684944,0.17498233018913323,0.2773383827549191,0.17205066978931427
2025-02-07,63,0.254793272280567,0.17477855810425016,0.17477855810425016,0.1604436707108853,0.17364713315515057,0.23594359601863502,0.17493033021659393,0.26943833552033014,0.17203108966350555
2025-02-10,63,0.2551045100638443,0.1751257384298639,0.1751257384298639,0.16149637334795644,0.16981497199603315,0.23258898226486469,0.175374328723771,0.26389686627035425,0.17278622090816498
2025-02-11,63,0.2549297136613388,0.1743238001540884,0.1743238001540884,0.15526411034701262,0.16604771548037764,0.22665580839901645,0.17426942271637436,0.2587851400380042,0.17354623973369598
2025-02-12,63,0.2555238386683405,0.1660455568094789,0.1660455568094789,0.15687134861850288,0.16347104466686355,0.22143696816721098,0.16424941832017798,0.25546177204700116,0.1725020855665207
2025-02-13,63,0.25486835213347925,0.16466642096298542,0.1646664209629854,0.16115676833937895,0.1696997641322479,0.23101326397799557,0.16497396744521597,0.26331167237452513,0.17357873916625977
2025-02-14,63,0.2556644714449168,0.16316904444300537,0.16316904444300537,0.16182918699341506,0.16580881505411552,0.2270055015259782,0.1629364382270716,0.2580730948253008,0.17173103988170624
2025-02-17,63,0.25552509728503714,0.1609930230272855,0.1609930230272855,0.15891239383330205,0.16191980961924468,0.22469151892797273,0.16072762381135008,0.2531503718520472,0.1769038289785385
2025-02-18,63,0.2559992546585505,0.16104893373684753,0.16104893373684753,0.15919782884855158,0.15769471489842224,0.2239092689418402,0.16133453738470555,0.2480878884624039,0.17349888384342194
2025-02-19,63,0.2561332170781118,0.15802060399523057,0.15802060399523055,0.15923013957416068,0.15313360652727817,0.22198748731335724,0.15742281360690252,0.24289095813993272,0.169879749417305
2025-02-20,63,0.25493305252840465,0.16055616107659273,0.1605561610765927,0.16441873135819238,0.15857457091138633,0.230199412023065,0.16152596369205957,0.25029384643995684,0.16969534754753113
2025-02-21,63,0.2532795277719328,0.16318804806676912,0.1631880480667691,0.1704359798687494,0.16409189566773977,0.23844035977126207,0.16379838029659888,0.2573600472186149,0.16835090517997742
2025-02-24,63,0.25011356948746355,0.16808892583961618,0.16808892583961618,0.1777682982397678,0.17733486632987192,0.2520659554308672,0.1693363373231877,0.27377585491858164,0.1675424575805664
2025-02-25,63,0.24944259524821422,0.16821806128383476,0.16821806128383476,0.18130210074856848,0.17652153851794936,0.25089992947710027,0.16814889336946365,0.27171939931637823,0.16861487925052643
2025-02-26,63,0.2461255004761456,0.17301971843201244,0.17301971843201244,0.1931813096327467,0.18898963594068674,0.26882397173849415,0.1744052850281851,0.2867704568170631,0.17124485969543457
2025-02-27,63,0.2445586111194533,0.17508888433797715,0.17508888433797715,0.19905081469449343,0.19101340242682624,0.2692998953341079,0.17545426807643288,0.2878022510216137,0.16822895407676697
2025-02-28,63,0.24005490015684341,0.1821098794891246,0.1821098794891246,0.21674373004062336,0.2094630839627838,0.2907483552861364,0.1839245578144187,0.3105249796803743,0.17066709697246552
2025-03-03,63,0.23711049672997134,0.1861884283236344,0.18618842832363436,0.22152632823541335,0.21661996712875162,0.29081786905743234,0.18693200576744262,0.31754796309113575,0.16827693581581116
2025-03-04,63,0.23682670458051297,0.18616581437605556,0.18616581437605556,0.21151781809701686,0.21309904647955935,0.27916761255418204,0.18617185096188704,0.31003116997171193,0.16889962553977966
2025-03-05,63,0.23699687903744007,0.1861100379292437,0.18611003792924372,0.20770282958693428,0.20663292416335932,0.268013976680772,0.1862873960377441,0.29908884547090275,0.16820652782917023
2025-03-06,63,0.23523580712906358,0.18837678296068044,0.18837678296068044,0.20260408411109404,0.20821604732023158,0.27144441153334875,0.189076281608771,0.2996755022296411,0.16928799450397491
2025-03-07,63,0.23509438369506291,0.18828689497194215,0.18828689497194218,0.20000173057771262,0.2032387217261523,0.2576981980109379,0.18828565177877885,0.29149632936324266,0.18057291209697723
2025-03-10,63,0.2336409583357717,0.19018827733045818,0.1901882773304582,0.20527638550352983,0.20389710818533333,0.26143108592766573,0.1908409779239098,0.2914051916471912,0.18236805498600006
2025-03-11,63,0.23294953083516678,0.19105281497923635,0.19105281497923635,0.20738474279916308,0.20166515093480697,0.2616042189059549,0.1912933726684933,0.2874819925336065,0.19107720255851746
2025-03-12,63,0.23265465395576812,0.19092533732987169,0.19092533732987169,0.20754274452239607,0.19691687171403507,0.26029271516607044,0.19102469821177467,0.28043838630082407,0.18707329034805298
2025-03-13,63,0.2330314189800096,0.18019044741500168,0.18019044741500165,0.2059988718542905,0.19092007308453704,0.25232187237159176,0.17774850141697401,0.27215961919369674,0.184173122048378
2025-03-14,63,0.22963427895306252,0.18452267058828842,0.1845226705882884,0.21087055316752173,0.20124839771223452,0.2718909470498951,0.18636206609221748,0.2861637811371217,0.18121956288814545
2025-03-17,63,0.22803014839529556,0.18732410248396292,0.18732410248396292,0.21740289726883674,0.20498368119645705,0.27538257156354884,0.1877486739790335,0.2906273684187599,0.18153469264507294
2025-03-18,63,0.23051251881770657,0.1830120890476522,0.1830120890476522,0.21715984627953513,0.19934679337761518,0.26803219833174985,0.18205290613567804,0.2822367361193929,0.17760589718818665
2025-03-19,63,0.23053164385623895,0.17689255327029266,0.17689255327029266,0.21698448139481172,0.19360151551204824,0.2668966033241237,0.17583334230900433,0.27422177353355126,0.1797041893005371
2025-03-20,63,0.23088134666108961,0.17705554889747477,0.17705554889747477,0.21739797873484537,0.18850280071477107,0.26817712283283135,0.17754886162777134,0.267553949300799,0.18208713829517365
2025-03-21,63,0.2332301963557762,0.17702527625939077,0.17702527625939074,0.21166956008122031,0.18277682512296842,0.25477791586891047,0.17709375416317152,0.26043666824143785,0.16912750899791718
2025-03-24,63,0.23433257132971844,0.17166355570794528,0.1716635557079453,0.2060514158065687,0.1781430493646832,0.24519864040113018,0.1705410637627972,0.25516892830567944,0.16850247979164124
2025-03-25,63,0.23376441355639477,0.17210188430572254,0.17210188430572257,0.19593896623896503,0.17562997316671128,0.24237850427997287,0.17267979583417753,0.2529691665694958,0.16915349662303925
2025-03-26,63,0.23729821620411826,0.1709918989752538,0.17099189897525383,0.1946548040087431,0.17309591038782646,0.24329892531821198,0.1707799857589184,0.2508083348251832,0.16958028078079224
2025-03-27,63,0.23800093250660992,0.17082397616217002,0.17082397616217002,0.18115753228604076,0.16792857633668276,0.2306691287730462,0.17103328580910004,0.2452609055641112,0.17312780022621155
2025-03-28,63,0.2376361041276207,0.17104355422839787,0.1710435542283979,0.17616391600860143,0.164838762723118,0.23110608144266664,0.17124439076016018,0.24269988046259508,0.17477992177009583
2025-03-31,63,0.23077583987455794,0.18278699069444534,0.18278699069444534,0.1894955208401929,0.20312956857671932,0.2693812016200484,0.18578662616077357,0.2933851793109807,0.16982491314411163
2025-04-01,63,0.23567952051532012,0.1832681457202225,0.18326814572022251,0.180712566154342,0.20092516439354416,0.25344520854935126,0.18284732131707424,0.2891498379906987,0.17129723727703094
2025-04-02,63,0.23357144795323573,0.18560834560876413,0.18560834560876413,0.18833226565845052,0.20686770157811682,0.2649786126278761,0.18646959676736988,0.29589438647819905,0.17150500416755676
2025-04-03,63,0.2312252139520956,0.18925203630470697,0.18925203630470694,0.1989607805581531,0.21312866077260978,0.27574005290112547,0.1901163704314459,0.30284798644559463,0.17150478065013885
2025-04-04,63,0.2294314142854428,0.1890402463425373,0.1890402463425373,0.19905084095654418,0.2143878453219079,0.2755396286048376,0.1889662796194017,0.30291530858982013,0.18802833557128906
2025-04-07,63,0.21165183035650506,0.21130757160801117,0.21130757160801117,0.2576896002217732,0.27839522843673165,0.340026517228726,0.21691301750951603,0.38995430991950175,0.23505109548568726
2025-04-08,63,0.2073817807312425,0.21536754471021347,0.2153675447102135,0.2669624917978943,0.28588465033401633,0.338330480190301,0.21516412851400948,0.3951317334911084,0.22197574377059937
2025-04-09,63,0.1974064807514576,0.22705904361169194,0.22705904361169194,0.2925370364708565,0.31055554587652956,0.3671183773364412,0.23011074215231522,0.4256671454910657,0.22078421711921692
2025-04-10,63,0.15503491966938643,0.25678547928950024,0.25678547928950024,0.36143521183758137,0.3846791608054858,0.44289740921772297,0.26342727668856925,0.5289773665248277,0.22054393589496613
2025-04-11,63,0.15486961270697605,0.2568674450480792,0.2568674450480792,0.3617989742301045,0.3734054849044945,0.4150528201916285,0.2554167886262609,0.5024058375362881,0.2238573580980301
2025-04-14,63,0.1508434148879967,0.2596298175903488,0.2596298175903488,0.3630220824842818,0.37204873624116347,0.41534344098929477,0.2607955760754239,0.4920764586474948,0.18872694671154022
2025-04-15,63,0.15109536362495388,0.2595554447225849,0.25955544472258496,0.3586842359953704,0.36071855081710513,0.3989728885287991,0.2593952689056118,0.4672766153680295,0.19251571595668793
2025-04-16,63,0.15381119558717304,0.2592763370081807,0.25927633700818076,0.35952901002166354,0.3511655033232894,0.39597121094885657,0.259388909829799,0.446092898888715,0.19615454971790314
2025-04-17,63,0.15119045408261464,0.26113496019872434,0.2611349601987244,0.3635219229120853,0.3459518023270661,0.37119692486585465,0.26169963551130504,0.4330665421804834,0.19001933932304382
2025-04-22,63,0.159455982973161,0.2611095261255358,0.2611095261255358,0.3632057755511367,0.3354293570979925,0.3635835307186274,0.2611059715590776,0.41239499983853345,0.20594589412212372
2025-04-23,63,0.16108559726513297,0.26085067519133803,0.2608506751913381,0.36371926310949804,0.32594241675177765,0.3581745307182546,0.26092863908628844,0.39453722442842404,0.18615539371967316
2025-04-24,63,0.15811610237995782,0.2622839008058168,0.26228390080581687,0.36725049309161545,0.3216341274193973,0.36982010858992126,0.26275242088745593,0.3860714217196642,0.19652672111988068
2025-04-28,63,0.15845061288138804,0.2611310944408465,0.2611310944408465,0.366844243653578,0.31285919385854155,0.3649095084150786,0.26087646015312427,0.3708303236404949,0.1911042183637619
2025-04-29,63,0.15687995848177225,0.26259506484645845,0.26259506484645845,0.3689275806789471,0.3080689648430825,0.36879917746243607,0.26315153217220905,0.362938360096752,0.20742203295230865
2025-04-30,63,0.15658019718866178,0.26242863835375513,0.2624286383537552,0.3694175155420045,0.2995053183953782,0.36584417132144537,0.26239146145073006,0.3492746188256491,0.18692547082901
2025-05-01,63,0.15577083031062375,0.2629306243230313,0.2629306243230314,0.36978721920405816,0.2921119343534585,0.367925983017707,0.26319989461935545,0.3382518283800163,0.19042713940143585
2025-05-02,63,0.16401120029792848,0.2631565567772847,0.2631565567772847,0.353366273424913,0.28454771699586306,0.3530246048530161,0.2632839105448376,0.32750030563476384,0.1912102848291397
2025-05-05,63,0.16366595502866085,0.2618807901415446,0.26188079014154453,0.35215578806535,0.27680008310657456,0.3514637792875046,0.26167828282386163,0.31698190418789485,0.19171056151390076
2025-05-06,63,0.16447406078172233,0.2588295630982108,0.2588295630982108,0.34751891824800596,0.26977573974195057,0.34562540819348,0.25827763094616457,0.3081931142189903,0.17801779508590698
2025-05-07,63,0.16604586410380867,0.25807873742739895,0.25807873742739895,0.3421813064993944,0.2626231978776586,0.3417564811145814,0.2581716451799507,0.29960009856779346,0.18156741559505463
2025-05-08,63,0.16789852428386084,0.25524804980033367,0.2552480498003336,0.33879942236759814,0.25533245344219013,0.33775046293024064,0.25468032027221266,0.29118006676237773,0.17794716358184814
2025-05-09,63,0.16751975422095855,0.2546131146123389,0.2546131146123388,0.2967808823041856,0.24886283124981282,0.3105945002450777,0.2547403511617445,0.2845158176121801,0.2090907096862793
2025-05-12,63,0.16978914698486122,0.254793272280567,0.254793272280567,0.2852217879580432,0.24210856359785796,0.3020770643582231,0.2549494823105152,0.27766610497264677,0.2043704390525818
2025-05-13,63,0.17076408288302064,0.2551045100638443,0.2551045100638443,0.2581638702679289,0.23704945599443847,0.2865016283390962,0.2552852199702873,0.2738988911708457,0.21035951375961304
2025-05-14,63,0.17094285637377254,0.2549297136613388,0.2549297136613388,0.14580148683189328,0.23010616979928528,0.20881930788517644,0.254986313604988,0.2671314544309585,0.22062386572360992
2025-05-15,63,0.17034417223401166,0.2555238386683405,0.2555238386683405,0.15014414215751554,0.22742809951069015,0.2186751958480585,0.2557970620149974,0.26755382075144907,0.2143707275390625
2025-05-16,63,0.1690424900281447,0.25486835213347925,0.2548683521334792,0.1364632118679035,0.22590729023332676,0.2129263828711008,0.25478543356788796,0.26955196719998786,0.2175634205341339
2025-05-19,63,0.1693775273151756,0.2556644714449168,0.2556644714449167,0.14203719578039795,0.22345212821705715,0.21806059558203722,0.2560204399116436,0.26970560204431815,0.23273977637290955
2025-05-20,63,0.16977308806038552,0.25552509728503714,0.2555250972850371,0.13949809369405153,0.21688869395119634,0.2109781586827807,0.25554689936370567,0.2632328179748419,0.24792547523975372
2025-05-21,63,0.168883080228062,0.2559992546585505,0.25599925465855045,0.13181957955222262,0.21297360347689112,0.21010759469510326,0.2562510353455335,0.26117557916486156,0.21225446462631226
2025-05-22,63,0.17174883547851755,0.2561332170781118,0.2561332170781118,0.13278688986737577,0.20729196498637992,0.2067631097725799,0.25624631694142874,0.25635665237281613,0.20172648131847382
2025-05-23,63,0.17262362450775812,0.25493305252840465,0.25493305252840465,0.1337044456720026,0.2029192793219109,0.20614418382743327,0.25475622926219593,0.25372185262994423,0.2150808870792389
2025-05-26,63,0.17258136331691765,0.2532795277719328,0.2532795277719328,0.12296929264330096,0.19702328838933472,0.1935151889062902,0.2530640962344346,0.2487733935507186,0.21182940900325775
2025-05-27,63,0.17868277511136046,0.25011356948746355,0.25011356948746355,0.12125846499408192,0.19131620882015216,0.19240199845492145,0.2495417162595219,0.24429331252970635,0.2170930802822113
2025-05-28,63,0.17861122303212168,0.24944259524821422,0.24944259524821422,0.11254675678663598,0.18638084843902064,0.1856824279594016,0.24956454342990889,0.24112318080627698,0.2067069560289383
2025-05-29,63,0.17990437804572992,0.2461255004761456,0.2461255004761456,0.11156134483191085,0.18129156739193372,0.18424965620499267,0.24543745761763222,0.23776124569976376,0.21729695796966553
2025-05-30,63,0.18026953249827937,0.2445586111194533,0.24455861111945332,0.10793715777188315,0.17578524532804088,0.17786934200605958,0.2444942131938774,0.23381936001695017,0.21126727759838104
2025-06-02,63,0.17946579156800535,0.24005490015684341,0.24005490015684344,0.11001267952027162,0.17428190509731475,0.18696331420840573,0.23912762887342268,0.23595458914655418,0.21227356791496277
2025-06-03,63,0.1796240768158197,0.23711049672997134,0.23711049672997134,0.10951453028975769,0.1700672462333051,0.18508967419076466,0.23677422280865298,0.2336969097226168,0.2088099718093872
2025-06-04,63,0.1790656816195161,0.23682670458051297,0.23682670458051297,0.10964589905275704,0.16727681699610006,0.18723077573279895,0.23699384702951964,0.2335092201371631,0.1958986222743988
2025-06-05,63,0.17969227414164768,0.23699687903744007,0.23699687903744007,0.10876177316740977,0.16315044267479037,0.18555356176876298,0.23715176931522716,0.23118850826082574,0.18378932774066925
2025-06-06,63,0.18026464041291188,0.23523580712906358,0.23523580712906356,0.1077096513078586,0.1584171292795102,0.18385312199890827,0.2349250787053332,0.22796182997057987,0.18411144614219666
2025-06-10,63,0.1807435423799226,0.23509438369506291,0.23509438369506291,0.10642032499093565,0.15457066099581282,0.18179191196145345,0.23529080402928404,0.22604471477858162,0.1830168068408966
2025-06-11,63,0.18064513604903984,0.2336409583357717,0.23364095833577167,0.10556444421892154,0.15043193728679982,0.1801698763362653,0.2333958401037169,0.22364427664905318,0.18400689959526062
2025-06-12,63,0.18038004480870312,0.23294953083516678,0.23294953083516678,0.10281026276644693,0.14711134183139313,0.17788905160165958,0.23299748357248565,0.22240363294094526,0.1878890097141266
2025-06-13,63,0.18293578967871046,0.23265465395576812,0.23265465395576812,0.10242596400994558,0.14272986651605013,0.1749802680524024,0.23272787475745887,0.21946654097091275,0.19288046658039093
2025-06-16,63,0.1826298832866059,0.2330314189800096,0.2330314189800096,0.09730963733021723,0.14076049900338247,0.17589235095459152,0.2332614971155355,0.2200660941104678,0.19273102283477783
2025-06-17,63,0.18450569173701792,0.22963427895306252,0.22963427895306252,0.08825228408573868,0.1375536292425528,0.16881336054859547,0.22891055720486578,0.21860851281855642,0.1944686621427536
2025-06-18,63,0.18402325419120968,0.22803014839529556,0.2280301483952956,0.08464218566884953,0.1376883716541757,0.17087296773384208,0.2279756155108768,0.22190501664651338,0.19480569660663605
2025-06-19,63,0.18176336897461226,0.23051251881770657,0.23051251881770657,0.10337909268134855,0.1495500133265489,0.19403570161981012,0.23128720939431777,0.24103314759118558,0.18911141157150269
2025-06-20,63,0.182279232316196,0.23053164385623895,0.23053164385623895,0.09954861358228285,0.14554509823252557,0.1849304367564773,0.23050545977514858,0.236918930049393,0.18766893446445465
2025-06-23,63,0.18171079633839163,0.23088134666108961,0.2308813466610896,0.10182237079228464,0.144301614667985,0.18887131178910574,0.2311299730225181,0.23662369210113668,0.18811209499835968
2025-06-24,63,0.17872623751860073,0.2332301963557762,0.23323019635577616,0.1141069337379989,0.15394909457842182,0.20549165503504446,0.23389646507005582,0.25048448728463035,0.19223180413246155
2025-06-25,63,0.1857476461292596,0.23433257132971844,0.23433257132971844,0.12141206838187205,0.15671199088771648,0.20939011501205457,0.23459327335808963,0.25437072302776487,0.19579604268074036
2025-06-26,63,0.18621627030344123,0.23376441355639477,0.23376441355639477,0.12107472362805112,0.1519699486310709,0.19874078738971643,0.23371776801967623,0.24831027532391955,0.19456376135349274
2025-06-27,63,0.18099542687874234,0.23729821620411826,0.23729821620411826,0.14197534290206265,0.17020159073515947,0.22993950079921024,0.23832132418785862,0.27235212598775876,0.19285212457180023
2025-06-30,63,0.1821158396310169,0.23800093250660992,0.23800093250660992,0.14497619519119728,0.16890391513717118,0.22622734883155476,0.23807482485512146,0.2696181126138276,0.19176262617111206
2025-07-01,63,0.18296262686147285,0.2376361041276207,0.2376361041276207,0.14498184865809147,0.16378249016833205,0.2182712089634222,0.2376813655514653,0.26214519368134953,0.19300134479999542
2025-07-02,63,0.18085758963509668,0.23077583987455794,0.23077583987455794,0.15100315215247193,0.16967194969465457,0.23049979394555167,0.22925308448918366,0.26943381932966415,0.1954634189605713
2025-07-03,63,0.1733254539520025,0.23567952051532012,0.23567952051532012,0.1750067934637961,0.19311247896547734,0.2598203366385004,0.2373945767487723,0.29966352583315065,0.18724489212036133
2025-07-04,63,0.1726900637997599,0.23357144795323573,0.23357144795323573,0.17571352303554166,0.19016106406347663,0.24719011679152492,0.232797030753068,0.2932875611637291,0.18869701027870178
2025-07-07,63,0.17524305381263866,0.2312252139520956,0.23122521395209564,0.17742076789774563,0.18726083190665116,0.24803707574257314,0.2309991991608088,0.287497913191271,0.18600261211395264
2025-07-08,63,0.17525008147388854,0.2294314142854428,0.2294314142854428,0.1775666184888841,0.1819419209216477,0.2456388302476248,0.229207458464072,0.27891404144016535,0.18259720504283905
2025-07-09,63,0.1724038261466776,0.21165183035650506,0.21165183035650506,0.1870436157888028,0.18913584878357628,0.2595933770791267,0.20755327536452034,0.2876457724367471,0.1683119684457779
2025-07-10,63,0.17089388930737387,0.2073817807312425,0.2073817807312425,0.19111852010872935,0.18904723987329422,0.2518520008458648,0.20751152438850148,0.2861810366778681,0.16438165307044983
2025-07-11,63,0.16772746139383962,0.1974064807514576,0.1974064807514576,0.1992220416675953,0.1948071876319185,0.2628723278788934,0.19512888448911656,0.2927715286385519,0.16673067212104797
2025-07-14,63,0.16945505844226147,0.15503491966938643,0.15503491966938643,0.20089382092270042,0.19116548707400058,0.25921181845429886,0.1454571077327712,0.2863317240357531,0.1661115139722824
2025-07-15,63,0.17469780886559888,0.15486961270697605,0.15486961270697605,0.19985335093130602,0.18571543985611766,0.2561864648670026,0.15735336662463034,0.27790623004181547,0.16557739675045013
2025-07-16,63,0.17280452137404376,0.1508434148879967,0.1508434148879967,0.20457402964590302,0.1874104090597057,0.2621131053536118,0.14946743740405233,0.2797039356599789,0.16374410688877106
2025-07-17,63,0.1813858308551887,0.15109536362495388,0.15109536362495388,0.20285601333682995,0.18249845075134033,0.2546014913822079,0.15169475255420733,0.27247933595590806,0.1633894145488739
2025-07-18,63,0.1806740494883596,0.15381119558717304,0.15381119558717307,0.20205617217985125,0.18826544311311583,0.2595516097275931,0.15452756492880554,0.28015736540510106,0.16737881302833557
2025-07-21,63,0.18038054561743205,0.15119045408261464,0.15119045408261464,0.20319776622207816,0.18455418357747533,0.25542233708426776,0.1505834850214109,0.2745458136371154,0.16433918476104736
2025-07-22,63,0.17344681945426205,0.159455982973161,0.159455982973161,0.21972364052008395,0.20428788205884385,0.28402316886815715,0.16180916955126878,0.30122647335948777,0.16316331923007965
2025-07-23,63,0.17627359238888413,0.16108559726513297,0.16108559726513297,0.21667588195101087,0.20415783264956663,0.2755971900866197,0.1611081169671313,0.29928957730702094,0.16942532360553741
2025-07-24,63,0.17960662965626883,0.15811610237995782,0.15811610237995782,0.21246121578662275,0.19794194977517987,0.26646754840712117,0.1575892451255586,0.28914487614850326,0.16755537688732147
2025-07-25,63,0.19588128900677124,0.15845061288138804,0.15845061288138804,0.21437603908350542,0.1946014162714892,0.2688961081400412,0.15885895047290727,0.28366500136994544,0.1755048781633377
2025-07-28,63,0.1955183828398333,0.15687995848177225,0.15687995848177225,0.2025097372088054,0.19137359313764377,0.2611396318651005,0.1565993746529314,0.2787182354375583,0.17754675447940826
2025-07-29,63,0.19543030006001313,0.15658019718866178,0.15658019718866176,0.20021998806837463,0.18591013398233142,0.24626220293184306,0.1567753802858109,0.2710520203508566,0.1773090660572052
2025-07-30,63,0.19539825383512519,0.15577083031062375,0.15577083031062372,0.20030848274297666,0.18039225863245134,0.24125608075487076,0.1557270544587821,0.2638124211787372,0.16979824006557465
2025-07-31,63,0.19362896667748383,0.16401120029792848,0.16401120029792848,0.21399598093022493,0.20324229638281716,0.2761471598446791,0.16621775494672525,0.29559917491214704,0.1735907793045044
2025-08-01,63,0.1946645052833317,0.16366595502866085,0.16366595502866083,0.19426483058769276,0.1972568998999284,0.2503569114688779,0.16324247123692276,0.28609988127288993,0.16342684626579285
2025-08-04,63,0.19374413508720104,0.16447406078172233,0.16447406078172233,0.19559571736988515,0.19579524489975836,0.2559266048091928,0.16496801984195064,0.28346409846902704,0.16259534657001495
2025-08-05,63,0.19242456673411706,0.16604586410380867,0.16604586410380867,0.1985105407125697,0.19636221403187312,0.2609487567751395,0.16650153085348118,0.28380281756605097,0.17124897241592407
2025-08-06,63,0.19122476175609526,0.16789852428386084,0.16789852428386084,0.20356441335276987,0.1973454772574528,0.26663860887356516,0.16843052917024037,0.28471562028365927,0.17131157219409943
2025-08-07,63,0.19409127101039597,0.16751975422095855,0.16751975422095855,0.19462272319599674,0.19177594857748384,0.2454415550225452,0.16749177219911093,0.27657730168297784,0.16755709052085876
2025-08-08,63,0.19383632415743846,0.16978914698486122,0.16978914698486122,0.19701503163398465,0.19458849507847656,0.25612531704157393,0.170538495488533,0.280467048334816,0.1736057996749878
2025-08-11,63,0.1953131430611122,0.17076408288302064,0.17076408288302064,0.1929293756594019,0.1947837500838312,0.2528625279965955,0.17100989412415624,0.2805238928799461,0.173775777220726
2025-08-12,63,0.19527432823195512,0.17094285637377254,0.17094285637377254,0.19187228837793155,0.18979760637230245,0.24614211218695953,0.17111740532780273,0.27346568726040943,0.17447999119758606
2025-08-13,63,0.197273144961982,0.17034417223401166,0.17034417223401166,0.19401258630939866,0.18719247873784847,0.2475983104996544,0.170347746001554,0.27012176650201714,0.1700344979763031
2025-08-14,63,0.19858745293630914,0.1690424900281447,0.16904249002814467,0.18996602604895851,0.18352829286330508,0.24473558445743857,0.16889831982433562,0.2655287051331821,0.17778974771499634
2025-08-15,63,0.19797432164796552,0.1693775273151756,0.1693775273151756,0.19429713980524055,0.18452387715958282,0.24909531481562722,0.16968047610994325,0.26753402549587224,0.17477314174175262
2025-08-18,63,0.20108872372829134,0.16977308806038552,0.16977308806038552,0.18696195005691887,0.18060710228582658,0.23884850852416067,0.1699864587353459,0.26270094249902803,0.17157301306724548
2025-08-19,63,0.20441387457282073,0.168883080228062,0.168883080228062,0.18537860097151776,0.17510558332775478,0.23422502282313962,0.16880651751009373,0.25601427101467955,0.1701737642288208
2025-08-20,63,0.20181123856769356,0.17174883547851755,0.17174883547851752,0.17276201569650718,0.18123418446831155,0.23754373510336443,0.17265251431448908,0.26536053481018507,0.16875267028808594
2025-08-21,63,0.21226259017355498,0.17262362450775812,0.17262362450775812,0.1715456705027849,0.181102981270507,0.23569267153298715,0.1728055342499967,0.26563581803273634,0.17453525960445404
2025-08-22,63,0.2127982393262903,0.17258136331691765,0.17258136331691765,0.17167504865496225,0.17574914837002623,0.2284168398088505,0.1727157761862031,0.2588464880767118,0.17876023054122925
2025-08-25,63,0.21201956752903808,0.17868277511136046,0.17868277511136046,0.1875271381153928,0.1929990325814168,0.25733944698534506,0.18031636311040095,0.28274535848315535,0.17320144176483154
2025-08-26,63,0.2272711738168767,0.17861122303212168,0.17861122303212165,0.18584594513347164,0.18774747724027854,0.24712982244305998,0.17838261272657638,0.27494464827143855,0.16999757289886475
2025-08-27,63,0.2261379263862527,0.17990437804572992,0.17990437804572992,0.1897119261560713,0.18734918919913657,0.2513460169543297,0.18045799231875606,0.2741967941240585,0.16886308789253235
2025-08-28,63,0.23086650985284052,0.18026953249827937,0.18026953249827937,0.19065174623468212,0.1830210255925847,0.24784177550862768,0.1804077687072161,0.26821881313384344,0.17418964207172394
2025-08-29,63,0.23295349423717399,0.17946579156800535,0.17946579156800538,0.16741469235141992,0.17810593657441662,0.23179713830855875,0.17942149591137138,0.26183811079958336,0.17347973585128784
2025-09-01,63,0.23262202641013244,0.1796240768158197,0.1796240768158197,0.1686067162187256,0.174368597875421,0.2236862089109179,0.17985733008921256,0.2574396822053757,0.18247121572494507
2025-09-02,63,0.23310193724543138,0.1790656816195161,0.17906568161951614,0.1645011494506468,0.16916584228226916,0.21836327975744096,0.17905818041281696,0.2513469064431066,0.17865613102912903
2025-09-03,63,0.23268098693025888,0.17969227414164768,0.17969227414164768,0.16119359944851652,0.1675267382004627,0.21804289760156284,0.18003066684818636,0.25030822929449625,0.1850290596485138
2025-09-04,63,0.2324165101585541,0.18026464041291188,0.18026464041291188,0.1565811207149672,0.1650305494655416,0.2151190045425122,0.18050584470146372,0.24814318732743534,0.1825353354215622
2025-09-05,63,0.23188853232750922,0.1807435423799226,0.1807435423799226,0.1585602905665662,0.16296120330617145,0.21800790300402673,0.18099404098899355,0.2466092879612226,0.18323293328285217
2025-09-08,63,0.23257671138229044,0.18064513604903984,0.18064513604903984,0.1501891611143684,0.1581130878062199,0.20838021036477322,0.1807417963569835,0.24150398453361246,0.21031908690929413
2025-09-09,63,0.23307436561931513,0.18038004480870312,0.1803800448087031,0.14387395809192727,0.1533224229893226,0.20375751048491864,0.18047416098000313,0.23674175122802366,0.20886100828647614
2025-09-10,63,0.23196020597588446,0.18293578967871046,0.18293578967871046,0.1523916241261774,0.16011172079180971,0.22039237072256745,0.18371440278180426,0.24712851469446676,0.2068728506565094
2025-09-11,63,0.23203528116622205,0.1826298832866059,0.1826298832866059,0.14992924092019003,0.15600934704983863,0.21241185685567918,0.18254799192556512,0.24274496384922956,0.20674434304237366
2025-09-12,63,0.23221238858784368,0.18450569173701792,0.18450569173701792,0.15552950264072146,0.16055550641758534,0.2236424769305565,0.1851608617084167,0.24963603038934673,0.20713548362255096
2025-09-15,63,0.23284106340499403,0.18402325419120968,0.1840232541912097,0.15063775611034091,0.15726308756893678,0.21713366365253559,0.18389366690947623,0.24601921508090702,0.20852063596248627
2025-09-16,63,0.23856654484528567,0.18176336897461226,0.18176336897461226,0.15274913884517882,0.1570595390006987,0.22213352526478455,0.18138762568572664,0.24651597453244115,0.20739662647247314
2025-09-17,63,0.24117761502624435,0.182279232316196,0.182279232316196,0.15499225046932463,0.15510508742868234,0.2192052970736827,0.1827004724163776,0.24470839914001694,0.20935913920402527
2025-09-18,63,0.24158610006844622,0.18171079633839163,0.18171079633839163,0.14467635690353195,0.15080654748934558,0.20998559922332796,0.18163583562774846,0.24001502499371918,0.20677675306797028
2025-09-19,63,0.24339841042724378,0.17872623751860073,0.17872623751860073,0.13947347075758712,0.14641886786861424,0.2014030627740227,0.1781463104383998,0.235462869117946,0.20969811081886292
2025-09-22,63,0.23684631377112186,0.1857476461292596,0.18574764612925962,0.169983745056604,0.17918145387103612,0.24825471564709722,0.18793648128164311,0.2776169848913276,0.2098262459039688
2025-09-23,63,0.23649076281157333,0.18621627030344123,0.18621627030344123,0.1513472309435847,0.17563674598794699,0.22493708258999345,0.18594565667638588,0.2717504253142731,0.20957070589065552
2025-09-24,63,0.2417688752858393,0.18099542687874234,0.18099542687874232,0.15076181435005956,0.1703230272729896,0.2209554565093499,0.17987565036498418,0.2641028638534114,0.20874670147895813
2025-09-25,63,0.2409138286488498,0.1821158396310169,0.18211583963101688,0.15303554680395065,0.1735086105554485,0.23102087113739278,0.1828920331044066,0.2676292408433799,0.209000825881958
2025-09-26,63,0.2402853496098436,0.18296262686147285,0.1829626268614728,0.15477206428495005,0.17168392659898754,0.2307501585088307,0.18316593898081807,0.264677433061696,0.20990252494812012
2025-09-29,63,0.23994990509813852,0.18085758963509668,0.18085758963509665,0.1559052408241667,0.16847927115829728,0.21841547572886344,0.18043453535753767,0.260203494528119,0.20707085728645325
2025-09-30,63,0.24104003112972597,0.1733254539520025,0.1733254539520025,0.154784010174425,0.1637962430901227,0.21511388847409735,0.17164020091670457,0.2541840101358902,0.21085211634635925
2025-10-01,63,0.2409735071792919,0.1726900637997599,0.1726900637997599,0.15539389171222762,0.1596707608751386,0.21641838935315774,0.17315745394972992,0.24923833318145197,0.21038992702960968
2025-10-02,63,0.23857743094760045,0.17524305381263866,0.1752430538126387,0.16352544894166374,0.16851643602565114,0.23015848344868167,0.17598209451906216,0.2606728463915972,0.21196657419204712
2025-10-03,63,0.24115911663932466,0.17525008147388854,0.17525008147388854,0.16180746404848378,0.16383977882726064,0.2208569111794263,0.17524567529510368,0.25459385079869873,0.21074262261390686
2025-10-06,63,0.24321519457117416,0.1724038261466776,0.17240382614667762,0.1617092071629262,0.16170401555628433,0.22329749131723042,0.17184436510513956,0.2520476949533593,0.2083919197320938
2025-10-07,63,0.24481732264612702,0.17089388930737387,0.17089388930737387,0.1619952388245571,0.15726645019112223,0.22123554624653494,0.1708341454538566,0.24681984742192445,0.20910798013210297
2025-10-08,63,0.24555511587232293,0.16772746139383962,0.16772746139383962,0.1627146093855796,0.15346365430082287,0.222305518533722,0.16710057206915205,0.2426837155129296,0.20923858880996704
2025-10-09,63,0.2450269203974187,0.16945505844226147,0.1694550584422615,0.16157619980619867,0.1587807601843155,0.2241689479197667,0.17026774011287982,0.24992388101739088,0.2107822299003601
2025-10-10,63,0.2419516992252905,0.17469780886559888,0.17469780886559888,0.17730852302683545,0.17509302804265778,0.24637824026172112,0.1760549919132542,0.2703587498590448,0.2113485187292099
2025-10-13,63,0.24430884538328135,0.17280452137404376,0.17280452137404376,0.1711948906288777,0.17039078671936067,0.23306467354823676,0.1721364743168677,0.2635397108518995,0.2097940742969513
2025-10-14,63,0.23871571617937193,0.1813858308551887,0.1813858308551887,0.1955999662643778,0.19766238423084623,0.27065594899294637,0.18400893733156465,0.29761609191258237,0.21239334344863892
2025-10-15,63,0.2370280420156015,0.1806740494883596,0.18067404948835963,0.19910365714505912,0.19972128681185097,0.2684621126536621,0.17997957515160962,0.29793881862716076,0.21039016544818878
2025-10-16,63,0.23683921722135737,0.18038054561743205,0.18038054561743205,0.19804948954244872,0.1945191738842282,0.2611559417172712,0.180670718577425,0.2889432339263061,0.21373260021209717
2025-10-17,63,0.2368177514907979,0.17344681945426205,0.17344681945426202,0.19867922695138482,0.18976490815708788,0.25674399904900025,0.1717310034524896,0.2811803140739065,0.21264368295669556
2025-10-20,63,0.23405766244294932,0.17627359238888413,0.1762735923888841,0.21056203838211185,0.20009448888937365,0.27632327835598713,0.17765727931894476,0.2935457883186068,0.21120324730873108
2025-10-21,63,0.23876487267589638,0.17960662965626883,0.17960662965626883,0.19598170408306037,0.205233157221774,0.25934398107243173,0.18030497960917463,0.29862230782067106,0.2119356095790863
2025-10-22,63,0.2277349070111381,0.19588128900677124,0.19588128900677124,0.23882216460124148,0.25245259370820305,0.31314396471691097,0.20016267432075574,0.3612256990854666,0.20834127068519592
2025-10-23,63,0.22881598585192559,0.1955183828398333,0.1955183828398333,0.23961317596542106,0.2457595992706184,0.29725932664387433,0.19447004575053423,0.34686326225839054,0.21253201365470886
2025-10-24,63,0.2298703077071239,0.19543030006001313,0.19543030006001313,0.2348797842156911,0.23828533985714584,0.2914168001459668,0.1958577789784315,0.33241654540926135,0.2112463265657425
2025-10-27,63,0.23221730510507044,0.19539825383512519,0.1953982538351252,0.23289257734004715,0.23103746410535161,0.2863471624651833,0.1954516471997787,0.3193135531253532,0.2115883231163025
2025-10-28,63,0.22866636551636405,0.19362896667748383,0.19362896667748386,0.2452394888230861,0.24143814951945486,0.307536740824917,0.1933242253197309,0.33185705052233905,0.2104649394750595
2025-10-29,63,0.24258417128908963,0.1946645052833317,0.1946645052833317,0.24758128825069672,0.23747852052555082,0.2856820373663125,0.19519231384230193,0.32361327321187205,0.20619718730449677
2025-10-30,63,0.2541365241994779,0.19374413508720104,0.19374413508720104,0.24779523782754054,0.23113009731539716,0.2832586975723925,0.19353778292095744,0.312584356414874,0.2056317776441574
2025-10-31,63,0.2574301160640493,0.19242456673411706,0.19242456673411706,0.24157336917321143,0.2254154944754695,0.28023798027565827,0.1923071729396025,0.30319146394768626,0.2103462666273117
2025-11-03,63,0.26740490691680335,0.19122476175609526,0.19122476175609526,0.24290209085116957,0.22073529701170785,0.2828555377962433,0.19111612751135168,0.2958792085208939,0.2106211930513382
2025-11-04,63,0.2743383524118768,0.19409127101039597,0.19409127101039597,0.24844120234268102,0.223931180565129,0.28668425028164246,0.19504969005856132,0.30015592393060453,0.20832481980323792
2025-11-05,63,0.27775888160719,0.19383632415743846,0.19383632415743846,0.2528207273356752,0.2237319077978493,0.28961220590108616,0.19369133222709461,0.29939578437873016,0.20942285656929016
2025-11-06,63,0.2848184130031293,0.1953131430611122,0.1953131430611122,0.2593567266000482,0.22709666407095047,0.29971431478310523,0.1959139732777213,0.3037566050157843,0.20754393935203552
2025-11-07,63,0.2854806935201963,0.19527432823195512,0.19527432823195512,0.25508060363676693,0.22086212616245424,0.29042465044354315,0.19527932837494555,0.2942580217203311,0.20687824487686157
2025-11-10,63,0.2865284373927389,0.197273144961982,0.197273144961982,0.2506650983856975,0.22360334918685337,0.2961039624577483,0.19797048641918805,0.298086194149931,0.20955882966518402
2025-11-11,63,0.2862646147477697,0.19858745293630914,0.19858745293630914,0.2545855703336089,0.22295580434656423,0.29573818894733805,0.19892114573414807,0.29688187687970613,0.20840957760810852
2025-11-12,63,0.28773566355571384,0.19797432164796552,0.1979743216479655,0.23797145990082955,0.21953367011880212,0.28167842221087425,0.1978963954227153,0.2918213983259053,0.20922717452049255
2025-11-13,63,0.28607568548697865,0.20108872372829134,0.20108872372829134,0.24152734570962844,0.22497574071212514,0.28900400503784596,0.20202283314329733,0.2996409849319858,0.2086382657289505
2025-11-14,63,0.28396465974900803,0.20441387457282073,0.2044138745728207,0.24921656915231052,0.22950861625630023,0.29794740654642166,0.2051557917824234,0.30572368485988755,0.2116575986146927
2025-11-17,63,0.2839662645123333,0.20181123856769356,0.20181123856769353,0.248553102108587,0.22257786679380204,0.2858851078378075,0.20116538013207658,0.29513884812568764,0.204367533326149
2025-11-18,63,0.27696041789145753,0.21226259017355498,0.21226259017355498,0.26716474413507924,0.25465684401367444,0.3256075915641109,0.2151063344873599,0.34094333951150013,0.24248121678829193
2025-11-19,63,0.2787049379071373,0.2127982393262903,0.2127982393262903,0.26181285312669184,0.24875111247325618,0.30877395706614164,0.2123968332538275,0.3297815591491548,0.243241548538208
2025-11-20,63,0.27684671678482126,0.21201956752903808,0.21201956752903806,0.23433924218211485,0.25520230844231057,0.298112661333265,0.21208571209473767,0.3373036178920754,0.21601071953773499
2025-11-21,63,0.26438722168036305,0.2272711738168767,0.22727117381687667,0.2735195798877027,0.2945870218186122,0.3443729074837807,0.23109488365949585,0.3933154798013708,0.25031667947769165
2025-11-24,63,0.26854799366062315,0.2261379263862527,0.2261379263862527,0.27354468306298524,0.2856534887881246,0.3252654818485323,0.22508770083491839,0.3750250777284876,0.2282496839761734
2025-11-25,63,0.26552701808075535,0.23086650985284052,0.23086650985284052,0.28584032544723403,0.29218747242678095,0.33950596872259,0.23240790728522256,0.3811483621417409,0.22523872554302216
2025-11-26,63,0.2640496477993484,0.23295349423717399,0.23295349423717399,0.2799163097021631,0.2900774416990202,0.33332922069614623,0.2332283760314792,0.37416931063912495,0.20888276398181915
2025-11-27,63,0.2681141659329621,0.23262202641013244,0.2326220264101324,0.27764084248524756,0.28124521598598873,0.3206633564487128,0.23261858169814753,0.3575653525103365,0.20905698835849762
2025-11-28,63,0.27316485164705895,0.23310193724543138,0.23310193724543135,0.2783160038000695,0.2742895013676096,0.3075275045006882,0.2333615599045775,0.3448605143426686,0.20840463042259216
2025-12-01,63,0.2801955549672197,0.23268098693025888,0.23268098693025885,0.27807024272879083,0.2667295396535035,0.3066217209105244,0.23265938961140512,0.3320335113254398,0.20926916599273682
2025-12-02,63,0.280544195670584,0.2324165101585541,0.23241651015855408,0.2772529917262801,0.2593545583140034,0.296731732534842,0.2325010504724633,0.3202751346544595,0.21089620888233185
2025-12-03,63,0.2897730241429068,0.23188853232750922,0.2318885323275092,0.27100548993014845,0.25151070851319207,0.2836850995482046,0.23188381420298215,0.3085062208469866,0.21012763679027557
2025-12-04,63,0.30189881153650033,0.23257671138229044,0.2325767113822904,0.268542366228941,0.24638826177530057,0.2885415732272866,0.23288699107986643,0.3016040222849487,0.2116391807794571
2025-12-05,63,0.3032460094496411,0.23307436561931513,0.2330743656193151,0.2631140892965345,0.2407253588447074,0.28428545582147013,0.23326148031365138,0.2942595501741404,0.21160830557346344
2025-12-08,63,0.30478668785852814,0.23196020597588446,0.23196020597588443,0.26503514629877734,0.23675247865691496,0.288895197216362,0.23178863972427308,0.28989717537784443,0.18235544860363007
2025-12-09,63,0.306584663030264,0.23203528116622205,0.23203528116622205,0.2593256856367954,0.23035104861588518,0.2825813040944928,0.2322380415607643,0.2820444145533206,0.18998266756534576
2025-12-10,63,0.30531004704462733,0.23221238858784368,0.23221238858784368,0.2600889790850296,0.2304087597598244,0.2922714365215353,0.23234903586145225,0.28438986394127375,0.18851794302463531
2025-12-11,63,0.3087711437420191,0.23284106340499403,0.23284106340499403,0.2602981365525838,0.2269545016907897,0.29082476509144006,0.23310223733603821,0.2811711275360943,0.1910121887922287
2025-12-12,63,0.30420668533087747,0.23856654484528567,0.23856654484528567,0.26974851981832554,0.24503085545363834,0.3157951912436789,0.24002550612412696,0.31004037258139006,0.19083479046821594
2025-12-15,63,0.30179340785887737,0.24117761502624435,0.24117761502624435,0.270494782428736,0.24908365027303822,0.31527985159673816,0.24159313686969988,0.3161922167110737,0.18682901561260223
2025-12-16,63,0.31524347281935305,0.24158610006844622,0.24158610006844622,0.2717341558380958,0.24329819048075932,0.3108991569395882,0.2417203878728191,0.3073212031640559,0.1922987848520279
2025-12-17,63,0.31649024128287423,0.24339841042724378,0.24339841042724378,0.24902808291262024,0.2429510205357649,0.29952724190108737,0.24393860168023448,0.30708419321372704,0.1863250583410263
2025-12-18,63,0.3226362357373309,0.23684631377112186,0.23684631377112184,0.2476564770872494,0.23567630104291826,0.2912915496933517,0.23527066501641766,0.29655304194380727,0.19187003374099731
2025-12-19,63,0.32759459510667077,0.23649076281157333,0.2364907628115733,0.23628951723317998,0.22856770477861962,0.27340942191139317,0.23692555759469588,0.2869152197041662,0.18878227472305298
2025-12-22,63,0.33618840497198393,0.2417688752858393,0.24176887528583926,0.20767554620792017,0.24220456612108526,0.2696938036802944,0.24307559045859226,0.3083883626459352,0.1923578679561615
2025-12-23,63,0.3359509636690875,0.2409138286488498,0.24091382864884978,0.21005525900939376,0.23752705477817382,0.2640134349299797,0.2405268789301171,0.3015213311354073,0.1942596137523651
2025-12-24,63,0.33615385591061153,0.2402853496098436,0.24028534960984357,0.1930479305237533,0.2303632814516058,0.24585751240587628,0.240362981584701,0.291415856377899,0.19236697256565094
2025-12-29,63,0.33844259724261005,0.23994990509813852,0.2399499050981385,0.18501979233133747,0.2235009944744134,0.24088074443213303,0.2399862564797936,0.2823721053742061,0.1902891844511032
2025-12-30,63,0.3377834345235048,0.24104003112972597,0.24104003112972594,0.18952561334359336,0.2215504391030661,0.2505928978929844,0.24143089805232112,0.28103724095727034,0.1933538168668747
2025-12-31,63,0.34966933105884945,0.2409735071792919,0.24097350717929186,0.18799578619111962,0.21515949675695448,0.23387758947220805,0.2409986728949951,0.2732515456221071,0.1957639455795288
2026-01-02,63,0.352530001792512,0.23857743094760045,0.23857743094760045,0.18728806445613655,0.20881892026631138,0.23073544482073796,0.238129269270256,0.2659899656816563,0.19230704009532928
2026-01-05,63,0.35456291160035885,0.24115911663932466,0.24115911663932463,0.19647521842139712,0.21405656212458707,0.25186371585478345,0.24202697310747076,0.2757458503139925,0.1936475932598114
2026-01-06,63,0.3640591951276749,0.24321519457117416,0.24321519457117413,0.2056547738739017,0.21851971953305235,0.26292915400008987,0.24363722229019874,0.28359976398264086,0.19354216754436493
2026-01-07,63,0.36327970563137585,0.24481732264612702,0.24481732264612702,0.20922055771953962,0.2190771581902384,0.2646994493756771,0.24523540569647764,0.28529401839979324,0.19646544754505157
2026-01-08,63,0.36280251823438964,0.24555511587232293,0.2455551158723229,0.21070597802191807,0.21629843613652344,0.26526666157049106,0.24576471339375627,0.28207726994117316,0.19255845248699188
2026-01-09,63,0.36207769349409474,0.2450269203974187,0.2450269203974187,0.21167151918247604,0.2146432601585193,0.268261121060183,0.24498083877299534,0.28061388747674326,0.19258439540863037
2026-01-12,63,0.3624173343146301,0.2419516992252905,0.2419516992252905,0.21339885541940234,0.21120023845174904,0.26505746818933423,0.2413536720878711,0.27666360239684384,0.195091113448143
2026-01-13,63,0.3608458371980192,0.24430884538328135,0.24430884538328135,0.21587113316503084,0.21558455797257547,0.2704359459027106,0.2451555980383653,0.2839283760968995,0.19734209775924683
2026-01-14,63,0.3609406174803243,0.23871571617937193,0.23871571617937193,0.21580093566296643,0.21273307146978096,0.265430128960555,0.2372956824474917,0.28049835116671173,0.19731096923351288
2026-01-15,63,0.3608953103269397,0.2370280420156015,0.23702804201560151,0.19351267512887474,0.20656106547753908,0.24554530374911693,0.23710090711999934,0.27260052124810674,0.19906027615070343
2026-01-16,63,0.36089867061916264,0.23683921722135737,0.23683921722135737,0.1816648529046233,0.20027888325161156,0.23411662720831117,0.23691344769395065,0.26503606229384435,0.19921162724494934
2026-01-19,63,0.3607547511958906,0.2368177514907979,0.2368177514907979,0.18063733347962105,0.1952172491524825,0.23450253593506604,0.23693195633529934,0.25961713195610525,0.20307159423828125
2026-01-20,63,0.3603072739815499,0.23405766244294932,0.2340576624429493,0.17594596175211213,0.19260895027803232,0.2282476716383561,0.23350221810717892,0.25786545884076856,0.2007216513156891
2026-01-21,63,0.3559798218250754,0.23876487267589638,0.23876487267589638,0.20284548939082966,0.21856458921333327,0.269192961447364,0.2401721370683204,0.2949896153023917,0.2000250220298767
2026-01-22,63,0.35463505780311666,0.2277349070111381,0.2277349070111381,0.21175917272538192,0.2226954235856484,0.2732663229404141,0.22487564899655318,0.30013737931777046,0.19221895933151245
2026-01-23,63,0.3548850767242198,0.22881598585192559,0.22881598585192559,0.19780842517310168,0.2212978740533934,0.2632986292158686,0.22990940176181252,0.2973751658996992,0.19413422048091888
2026-01-27,63,0.354926429970394,0.2298703077071239,0.22987030770712388,0.19892503519308738,0.21878846585585762,0.2643170585801359,0.23000274334059617,0.29330789332957785,0.18685922026634216
2026-01-28,63,0.3537454189681379,0.23221730510507044,0.23221730510507044,0.20688749415926447,0.22158738612793388,0.27410691817337146,0.2328919355061354,0.29682227106163867,0.1886446326971054
2026-01-29,63,0.35657052432153885,0.22866636551636405,0.22866636551636405,0.21042684278338114,0.21928393796745366,0.2656267888349391,0.22778933565723028,0.2931127436816627,0.18671447038650513
2026-01-30,63,0.3492198141361356,0.24258417128908963,0.24258417128908963,0.2520651601290031,0.26756997739427807,0.32260670514543605,0.2462844585115851,0.3604050792250928,0.18367023766040802
2026-02-02,63,0.34103729948896255,0.2541365241994779,0.25413652419947785,0.2845239975814309,0.29899440621877765,0.3522838992009797,0.2561554611798103,0.40192900490517175,0.18652725219726562
2026-02-03,63,0.3383966395734637,0.2574301160640493,0.2574301160640493,0.2939573353248312,0.30166036688573933,0.3527760909538263,0.2578597351810181,0.40008438011006586,0.18720614910125732
2026-02-04,63,0.33352189524409687,0.26740490691680335,0.26740490691680335,0.31471323431759973,0.32601908728721096,0.3807408566217641,0.2698246130334059,0.4309792218639409,0.18628434836864471
2026-02-05,63,0.33338363304204865,0.2743383524118768,0.2743383524118768,0.3317329245383763,0.34417135579014907,0.39711137724486095,0.2755377816025582,0.4518466175947724,0.19089122116565704
2026-02-06,63,0.329760311549816,0.27775888160719,0.27775888160719,0.33994373755478596,0.3484316098860069,0.39218794753023756,0.27840202618949517,0.45122597082371957,0.18950814008712769
2026-02-09,63,0.3218945152084482,0.2848184130031293,0.2848184130031294,0.36019238192436254,0.36558581627368825,0.4094699289506989,0.28647009934093504,0.47104634220587854,0.19416369497776031
2026-02-10,63,0.3259998020657028,0.2854806935201963,0.2854806935201963,0.3597905200414337,0.35687962359747455,0.3950613446587784,0.28534231576358954,0.450302224210399,0.18825682997703552
2026-02-11,63,0.3252537120305225,0.2865284373927389,0.2865284373927389,0.3653857599563361,0.3551505195967886,0.3973895036091671,0.2869148499489073,0.4418587252487154,0.19418689608573914
2026-02-12,63,0.3243859448301323,0.2862646147477697,0.2862646147477697,0.3627611690832134,0.34742409361614807,0.38344538009021445,0.2862074632720804,0.4246703788756629,0.1956007182598114
2026-02-13,63,0.32876341102575907,0.28773566355571384,0.2877356635557139,0.36612876494449553,0.34368787497977865,0.3853857878591844,0.2882036401705659,0.41494903115992027,0.18336786329746246
2026-02-16,63,0.333875857968011,0.28607568548697865,0.2860756854869787,0.3678402834122758,0.3357742154064377,0.37107924685753707,0.2856617961451945,0.39920764907781786,0.1859888881444931
2026-02-17,63,0.3336586478846173,0.28396465974900803,0.28396465974900803,0.36842670622130835,0.3263861093434522,0.3682583195597104,0.2836562142871356,0.3820214541965334,0.18566246330738068
2026-02-18,63,0.33686430899051395,0.2839662645123333,0.28396626451233337,0.36802339660352457,0.31649141860215,0.35957111352695287,0.28414250903448146,0.36498591979500444,0.18601040542125702
2026-02-19,63,0.33908907407528605,0.27696041789145753,0.2769604178914576,0.37033667344704335,0.31238429564595904,0.36899347920446607,0.27533215415858947,0.35842133255593295,0.1910986304283142
2026-02-20,63,0.3383163303417992,0.2787049379071373,0.2787049379071373,0.3613160722027066,0.3103403641313873,0.3640417372905433,0.2796246112849465,0.3556205736773785,0.1894509196281433
2026-02-23,63,0.34011587552462447,0.27684671678482126,0.27684671678482126,0.3595241724779821,0.3059313082879073,0.3627105078996078,0.27628254551359277,0.3490646806329927,0.18860428035259247
2026-02-24,63,0.34008857947632065,0.26438722168036305,0.26438722168036305,0.35699370218725685,0.29673031472670874,0.3547864701651094,0.26162925446450636,0.33495003274857194,0.19274532794952393
2026-02-25,63,0.3372098338887528,0.26854799366062315,0.2685479936606231,0.36422478393618934,0.301945516211293,0.3770612449513768,0.27033094178719397,0.3453920488141717,0.19751891493797302
2026-02-26,63,0.34177450403979914,0.26552701808075535,0.2655270180807553,0.3625518628742236,0.29710865216634375,0.3702398229957168,0.2644831073508551,0.3385664962378511,0.19670046865940094
2026-02-27,63,0.3457999959791001,0.2640496477993484,0.26404964779934836,0.361462127740607,0.28967836107173794,0.3640243518886729,0.26406124901567596,0.32783760990342986,0.19781959056854248
2026-03-02,63,0.3429775608188274,0.2681141659329621,0.26811416593296206,0.3408794726258222,0.2950550534466248,0.36180917446114863,0.26920542269183956,0.3386598031942555,0.20158031582832336
2026-03-03,63,0.3395352283910954,0.27316485164705895,0.27316485164705895,0.3279646134886263,0.3050404972922876,0.3625686700392492,0.2742298054123252,0.35604900215161267,0.19758391380310059
2026-03-04,63,0.3344003440372283,0.2801955549672197,0.28019555496721976,0.33769944179871497,0.32030744894785373,0.3749757581636004,0.2817396801001831,0.38069542560634806,0.1957312524318695
2026-03-05,63,0.3384227294447672,0.280544195670584,0.28054419567058403,0.3137964401725819,0.31236012246177186,0.34731228681547793,0.28035911622982684,0.36655128372512796,0.19756056368350983
2026-03-06,63,0.33317003374536974,0.2897730241429068,0.28977302414290684,0.3155385829385488,0.3341241568075911,0.3711747682092977,0.2921403712914351,0.4010946336539295,0.1997186690568924
2026-03-09,63,0.3260543545196091,0.30189881153650033,0.3018988115365004,0.33777757584875556,0.36510980909341306,0.3977157238561934,0.30434246039367163,0.4484902998508936,0.2255328744649887
2026-03-10,63,0.32574188564306994,0.3032460094496411,0.3032460094496411,0.31896530465064177,0.3595447956962794,0.36939078688891924,0.3030674079303898,0.43474707636326626,0.24321304261684418
2026-03-11,63,0.32377104178773025,0.30478668785852814,0.3047866878585281,0.32315743058548574,0.3558610843238362,0.36899890952858694,0.30528660177199896,0.4250085240432238,0.2438654750585556
2026-03-12,63,0.33052122610294354,0.306584663030264,0.306584663030264,0.3208374070194455,0.3515209091925336,0.36841765801234816,0.3069812469367039,0.4149143790854419,0.25168293714523315
2026-03-13,63,0.340666665868457,0.30531004704462733,0.30531004704462733,0.31850692700568317,0.34119654393110016,0.35137415203842837,0.3049902952649459,0.3956781445452209,0.2512933611869812
2026-03-16,63,0.33690329956344867,0.3087711437420191,0.3087711437420191,0.32465141501381223,0.3450646439650721,0.35443490310002096,0.30976561374024597,0.4009994095888011,0.24986547231674194
2026-03-17,63,0.3369728448088091,0.30420668533087747,0.3042066853308775,0.32383868308718444,0.3361124817786943,0.34369930620572237,0.30294900103311506,0.3848821798294806,0.24838563799858093
2026-03-18,63,0.3379578548220478,0.30179340785887737,0.30179340785887737,0.32326061690729285,0.3259911179921797,0.3364065330138129,0.3016009579509933,0.367728269824423,0.24576722085475922
2026-03-19,63,0.3354572149298403,0.31524347281935305,0.31524347281935305,0.36064424960256297,0.3635090433282396,0.39996325964466983,0.31861456632968765,0.430479775607596,0.3557851016521454
2026-03-20,63,0.3329922892012281,0.31649024128287423,0.3164902412828743,0.36385709464730565,0.36134547126626887,0.39285519899916105,0.3160523703221896,0.4240365150141652,0.32862722873687744
2026-03-23,63,0.3280286344999601,0.3226362357373309,0.32263623573733097,0.3749490968572497,0.3710041040831178,0.4078989020202162,0.3242951942751102,0.43758823919971745,0.3174753487110138
2026-03-24,63,0.3237966437538693,0.32759459510667077,0.3275945951066708,0.3845192822213146,0.37630425695027087,0.4177110594441279,0.3284568806286987,0.4433689448547194,0.337178111076355
2026-03-25,63,0.31503346281822814,0.33618840497198393,0.336188404971984,0.4153254801261221,0.4052477935712746,0.4579414058877278,0.3381141140278563,0.4880773488652754,0.37657469511032104
2026-03-26,63,0.31551219315194395,0.3359509636690875,0.33595096366908755,0.407870429316261,0.3937572815430432,0.4226694390078173,0.3354877093643209,0.46380757627941693,0.38396012783050537
2026-03-27,63,0.31564100041318155,0.33615385591061153,0.33615385591061153,0.4058964843622659,0.382479873852888,0.41863089438370377,0.33637339990731413,0.441278746379859,0.3847271502017975
2026-03-30,63,0.314614142746421,0.33844259724261005,0.33844259724261005,0.410726002257493,0.3787071724843605,0.4243444818772212,0.3389989860310666,0.4326922225954866,0.40323272347450256
2026-03-31,63,0.3144871974727034,0.3377834345235048,0.3377834345235048,0.40318393582453904,0.3677745652538432,0.40659165043560275,0.33754749271359713,0.4125209070024679,0.4119243621826172
2026-04-01,63,0.3012358174803291,0.34966933105884945,0.34966933105884945,0.42224546220056386,0.3977223682916456,0.43824551809601575,0.3526424528072225,0.4628997382310751,0.36500829458236694
2026-04-02,63,0.3009362511891167,0.352530001792512,0.352530001792512,0.4151871608191259,0.39544223743714996,0.4264275783975822,0.35254810631593914,0.4558982520072891,0.36000964045524597
2026-04-07,63,0.2965396024847964,0.35456291160035885,0.3545629116003588,0.42383009464636,0.3965562561656166,0.4384968398348613,0.3550926404429808,0.45519347767233603,0.3716263771057129
2026-04-08,63,0.28703535992678464,0.3640591951276749,0.3640591951276749,0.4335965430274784,0.4222522298898213,0.46411361891251995,0.36625911749521584,0.4962487088975159,0.3164369761943817
2026-04-09,63,0.2888404552520789,0.36327970563137585,0.36327970563137585,0.4077511472968266,0.4105667204332163,0.4295900236370261,0.36259700758206415,0.4720316861845479,0.2491520196199417
2026-04-10,63,0.29090948961035273,0.36280251823438964,0.36280251823438964,0.40422714424494244,0.3985114128577478,0.41293475406640084,0.3628886763892529,0.4485262817406022,0.25812551379203796
2026-04-13,63,0.2951467274154529,0.36207769349409474,0.36207769349409474,0.39927537505299854,0.3865105792493995,0.40487934674278026,0.3619191534695656,0.4263443182816317,0.28838929533958435
2026-04-14,63,0.29443881098963137,0.3624173343146301,0.36241733431463,0.3969830944931239,0.37769730592354944,0.40354469475196075,0.36257440248983,0.4108949683215619,0.30272477865219116
2026-04-15,63,0.294534115811262,0.3608458371980192,0.3608458371980192,0.39697207247386435,0.366533848816762,0.3737161135112247,0.36046686911589715,0.3920938604909849,0.29968133568763733
2026-04-16,63,0.2950489658757649,0.3609406174803243,0.3609406174803243,0.3890829914696623,0.3579274965633688,0.3732286469863002,0.3610929990493831,0.37879341911495634,0.2888554036617279
2026-04-17,63,0.29614750309085963,0.3608953103269397,0.3608953103269397,0.38801843807152925,0.34702907733050786,0.367014294700655,0.3608856594263825,0.3620020999588292,0.3080257475376129
2026-04-20,63,0.3016648914660827,0.36089867061916264,0.3608986706191626,0.3879534599197058,0.336477047615361,0.3671008148762518,0.3609398493771192,0.3466431745445137,0.2983453571796417
2026-04-21,63,0.30197259895269407,0.3607547511958906,0.3607547511958906,0.35344939710266304,0.3262453768607815,0.34005317722889505,0.3607482172116199,0.3325938608413226,0.27574002742767334
2026-04-22,63,0.30272589008698586,0.3603072739815499,0.3603072739815499,0.34629865438237956,0.31639414126438486,0.33542048324149315,0.360239370187296,0.31988766112459466,0.2824559509754181
2026-04-23,63,0.30596429744426407,0.3559798218250754,0.35597982182507537,0.3301950504986086,0.30867497939398586,0.3263603348183464,0.35499398443690106,0.3116981530964814,0.28751087188720703
2026-04-24,63,0.30641968442113926,0.35463505780311666,0.35463505780311666,0.3165207160251711,0.3010651522410772,0.3198566347040639,0.3545916414886599,0.30401985716376273,0.2804420292377472
2026-04-27,63,0.3089677398443904,0.3548850767242198,0.3548850767242198,0.2790886869819495,0.2970310624990091,0.30308544758400746,0.35499886150433224,0.3031638780564066,0.29634982347488403
2026-04-28,63,0.31134630014181186,0.354926429970394,0.354926429970394,0.28089202859923285,0.2913396094187579,0.30557496116385563,0.35495184330852503,0.2990670651695496,0.2877489924430847
2026-04-29,63,0.31312912108567625,0.3537454189681379,0.35374541896813794,0.2814456520033902,0.2841250679454884,0.30540178550038355,0.35349815603234275,0.2922754865278148,0.289326012134552
2026-04-30,63,0.31036384500895847,0.35657052432153885,0.3565705243215389,0.2864906590512553,0.2922316830796887,0.32512333135459587,0.3573534150166778,0.3126814330981923,0.29063376784324646
2026-05-01,63,0.3081760301163631,0.3492198141361356,0.3492198141361356,0.29513951750181944,0.29505576017259616,0.33338895843243044,0.34730521879127296,0.3218235199044953,0.29349321126937866
2026-05-04,63,0.3097446726107041,0.34103729948896255,0.34103729948896255,0.2511320387335341,0.28737505811574665,0.2958078736739644,0.3395789416809332,0.3121785666552059,0.29123061895370483
2026-05-05,63,0.3096712606132128,0.3383966395734637,0.3383966395734638,0.23898863053214045,0.27894916720161,0.2846930720167786,0.3381677427466567,0.30174061454273904,0.29256534576416016
2026-05-06,63,0.30725821690767435,0.33352189524409687,0.3335218952440969,0.23581859305134503,0.28550333994137983,0.29750516760037127,0.33246089728103356,0.31711943240458607,0.30143457651138306
2026-05-07,63,0.3071263028280145,0.33338363304204865,0.33338363304204865,0.21415737412636252,0.30792152521758265,0.2937750164638784,0.33366694758779913,0.3570295698061846,0.29952526092529297
2026-05-08,63,0.3077041745048554,0.329760311549816,0.329760311549816,0.21417492932683566,0.30017012391121434,0.27753231223019914,0.32888094385153555,0.3446240104591357,0.30316975712776184
2026-05-11,63,0.3088780796264899,0.3218945152084482,0.3218945152084482,0.2137984729799248,0.29129570970960894,0.27456373989488725,0.3202777400092101,0.3311261315679435,0.3111579716205597
2026-05-12,63,0.3054302788062409,0.3259998020657028,0.3259998020657028,0.23446974810048862,0.3025644872493603,0.30671343303488663,0.32744729945064155,0.3512994749749796,0.30594927072525024
2026-05-13,63,0.3039157160146187,0.3252537120305225,0.32525371203052256,0.2384066117216645,0.3010423295494487,0.3021816428036914,0.32479151952611596,0.34927675735428637,0.29912111163139343
2026-05-14,63,0.30392183643293796,0.3243859448301323,0.3243859448301323,0.23800259396740697,0.2918861008181957,0.2819469372915179,0.32435586566351376,0.33495213908115334,0.3046680986881256
2026-05-15,63,0.2975401343995045,0.32876341102575907,0.32876341102575907,0.25975377911865855,0.30911689861041447,0.3211217984736548,0.32989126100212884,0.3641521910231505,0.2958848774433136
2026-05-18,63,0.2954179808194567,0.333875857968011,0.333875857968011,0.2810506442876718,0.32301060024345113,0.34246662974839703,0.3348975425703806,0.3860066459780611,0.30103176832199097
2026-05-19,63,0.29767058292602716,0.3336586478846173,0.3336586478846173,0.2810319668963281,0.3131706293840867,0.3214610445911059,0.3334197587138848,0.3684765873484238,0.30326616764068604
2026-05-20,63,0.2940340071099323,0.33686430899051395,0.33686430899051395,0.29230452772979354,0.31677576601593366,0.34197213915438296,0.33775310956789195,0.3736841775640207,0.29703304171562195
2026-05-21,63,0.2899193951798362,0.33908907407528605,0.339089074075286,0.3043508782958895,0.32161734666326297,0.35525677792373667,0.33946711226114606,0.3806087388808684,0.294678658246994
2026-05-22,63,0.29792194495093255,0.3383163303417992,0.33831633034179914,0.3061996432394693,0.31596677545890595,0.34424020556809626,0.3380947995119699,0.3702374378445481,0.2874309718608856
2026-05-25,63,0.29463484836467657,0.34011587552462447,0.3401158755246244,0.3146362729860681,0.3186240443569511,0.3501873343971964,0.3406583722125126,0.37400099570410067,0.2953818440437317
2026-05-26,63,0.29767054385087827,0.34008857947632065,0.34008857947632065,0.3107973230698146,0.3089180702003498,0.33694663120586477,0.34000576300739555,0.3575254180287621,0.2887858748435974
2026-05-27,63,0.2974120312589479,0.3372098338887528,0.33720983388875275,0.3096333272963644,0.301230094110619,0.33514082310331156,0.33659204868900017,0.34531325628955867,0.2908589839935303
2026-05-28,63,0.29104056580952153,0.34177450403979914,0.3417745040397991,0.32629101088704776,0.31556840938570285,0.36051889221801214,0.34307838978919336,0.36951882560724736,0.2979653477668762
2026-05-29,63,0.28671522114942743,0.3457999959791001,0.3457999959791001,0.32857292189617865,0.32404816199301784,0.3658644026100335,0.34650673579244656,0.3826769332210888,0.2952531576156616
2026-06-01,63,0.2865111805423177,0.3429775608188274,0.3429775608188274,0.32130390719305724,0.31549499219507904,0.3473310755134857,0.3421780287323998,0.36761375809240265,0.30173739790916443
2026-06-02,63,0.2885048290565672,0.3395352283910954,0.33953522839109546,0.32325529033312217,0.3096767128230111,0.35247056049656267,0.3389523472840252,0.3578809068198168,0.2974877655506134
2026-06-03,63,0.28789725536610516,0.3344003440372283,0.33440034403722835,0.32553774933788476,0.3036360133510602,0.35420902308323804,0.3333607866012917,0.34836520542753346,0.293565034866333
2026-06-04,63,0.28818299609594406,0.3384227294447672,0.3384227294447672,0.3291617739924855,0.3130829792326328,0.36230042810302815,0.3397002448248233,0.36449111835664705,0.3058677017688751
2026-06-05,63,0.28655924030974284,0.33317003374536974,0.33317003374536974,0.31486103464797577,0.31421223695573963,0.34648815913050685,0.331654915224737,0.3661308232765884,0.2983413636684418
2026-06-09,63,0.2816656675113828,0.3260543545196091,0.3260543545196091,0.3268064072651629,0.3216190184504309,0.36328043796372933,0.3247687943069528,0.37780239660910986,0.30577945709228516
2026-06-10,63,0.2801695322723859,0.32574188564306994,0.32574188564306994,0.33047535005494666,0.3169040952687022,0.3605021997033437,0.32604289972951617,0.3692380897003005,0.2889154255390167
2026-06-11,63,0.28014702418137,0.32377104178773025,0.3237710417877303,0.3163639906862307,0.30770891655663707,0.34523115217921896,0.32329055719306166,0.3539690541820856,0.29672616720199585
2026-06-12,63,0.27146337311446794,0.33052122610294354,0.3305212261029435,0.3365999894352917,0.3320037329617108,0.37983009117787275,0.3323281255122313,0.3936935282769,0.2839614450931549
2026-06-15,63,0.25990204816345464,0.340666665868457,0.340666665868457,0.3659634826623875,0.36002074255566413,0.41029519438904843,0.3427335907632968,0.4368598871059852,0.2764941155910492
2026-06-16,63,0.26743576378150447,0.33690329956344867,0.33690329956344867,0.34878919099193784,0.3490539822892329,0.37451268723998754,0.335553198855605,0.4151722064432918,0.27849817276000977
2026-06-17,63,0.26691435733786484,0.3369728448088091,0.33697284480880907,0.3333231487275385,0.3402229846081015,0.3674912834707057,0.3373722800753933,0.3982303634211371,0.2670782506465912
2026-06-18,63,0.26941088014891873,0.3379578548220478,0.3379578548220478,0.3363921542284712,0.33376110939892484,0.37256741509660857,0.3381551654271814,0.3861671338893537,0.2655482590198517
2026-06-19,63,0.2575976631566783,0.3354572149298403,0.33545721492984026,0.356687840978469,0.3613753122586984,0.4015422775912526,0.3348640962027345,0.43036961976825916,0.28147587180137634
2026-06-22,63,0.2576993707873995,0.3329922892012281,0.3329922892012281,0.34655357285114946,0.35055444591298734,0.3631799354228679,0.332600534363903,0.4095866912738623,0.2864767909049988
2026-06-23,63,0.25824250987637004,0.3280286344999601,0.32802863449996006,0.34644099391089433,0.3435409175741867,0.36927237990238515,0.3269891715823908,0.39624648900095233,0.275386780500412
