Date,Sector_Return,N_Constituents,Represented_MCap,Weight_Sum
2018-01-02,0.005830107685751997,50,489775033302.82153,1.0
2018-01-03,0.01785094414501035,50,492306770685.64557,1.0
2018-01-04,0.007331270522014725,50,501094945246.43463,1.0
2018-01-05,-0.0033947132726278887,50,504789930244.6164,1.0
2018-01-08,-0.0006450206189773863,50,503360655910.4298,0.9999999999999999
2018-01-09,0.014167698758444078,50,503464345304.4882,1.0
2018-01-10,-0.016442025280555876,50,510597270182.5139,1.0
2018-01-11,0.004655595195872575,50,502201994311.2086,1.0
2018-01-12,0.03173048632489973,50,504747003713.9666,1.0
2018-01-15,0.00647840891944811,50,520762896121.7946,1.0
2018-01-16,4.841614623570168e-05,50,524136590871.4656,1.0
2018-01-17,-0.029146583959499067,50,524161937736.50934,1.0
2018-01-18,0.0042249329442429475,50,508884438342.0428,1.0
2018-01-19,-0.012329163326866422,50,511182838772.3875,1.0
2018-01-22,-0.00566772908835196,50,504909949797.7705,1.0
2018-01-23,-0.003132927676292697,50,517310956359.96906,1.0
2018-01-24,-0.00178744568200162,50,515690252353.63367,1.0
2018-01-25,0.0067148942938074435,50,514768488889.77985,1.0
2018-01-29,-0.0016984993899374515,50,518225116416.68634,1.0
2018-01-30,-0.01944058677465048,50,517347040353.5646,1.0
2018-01-31,-0.003982280114554386,50,507289563248.74915,1.0
2018-02-01,0.007513101562198286,50,505336053892.6336,0.9999999999999999
2018-02-02,0.004046048189926403,50,509106858237.7278,1.0
2018-02-05,-0.018858788432940456,50,511098599848.6577,1.0
2018-02-06,-0.03522805942864914,50,501459851692.5714,1.0
2018-02-07,0.03379122806841695,50,483794427597.29236,1.0
2018-02-08,-0.0027951958471539567,50,500184057600.3799,1.0
2018-02-09,0.012161870879094967,50,498785898478.7767,1.0
2018-02-12,0.012232359398848532,50,504852094235.42163,1.0
2018-02-13,0.008391073264475777,50,511018643384.2479,1.0
2018-02-14,0.004167610946797411,50,515306620732.71045,1.0
2018-02-15,0.021679263345146447,50,517454167533.7184,1.0
2018-02-16,0.003987061725390159,50,528523957193.9245,1.0
2018-02-19,-0.007593303610897021,50,530631246346.5598,1.0
2018-02-20,-0.00710892420399792,50,526602024420.82104,1.0
2018-02-21,-0.024661360220345794,50,522887708757.3078,1.0
2018-02-22,-0.009997069635331634,50,509992570678.5865,1.0
2018-02-23,0.02584242437146902,50,504894002442.93616,1.0
2018-02-26,-0.0012467773041940802,50,517903461685.0495,0.9999999999999999
2018-02-27,0.007092473822068226,50,517257703673.229,1.0
2018-02-28,-0.0051406000172304735,50,520925084015.1978,1.0
2018-03-01,-0.007544673969606505,50,518247210333.32324,0.9999999999999999
2018-03-02,-0.01449026266437601,50,509807646241.3502,1.0
2018-03-05,-0.010437220639189235,50,502403652467.80975,1.0
2018-03-06,0.007009641817750274,50,497120258007.6168,1.0
2018-03-07,-0.02026200641968079,50,500584322658.4005,1.0
2018-03-08,0.00921828891263834,50,490441517265.23346,1.0
2018-03-09,0.0009237740855808318,50,490692268053.24927,1.0
2018-03-12,0.01435715148806098,50,491145568166.70404,1.0
2018-03-13,-0.024807773027564074,50,498188186220.66846,0.9999999999999999
2018-03-14,-0.004724784765391244,50,485937207204.8814,0.9999999999999999
2018-03-15,0.010982392446607956,50,483662534427.9953,1.0
2018-03-16,0.010012083330586424,50,488974311947.5313,1.0
2018-03-19,0.004313992968224278,50,493869946340.00165,1.0
2018-03-20,-0.014693743698650145,50,495971626341.9991,1.0
2018-03-21,0.0021307296133690995,50,488759526241.057,1.0
2018-03-22,0.02990369659976963,50,489811387816.7802,1.0
2018-03-23,-0.02987356732827085,50,504461455873.85406,0.9999999999999999
2018-03-26,-0.003738170448535771,50,489444072305.0723,1.0
2018-03-27,0.00872864273102404,50,487572076062.44446,1.0
2018-03-28,-0.018731250329203145,50,491690977626.01465,1.0
2018-03-29,-0.015050450907674597,50,482493261123.4437,1.0
2018-04-03,0.007873987794341234,50,475231554432.5094,1.0
2018-04-04,-0.0013332505211025238,50,463892952345.90436,1.0
2018-04-05,-0.006506261507314068,50,463274437366.5587,1.0
2018-04-06,0.00977638561099994,50,460191540554.2775,1.0
2018-04-09,-0.010046276711376718,50,464690582702.2586,1.0
2018-04-10,0.0239737380926026,50,460031002065.5947,1.0
2018-04-11,0.009545689313678168,50,471068713873.83966,1.0
2018-04-12,0.011640350379209827,50,475622594131.1199,1.0
2018-04-13,0.009640463171185809,50,481245339556.7439,0.9999999999999999
2018-04-16,0.0048490479490134126,50,485884749790.8743,1.0
2018-04-17,-0.006503797491535048,50,488433513426.82117,1.0
2018-04-18,0.01171441551724818,50,485276383331.303,1.0
2018-04-19,0.02460819905601546,50,490981532356.32916,0.9999999999999999
2018-04-20,-0.012608184429514105,50,503083156310.2888,0.9999999999999999
2018-04-23,0.009398604803618512,50,496766143050.2252,1.0
2018-04-24,-0.014950616934493925,50,501503641967.5938,1.0
2018-04-26,-0.002421520096220761,50,494156894472.74146,0.9999999999999999
2018-04-27,0.00237191043034743,50,492960264981.6888,1.0
2018-04-30,0.00012701727940765301,50,494621972967.37103,1.0
2018-05-01,-0.0022002878278196527,50,495238798591.89667,1.0
2018-05-02,-0.0013613283477398371,50,494155884439.03595,0.9999999999999999
2018-05-03,0.013040251732111124,50,493600702483.7127,1.0
2018-05-04,-0.010141479558654637,50,500079136143.5741,1.0
2018-05-07,0.023166104577464194,50,495007585823.882,1.0
2018-05-08,-0.01615259117386233,50,506482145641.41187,0.9999999999999999
2018-05-09,0.003318082186202296,50,498304318913.54895,1.0
2018-05-10,-0.0007270619595284608,50,499957788003.26465,1.0
2018-05-11,0.007016969194093586,50,499588061958.2235,1.0000000000000002
2018-05-14,0.011403826434277661,50,503093763881.67365,1.0
2018-05-15,0.010620074661852138,50,508869187973.44806,1.0
2018-05-16,-0.00021751753827195958,50,514394680691.66614,1.0000000000000002
2018-05-17,0.016508836170880725,50,514353222169.38043,1.0
2018-05-18,-0.005857266192129966,50,522973334160.8136,1.0
2018-05-21,-0.013891051968252185,50,519910180062.78827,1.0
2018-05-22,-0.007932223653717912,50,513022374319.47205,1.0
2018-05-23,0.0011143430010044943,50,509026612788.5083,1.0
2018-05-24,-0.008903248384224998,50,509593827245.95544,1.0
2018-05-25,-0.008769080252769346,50,505185455839.8892,0.9999999999999999
2018-05-28,-0.005318773588467042,50,500783486242.7376,1.0
2018-05-29,-0.0065355130838554345,50,498125166815.0478,0.9999999999999999
2018-05-30,-0.005813038511912956,50,494773971422.0236,1.0
2018-05-31,0.013509732747750641,50,491897829497.68256,1.0
2018-06-01,0.0053510666449834736,50,498467634914.0621,1.0
2018-06-04,-0.008821393900805477,50,501155924519.6919,1.0
2018-06-05,-0.011626548448216893,50,496698642974.86566,0.9999999999999999
2018-06-06,0.018903329931355843,50,490951505442.0078,1.0
2018-06-07,0.007379088032034917,50,500115638389.3465,1.0
2018-06-08,0.0007439524553704111,50,504170019751.54584,1.0
2018-06-12,-0.00927521641028588,50,504490847185.61536,1.0
2018-06-13,-0.015739863011600953,50,499743614654.86993,1.0
2018-06-14,0.007253485005776285,50,491874303673.2081,0.9999999999999999
2018-06-15,0.006918587633386123,50,495488606914.1563,1.0
2018-06-18,-0.013867238298781661,50,498916742015.90955,1.0
2018-06-19,-0.015382049159740662,50,491957255814.5366,1.0
2018-06-20,0.004911576391592847,50,484389939753.0444,1.0
2018-06-21,0.004469654834919591,50,486904535635.506,1.0
2018-06-22,-0.015845642086064177,50,489097338569.4547,1.0
2018-06-25,0.002050141451509935,50,481386340367.9123,1.0
2018-06-26,-0.012394379941155052,50,482371697921.7944,1.0
2018-06-27,0.012791022121785175,50,476392987275.8858,1.0
2018-06-28,0.01208299295820095,50,482486545317.22205,1.0
2018-06-29,0.009239549816058552,50,488316430523.89124,0.9999999999999999
2018-07-02,-0.0005894842129622141,50,492833702451.4054,1.0
2018-07-03,-0.0189000571489618,50,492630619146.2263,1.0
2018-07-04,-0.0020163078360604363,50,483319922812.15234,1.0
2018-07-05,-8.191671550723307e-05,50,482358432625.0306,1.0
2018-07-06,0.0035856251619735572,50,482131335833.14636,0.9999999999999999
2018-07-09,0.01290913649939487,50,483860091221.17303,0.9999999999999999
2018-07-10,-0.0027490353664096977,50,490080456410.49066,1.0
2018-07-11,-0.004375435544711569,50,488733264985.26697,1.0
2018-07-12,0.0012892250444572918,50,486594846195.96173,1.0
2018-07-13,-0.0062692187365771136,50,487222116527.71686,1.0
2018-07-16,-0.005082651712143897,50,484167656931.42456,1.0
2018-07-17,-0.009486488341316737,50,482019302943.99335,1.0
2018-07-18,0.02182968916553216,50,477446623279.42664,1.0
2018-07-19,7.711269198157077e-06,50,487869127419.4023,1.0
2018-07-20,-0.01682078556433204,50,487736658758.733,1.0
2018-07-23,-0.003890357132647561,50,479532580459.7796,1.0
2018-07-24,0.02440965907956764,50,477755220907.91846,0.9999999999999999
2018-07-25,0.019825767178095935,50,489417047503.44006,1.0
2018-07-26,-0.007058536395915221,50,499120109262.8003,1.0
2018-07-27,0.0035786570811301033,50,495581115950.893,1.0
2018-07-30,-0.01082755738505542,50,537346206109.687,0.9999999999999999
2018-07-31,0.007965282928831485,50,531646973314.5675,1.0
2018-08-01,0.0023679674872126824,50,535855291098.80566,1.0
2018-08-02,-0.027774833349724828,50,537124159535.03796,1.0
2018-08-03,-0.008561802762225115,50,522205643152.2004,1.0
2018-08-06,0.03880868996204967,50,517734576137.37103,1.0
2018-08-07,-0.0067094813567726555,50,537829258978.17773,1.0
2018-08-08,-0.0054558146110619985,50,534090917101.76965,1.0
2018-08-09,-0.010732559460777185,50,531226969864.9495,0.9999999999999999
2018-08-10,-0.007147015806679261,50,522588601685.0221,0.9999999999999999
2018-08-13,-0.014703093032076817,50,518853692061.8461,1.0
2018-08-14,0.005193917568706938,50,511418623372.6664,1.0
2018-08-15,-0.004193679059945156,50,514074838409.0142,1.0
2018-08-16,-0.030649158849383677,50,511919010302.8476,1.0
2018-08-17,0.0016115843540059445,50,496229114435.76935,1.0
2018-08-20,0.0035371602933280183,50,497028800235.245,0.9999999999999999
2018-08-21,-0.00869696993548018,50,498577163944.48676,1.0
2018-08-22,-0.01100360712471767,50,494245087413.3067,1.0
2018-08-23,0.002518902541045024,50,488867724355.43494,0.9999999999999999
2018-08-24,0.015391881729106043,50,490110956801.63055,1.0
2018-08-27,0.008562327975142529,50,497654705432.5241,1.0
2018-08-28,-0.008500943580257781,50,501815952978.49805,0.9999999999999999
2018-08-29,0.020790555556225533,50,497528649783.5939,1.0
2018-08-30,-0.01640376580126283,50,507872555441.2582,1.0
2018-08-31,-0.013385168238900546,50,499426310341.0069,1.0
2018-09-03,0.008274907939153437,50,492325463826.4253,1.0
2018-09-04,-0.029439837119736835,50,496409367401.74506,1.0
2018-09-05,-0.019511744682134482,50,481769922650.9065,1.0
2018-09-06,0.005109023506762189,50,472195529786.972,1.0
2018-09-07,0.016229678785293827,50,470034493634.2531,0.9999999999999999
2018-09-10,-0.018926356843297874,50,477562570302.84686,0.9999999999999999
2018-09-11,0.01670832393419567,50,468543106221.0832,0.9999999999999999
2018-09-12,-0.017205352044748372,50,476371678077.4893,1.0
2018-09-13,0.024904055776090516,50,468136934555.3779,0.9999999999999999
2018-09-14,0.009315451404864391,50,479322254619.7002,1.0
2018-09-17,-0.017735917721064937,50,483787362675.36816,1.0
2018-09-18,-0.002072469179489301,50,475232043253.67444,0.9999999999999999
2018-09-19,0.03960767679317116,50,474247129848.52576,0.9999999999999999
2018-09-20,0.030137981735195902,50,493042891642.24054,1.0
2018-09-21,0.015206493774773126,50,507943472814.3767,1.0
2018-09-24,-0.03373010228470517,50,515570456911.1084,1.0
2018-09-25,0.03501003023513323,50,498122417824.18097,1.0
2018-09-26,0.008127336117534373,50,515451112596.3906,1.0
2018-09-27,-0.008233989420647353,50,519666794508.46454,1.0
2018-09-28,0.0024008594721311753,50,515391431546.0775,1.0
2018-10-01,-0.0009591057909372619,50,516667275050.58606,1.0
2018-10-02,-0.000448546551635534,50,516171807329.53735,0.9999999999999999
2018-10-03,0.008325859239270523,50,516079850997.50385,1.0
2018-10-04,0.00574814853026672,50,520444742468.1715,0.9999999999999999
2018-10-05,-0.0006489663294381096,50,523336852366.93134,1.0
2018-10-08,-0.01628330062714522,50,522754010666.7042,1.0
2018-10-09,0.00015836751085602347,50,514335551317.86884,1.0
2018-10-10,-0.0007105669252614057,50,514417028127.5146,1.0
2018-10-11,-0.023465415444245265,50,514051440907.063,0.9999999999999999
2018-10-12,0.012772710706419074,50,501989063262.83606,0.9999999999999999
2018-10-15,-0.010789966366109693,50,508383577181.69025,1.0
2018-10-16,0.01137359107851455,50,502927672628.5293,1.0
2018-10-17,-0.004184061294002232,50,508718024066.90955,1.0
2018-10-18,-0.00016023544144815055,50,506589530637.0122,1.0
2018-10-19,-0.006581644237347097,50,506610252839.2057,1.0
2018-10-22,0.0032383055834488664,50,503279950603.1601,1.0
2018-10-23,-0.00926688233781098,50,504894822626.2517,1.0
2018-10-24,-0.01132261772208312,50,500232580869.3195,1.0
2018-10-25,-0.0318813393396024,50,494575154714.1226,1.0
2018-10-26,0.008470136707588937,50,478846942116.0756,1.0
2018-10-29,0.004822558386028024,50,483014113902.54944,1.0000000000000002
2018-10-30,0.01379540185556145,50,487997102057.52686,0.9999999999999999
2018-10-31,-0.0002054742364180702,50,494757990034.22565,1.0
2018-11-01,0.014820739983030221,50,494696723103.1333,1.0
2018-11-02,0.009576275295914281,50,502051580902.8669,1.0000000000000002
2018-11-05,0.0007529182139045348,50,506778394180.3833,1.0
2018-11-06,0.012294351234627639,50,507194863722.70795,1.0
2018-11-07,0.0008629728094170681,50,513442845845.84344,1.0
2018-11-08,-0.0011378655518383767,50,514133684919.9422,0.9999999999999999
2018-11-09,-0.0025853394750762074,50,513548685482.4343,1.0
2018-11-12,0.004647587006600064,50,512221034135.24756,0.9999999999999999
2018-11-13,-0.01689447245001571,50,533549701232.535,1.0
2018-11-14,-0.021982411628137622,50,521004413392.87054,1.0
2018-11-15,0.0024418229458283798,50,514114891379.5991,1.0
2018-11-16,0.00949953797805895,50,515468665532.6532,1.0
2018-11-19,-0.001346095431751944,50,520440438085.7982,1.0
2018-11-20,0.0017793363595117195,50,519727048652.89655,1.0
2018-11-21,-0.02650866557674962,50,520717615546.0496,1.0
2018-11-22,0.0023447510701864152,50,506998168417.11786,1.0
2018-11-23,-0.0029940547382736092,50,508217967574.5331,1.0
2018-11-26,-0.02421752235057655,50,506696345059.0187,1.0
2018-11-27,0.005326040562459937,50,494269800041.4265,1.0
2018-11-28,-0.010606021334355243,50,496970681110.90656,1.0
2018-11-29,0.00970901958244042,50,491732225745.4298,1.0
2018-11-30,-0.0027939620608942862,50,496596200209.07074,1.0
2018-12-03,0.02318450908630277,50,495242163807.05273,1.0
2018-12-04,-0.012275190040125821,50,506844059140.0651,1.0
2018-12-05,0.00022823870977928192,50,500832388101.41187,1.0
2018-12-06,-0.013319397925864989,50,500757444097.3883,1.0
2018-12-07,8.392122699031628e-05,50,494122342902.33264,1.0
2018-12-10,-0.004750082336632141,50,494399312955.7972,1.0
2018-12-11,0.006509779404926133,50,492277717489.3599,1.0
2018-12-12,-0.06523313589028855,50,495543515341.2894,1.0
2018-12-13,0.013040906378373667,50,463301720445.21045,1.0
2018-12-14,-0.010626582740036852,50,469343608614.3736,0.9999999999999999
2018-12-17,0.04153522258592261,50,464403066974.9888,1.0
2018-12-18,-0.01958058579086185,50,483555639893.52026,1.0
2018-12-19,-0.0004170233394332399,50,474142329729.0523,1.0
2018-12-20,-0.0009653053059860595,50,473944618418.9606,1.0
2018-12-21,-0.011448138336080705,50,473595315597.252,0.9999999999999999
2018-12-24,0.009695422017205508,50,460441491564.80554,1.0
2018-12-27,0.012621781875507956,50,464991862679.3339,0.9999999999999999
2018-12-28,-0.0002618751683791959,50,470860839537.68915,0.9999999999999999
2018-12-31,-0.03432080580033292,50,470737578902.70844,1.0
2019-01-02,-0.012439601903770749,50,454380574282.4085,1.0
2019-01-03,0.04438939828580173,50,448840477154.05615,1.0
2019-01-04,-0.004291357251474154,50,468764235195.1837,1.0
2019-01-07,-0.00026848879452975936,50,466752589799.67896,0.9999999999999999
2019-01-08,0.022755997092228062,50,468781632244.9459,0.9999999999999999
2019-01-09,0.004316817550284097,50,479515271373.8639,0.9999999999999999
2019-01-10,0.006499397644644018,50,481564366029.99084,1.0
2019-01-11,-0.006814517997508802,50,477615494191.696,1.0
2019-01-14,-0.0030885610501697404,50,474439930966.2622,0.9999999999999999
2019-01-15,-0.01207723899365285,50,472892501311.8087,0.9999999999999999
2019-01-16,-0.005496139137976875,50,467356392529.2996,0.9999999999999999
2019-01-17,-0.014447680594417502,50,464787748380.45306,0.9999999999999999
2019-01-18,0.005740434040013968,50,458030543513.6059,0.9999999999999999
2019-01-21,-0.0017873663387660975,50,460679586500.71576,1.0
2019-01-22,-0.00498450773415772,50,459856187963.6656,1.0
2019-01-23,0.014737624676721975,50,517565659563.14246,1.0
2019-01-24,-0.01925552611731667,50,525305620612.83075,1.0
2019-01-25,0.008921395432536165,50,515333801085.5871,1.0
2019-01-29,0.02225563297350708,50,519869813790.0785,1.0
2019-01-30,0.021207601175099705,50,537533211002.13007,1.0
2019-01-31,0.00697256057126428,50,549089019208.677,1.0
2019-02-01,0.0011610314484416819,50,553092660183.6621,1.0
2019-02-04,-0.0036816571465831203,50,553803270220.2927,1.0
2019-02-05,0.01733685388592401,50,550022882756.3699,1.0
2019-02-06,0.01256694609377151,50,559681407453.7938,1.0
2019-02-07,0.00360514124685959,50,566845143184.9906,1.0
2019-02-08,-0.012750978322904926,50,568807443827.146,1.0000000000000002
2019-02-11,-0.003690866145406544,50,561680488672.9823,1.0
2019-02-12,0.020768010992292366,50,558578034742.1105,1.0
2019-02-13,-0.021126112037360777,50,570178603633.2483,0.9999999999999999
2019-02-14,0.027941563820261847,50,557389395338.0704,0.9999999999999999
2019-02-15,-0.0015929412231896864,50,573047286077.6051,1.0
2019-02-18,-0.006477581939813717,50,572856601587.3588,1.0
2019-02-19,-0.01899062348529677,50,570085821975.2408,1.0
2019-02-20,0.0399419304094611,50,559501606571.1311,1.0
2019-02-21,-0.004416825744007509,50,581018761862.5234,1.0
2019-02-22,-0.0036057209192767955,50,578398533435.9591,1.0
2019-02-25,0.0237265752514436,50,576405730583.2588,0.9999999999999999
2019-02-26,-0.028072982855220512,50,590091544255.9103,1.0
2019-02-27,0.023698386106846946,50,573809217225.5219,1.0
2019-02-28,-0.0034669011958945433,50,587546315093.567,1.0
2019-03-01,-0.005251552685381406,50,583378161697.4562,0.9999999999999999
2019-03-04,-0.006867715477077596,50,580611518359.3057,0.9999999999999999
2019-03-05,0.01202762138108128,50,576377751091.8271,1.0
2019-03-06,-0.007868442225256948,50,583289629365.0657,1.0000000000000002
2019-03-07,0.028544229491095512,50,578873032716.4108,1.0
2019-03-08,-0.014416104036924888,50,570023444127.3328,0.9999999999999999
2019-03-11,-0.024392248978302535,50,561805933731.5009,1.0
2019-03-12,-0.011563370045274843,50,547660878475.3223,1.0
2019-03-13,-0.001157432615975987,50,541108552866.16437,1.0
2019-03-14,0.02841763881096526,50,540443916607.148,1.0
2019-03-15,-0.0067192507024016355,50,561020416696.5786,1.0
2019-03-18,0.010369228390058976,50,557226205957.1123,0.9999999999999999
2019-03-19,-0.011119782452471194,50,543881514971.50714,1.0
2019-03-20,0.026619620133292252,50,537833675273.15094,1.0
2019-03-21,-0.02870152345726453,50,552150615680.3593,0.9999999999999999
2019-03-22,0.0032334870509042077,50,536249674522.06085,1.0
2019-03-25,-0.009917590793794444,50,537983658330.4748,1.0
2019-03-26,0.00752460042324199,50,532693309695.17523,1.0
2019-03-27,0.007881877025227652,50,505300102869.8717,1.0
2019-03-28,0.028360309757329318,50,509414283342.6836,1.0
2019-03-29,-0.012999407550883182,50,523887806280.5222,1.0
2019-04-01,0.010132493164274508,50,518854864092.688,1.0
2019-04-02,0.000668033270681607,50,519718861670.8357,0.9999999999999999
2019-04-03,0.03779710333275006,50,520071939329.98627,1.0
2019-04-04,-0.005593313449976657,50,539741166151.86707,1.0
2019-04-05,-0.0019138800419637786,50,536722268380.0217,1.0
2019-04-08,0.014194682585874283,50,536569432532.4527,1.0
2019-04-09,-0.018143988181610594,50,544257959233.4337,1.0
2019-04-10,-0.0034503935370788492,50,536574968778.9688,1.0
2019-04-11,-0.009756204803803958,50,534752374839.00824,1.0
2019-04-12,0.0003337897898069602,50,529632191693.2097,1.0
2019-04-15,-0.0007535620924485404,50,529931472267.7477,1.0
2019-04-16,-0.0045130514053704175,50,530312351577.15125,1.0
2019-04-17,-0.026498588078284587,50,527918983867.88495,1.0
2019-04-18,0.0008022869205391525,50,511908406904.449,1.0
2019-04-23,0.005915325312479087,50,512437193409.79315,1.0
2019-04-24,-0.005927866568584182,50,517051253595.06244,1.0
2019-04-26,-0.011781984481458861,50,513992188170.9932,1.0
2019-04-29,0.021277562987095936,50,508098395190.1477,1.0
2019-04-30,-0.03119796951385099,50,534431984655.7995,1.0
2019-05-01,0.004528004118683696,50,517788988202.986,1.0
2019-05-02,-0.009729208222192911,50,520136606318.6919,1.0
2019-05-03,-0.002208480107221367,50,515402162371.2434,1.0
2019-05-06,-0.008698390171790775,50,514361538183.2068,1.0
2019-05-07,0.01581779541881931,50,508936074286.83704,1.0
2019-05-08,-0.0035180767144138317,50,517025549846.6783,1.0
2019-05-09,-0.003508643955906769,50,515206643333.79803,0.9999999999999999
2019-05-10,0.00047541104555186373,50,511664925080.65424,1.0
2019-05-13,0.0033225186749043616,50,511908171319.72375,1.0
2019-05-14,0.00043814265596707805,50,513828003102.4393,1.0
2019-05-15,0.011192601888873843,50,514077141932.68665,1.0
2019-05-16,0.012090366274556912,50,519831009902.22363,1.0
2019-05-17,0.019649544826300304,50,526115922768.068,1.0
2019-05-20,-0.0014225542411288115,50,536453903409.2587,1.0
2019-05-21,-0.004820624008811253,50,535065743419.9064,1.0
2019-05-22,0.00020291273119750318,50,532486399270.34924,1.0
2019-05-23,-0.011344433591191574,50,531062257326.19214,0.9999999999999999
2019-05-24,-0.0026733322748477622,50,525048132118.92255,0.9999999999999999
2019-05-27,0.01508429041470073,50,523744362653.075,1.0
2019-05-28,0.012770533994383146,50,531706846859.76044,1.0
2019-05-29,-0.008885408829110777,50,538174359356.2505,0.9999999999999999
2019-05-30,-0.01960781462990785,50,533392502805.78186,1.0
2019-05-31,0.0015406146569694804,50,523002501571.08563,1.0
2019-06-03,-0.020580417688481033,50,523808251579.40936,1.0
2019-06-04,0.005510005082905529,50,513320703431.4005,1.0
2019-06-05,0.007161881910640932,50,516280693208.26764,1.0
2019-06-06,-0.015460467135713859,50,522994615424.7146,1.0
2019-06-07,0.017278070407150653,50,514908898050.90704,0.9999999999999999
2019-06-11,0.019280028115536908,50,523889019262.5313,1.0
2019-06-12,0.018371969358304808,50,534961408107.2453,0.9999999999999999
2019-06-13,-0.005313041785235546,50,544814746855.01056,1.0
2019-06-14,0.022119357491293016,50,542108753500.93414,1.0
2019-06-17,-0.00944737893459405,50,554124265073.5516,1.0
2019-06-18,-0.00010100463273432142,50,527509998188.1741,0.9999999999999999
2019-06-19,0.0164018301354226,50,527671570638.75006,1.0
2019-06-20,0.01566508082811075,50,537062959073.2811,1.0
2019-06-21,0.005676422811191379,50,545501255605.9241,1.0
2019-06-24,0.0008376391164840242,50,546314803463.05927,1.0
2019-06-25,-0.02161815533817614,50,546691839978.8861,1.0
2019-06-26,-0.0011555067190400792,50,534891364170.0714,1.0
2019-06-27,0.018980526720563235,50,523375166420.4011,1.0
2019-06-28,-0.015974038734004943,50,540280915089.0657,1.0
2019-07-01,0.0067625951954659895,50,515516864708.51166,1.0
2019-07-02,0.011468702125559612,50,528236983299.5281,1.0
2019-07-03,0.004238617720087978,50,532858661604.0647,1.0000000000000002
2019-07-04,0.01729304358257132,50,540217861790.53705,0.9999999999999999
2019-07-05,-0.011702189144792837,50,543306273609.4252,1.0
2019-07-08,-0.01133678235794951,50,536015954476.9194,1.0
2019-07-09,0.003496482053590606,50,538966821408.1353,1.0
2019-07-10,-0.003455880313834284,50,540930228197.843,1.0
2019-07-11,0.00900071044829213,50,541665846397.2394,1.0
2019-07-12,-0.007687046160068156,50,536022551943.14844,1.0
2019-07-15,-0.016936009905812222,50,533523462601.50714,0.9999999999999999
2019-07-16,0.00019294454360085887,50,522121477980.4024,1.0
2019-07-17,0.002814038343675683,50,522586232181.2796,1.0
2019-07-18,0.01363938726804031,50,524455977328.03375,0.9999999999999999
2019-07-19,0.005991109695724416,50,531616766623.98065,1.0
2019-07-22,0.007478050011918191,50,534801768395.4571,1.0
2019-07-23,-0.016761722679090287,50,535687126920.75793,1.0
2019-07-24,-0.008642920274357715,50,527955367343.9855,1.0
2019-07-25,-0.027063369129188053,50,517511206511.604,1.0
2019-07-26,0.009860653525888684,50,497920624160.3377,1.0
2019-07-29,-0.003857936054680353,50,514410724550.2366,1.0
2019-07-30,0.045350880550548665,50,511067023706.0274,1.0
2019-07-31,-0.0017458711507240363,50,535500765149.9684,1.0
2019-08-01,-0.013785343303160226,50,532712184850.56085,1.0
2019-08-02,-0.022860055219736802,50,523835944483.09375,1.0
2019-08-05,-0.021502721946931747,50,516923301391.0686,1.0
2019-08-06,-0.04669427273115649,50,505854040256.26306,1.0
2019-08-07,0.013455617482891149,50,468577635958.032,1.0
2019-08-08,0.034426168578775264,50,485545021235.0249,1.0
2019-08-09,-0.03675606133295477,50,497262493591.87,1.0
2019-08-12,0.02295616761729543,50,496836032104.3396,1.0
2019-08-13,0.00456409721716895,50,480805136113.8415,1.0
2019-08-14,-0.008845219090796552,50,482895141060.84753,1.0
2019-08-15,-0.01938781884507318,50,478552026266.26624,1.0
2019-08-16,0.03630987753669761,50,464782161481.06335,0.9999999999999999
2019-08-19,-0.00025442540640709647,50,486201528632.2191,1.0
2019-08-20,0.006410719337860523,50,486151174187.6996,1.0
2019-08-21,-0.024551585212610083,50,489834425394.11536,1.0
2019-08-22,-0.0006575292672150925,50,472682736970.44476,1.0
2019-08-23,0.0010221285338111548,50,476858134916.451,1.0
2019-08-26,-0.014772898286201477,50,477461025140.45496,1.0
2019-08-27,0.006682026289485627,50,470399071154.8803,0.9999999999999999
2019-08-28,0.0156733674357595,50,474721876383.91736,1.0
2019-08-29,0.0025606592652958763,50,480985225898.63617,0.9999999999999999
2019-08-30,0.018331605362627363,50,482204313706.3552,1.0
2019-09-02,0.007368060783361452,50,491278455275.32556,1.0
2019-09-03,-7.88755809079066e-05,50,481695118048.6991,0.9999999999999999
2019-09-04,0.0031829040653389208,50,480554483373.35284,0.9999999999999999
2019-09-05,0.05991524185112033,50,482062325925.81683,0.9999999999999999
2019-09-06,0.0015162147391584615,50,505214448363.2256,1.0
2019-09-09,-0.0002482991471826645,50,504027005925.6752,1.0
2019-09-10,0.0019365430152150937,50,480767638818.2879,1.0
2019-09-11,0.015232143191590872,50,481242069736.4293,1.0
2019-09-12,0.0026362813678179405,50,509252742110.0061,0.9999999999999999
2019-09-13,0.0024598923617584786,50,535540936124.7101,1.0
2019-09-16,0.030377076139476215,50,532056869163.4323,1.0
2019-09-17,-0.027845755977967648,50,548793228290.67816,1.0
2019-09-18,0.001962170027527375,50,533593145008.7966,0.9999999999999999
2019-09-19,-0.0018339619623239294,50,534197358318.50653,0.9999999999999999
2019-09-20,0.02038657607851162,50,533307723908.4531,1.0
2019-09-23,-0.02050605578814802,50,555579484559.1559,1.0
2019-09-24,0.031264509099755464,50,534401784394.6138,1.0
2019-09-25,-0.01496780326181499,50,549842202238.7544,0.9999999999999999
2019-09-26,-0.037358099340038274,50,539554539783.2732,1.0
2019-09-27,0.024413558100358123,50,522426532827.70154,1.0
2019-09-30,0.004522165163565289,50,537070353525.6859,1.0
2019-10-01,0.0003639855109804688,50,538654932070.8393,1.0
2019-10-02,-0.013744431290609076,50,593950565760.8036,1.0
2019-10-03,-0.020986523323889807,50,585656332822.7495,1.0
2019-10-04,-0.029541419363540374,50,573443219535.7756,0.9999999999999999
2019-10-07,0.00487610919761468,50,568389250633.8114,1.0
2019-10-08,0.03522652343490946,50,570644690119.9818,1.0000000000000002
2019-10-09,-0.007650641814056043,50,578962754701.3038,1.0
2019-10-10,0.028698838417780956,50,573087586274.6345,1.0
2019-10-11,-0.012643626705448562,50,594595247057.2155,1.0
2019-10-14,-0.0197590253320738,50,594077712726.4818,0.9999999999999999
2019-10-15,-0.009686751545286481,50,574801523973.0824,1.0
2019-10-16,-0.003541973705887102,50,565163885133.206,1.0
2019-10-17,0.008294448783419651,50,564877467603.7601,1.0
2019-10-18,-0.029083872876482775,50,569861312996.6216,0.9999999999999999
2019-10-21,-0.0003275797445375101,50,553323498417.8606,1.0
2019-10-22,0.01101942388854336,50,555586615701.7854,0.9999999999999999
2019-10-23,0.00024682222702901126,50,523660998344.46625,1.0
2019-10-24,0.0038339791556443793,50,520547690100.7943,0.9999999999999999
2019-10-25,0.004699270661539417,50,524997815040.0617,1.0
2019-10-28,0.005128893377060143,50,526330210719.5272,1.0
2019-10-29,0.006006304795731363,50,528988538539.2181,1.0
2019-10-30,-0.008871726320546936,50,534849543324.7773,1.0
2019-10-31,-0.0026112554144350647,50,524589305370.8575,0.9999999999999999
2019-11-01,-0.002670063282068574,50,525145661937.43176,0.9999999999999999
2019-11-04,0.024615358400554312,50,525385901758.26764,1.0
2019-11-05,0.003345636983703688,50,538318419044.508,1.0
2019-11-06,0.004128334996714214,50,528995084509.45105,1.0
2019-11-07,0.0012722000484984858,50,530605885875.54565,1.0
2019-11-08,0.0018953598312674252,50,535869262250.29,1.0
2019-11-11,-0.009220621150203674,50,603444486153.6449,1.0
2019-11-12,-0.0010323263814733766,50,594488461849.8967,0.9999999999999999
2019-11-13,0.025508708537493062,50,595207871587.7494,0.9999999999999999
2019-11-14,-0.03275128312019584,50,607260334800.7749,1.0
2019-11-15,0.04153991304194005,50,571541741420.6552,0.9999999999999999
2019-11-18,-0.03639147072329808,50,643940509349.4873,0.9999999999999999
2019-11-19,0.038938849444868404,50,596905526707.8901,1.0
2019-11-20,-0.0055135971832623075,50,620143309507.9615,1.0
2019-11-21,-0.009338635897941422,50,616709463919.4602,1.0
2019-11-22,0.008935187387530408,50,609327238736.762,0.9999999999999999
2019-11-25,0.011249923878805392,50,614646606867.0133,0.9999999999999999
2019-11-26,-0.03050102863888338,50,621502664540.3907,1.0
2019-11-27,0.00837598318459244,50,547303571229.3328,1.0
2019-11-28,0.0009890170458719636,50,553720579971.3859,1.0
2019-11-29,-0.005421767095598443,50,553971127270.1736,1.0
2019-12-02,0.004153637967278596,50,550875018968.566,1.0
2019-12-03,-0.008392233727157491,50,551822255989.5092,1.0
2019-12-04,-0.012921788765709867,50,548639891470.05884,1.0
2019-12-05,0.007376831516036986,50,543849342376.49866,1.0
2019-12-06,-0.0004758950483741922,50,543662589836.8292,1.0
2019-12-09,0.03394028866545828,50,543493850508.93634,0.9999999999999999
2019-12-10,-0.013228554218732985,50,564734301078.2354,1.0
2019-12-11,0.005041364253927071,50,556381984654.0497,0.9999999999999999
2019-12-12,-0.00047527957995995674,50,557315741693.7527,1.0
2019-12-13,0.01616628339406255,50,557011421186.3625,1.0
2019-12-16,-0.00936837083711504,50,568775416898.5995,1.0
2019-12-17,0.025889958700231218,50,560219300441.2919,1.0
2019-12-18,-0.004977765286011516,50,575531750772.2712,0.9999999999999999
2019-12-19,-0.00174802622683967,50,568894948395.5186,1.0
2019-12-20,0.0032582770981971427,50,571014276697.5564,1.0
2019-12-23,-0.010431105350952954,50,572577973817.9479,1.0
2019-12-24,-0.01882586513766673,50,566684096914.3928,1.0
2019-12-27,0.028659529992368833,50,555962713721.396,1.0
2019-12-30,-0.006387672164295144,50,574859850496.5021,0.9999999999999999
2019-12-31,-0.010061384622475479,50,568616630483.1604,1.0
2020-01-02,-0.014689196376956908,50,560627881599.7266,1.0
2020-01-03,0.006889156166499085,50,552147027019.1599,1.0
2020-01-06,0.006449283821965661,50,555977755605.7495,1.0
2020-01-07,0.020353835162368186,50,558367216662.9941,0.9999999999999999
2020-01-08,-0.020877691828288837,50,569703897174.1545,1.0
2020-01-09,-0.010182574458066963,50,555288697732.0853,1.0
2020-01-10,0.018242715026756354,50,551998659491.9144,1.0
2020-01-13,-0.002983233101917392,50,562389143085.9163,1.0
2020-01-14,-0.011803546329938477,50,574559535032.5044,0.9999999999999999
2020-01-15,0.018719726003800445,50,562752459379.5504,1.0
2020-01-16,0.0008896934491057687,50,567717247512.6578,1.0
2020-01-17,0.03133629708506887,50,569276485088.9026,1.0
2020-01-20,0.00885092761813848,50,589393792493.7526,1.0
2020-01-21,-0.034625106605251504,50,592329781106.8788,1.0
2020-01-22,0.04328601641380025,50,571863568399.146,1.0
2020-01-23,-0.04328948203172217,50,596464221361.1017,1.0
2020-01-24,-0.012365921682240025,50,570654064578.8479,1.0
2020-01-28,0.013060892968291675,50,556597171464.0934,1.0000000000000002
2020-01-29,-0.01796055975395688,50,564344317915.3713,1.0
2020-01-30,-0.006725213859195235,50,561035065880.947,1.0
2020-01-31,0.01808235197730287,50,555747525857.9435,1.0
2020-02-03,-0.04005497944677287,50,569033582231.8317,1.0
2020-02-04,0.02344221110296844,50,552966334520.8143,1.0
2020-02-05,-0.014152115746889744,50,572457778980.1897,1.0
2020-02-06,0.01039279707974019,50,551503171735.0098,0.9999999999999999
2020-02-07,-0.03085363376997271,50,553740805910.0089,0.9999999999999999
2020-02-10,-0.0039760283073443465,50,529906259144.6838,0.9999999999999999
2020-02-11,0.0035758656654908774,50,534742760485.21875,1.0
2020-02-12,0.015936349010696155,50,538530450948.8633,0.9999999999999999
2020-02-13,-0.02516752803450528,50,559381902056.1282,1.0
2020-02-14,0.00036283048239507844,50,549253339986.9157,1.0
2020-02-17,-0.0014275679439298902,50,528715340704.17816,1.0
2020-02-18,0.02429447042546467,50,537735627340.11395,0.9999999999999999
2020-02-19,-0.01715900908655132,50,549959030837.859,1.0000000000000002
2020-02-20,0.018850261306360378,50,541880770908.20886,1.0
2020-02-21,-0.025079830831084962,50,550360546378.9603,0.9999999999999999
2020-02-24,-0.020579615057433782,50,536657442268.90967,1.0
2020-02-25,-0.02037519888704669,50,521185657857.237,1.0
2020-02-26,-0.017232130215507742,50,510876198571.8335,1.0
2020-02-27,-0.007331985125210825,50,501984738750.87787,1.0
2020-02-28,-0.039912374342519555,50,498279079367.8277,1.0
2020-03-02,-0.007979225275108305,50,478232674413.905,1.0
2020-03-03,0.04214709796243632,50,471982100704.2883,1.0
2020-03-04,0.0019156579404451626,50,493009683967.74097,1.0
2020-03-05,0.020427729677800644,50,494112622108.93396,1.0
2020-03-06,-0.047535906966433845,50,492558817391.7471,1.0
2020-03-09,-0.08824532233397472,50,466027508673.58276,1.0
2020-03-10,0.03576083429052516,50,425516932702.5773,0.9999999999999999
2020-03-11,-0.017078103741300577,50,441106761532.6183,1.0
2020-03-12,-0.06218244953352206,50,433511203217.4903,1.0
2020-03-13,0.026590137400060086,50,407283549179.31775,1.0
2020-03-16,-0.07639450080000347,50,417890316038.88446,1.0000000000000002
2020-03-17,0.07776469475562182,50,386157071250.76227,1.0
2020-03-18,-0.03018658954507823,50,416211078683.62915,1.0
2020-03-19,-0.032775098424580935,50,403704911204.778,1.0
2020-03-20,0.06704123958440887,50,420996983197.6724,1.0
2020-03-23,-0.08850395774895682,50,448943099841.79126,1.0
2020-03-24,0.029968734565918392,50,409256049235.11816,1.0
2020-03-25,0.06151523649651571,50,421594669038.56085,1.0
2020-03-26,0.010800013092396825,50,447093433506.9738,1.0
2020-03-27,-0.03919913941304989,50,452039967349.24725,1.0
2020-03-30,0.08958717779942074,50,435059092493.9429,1.0
2020-03-31,-0.08046987123076565,50,472346328969.8503,0.9999999999999999
2020-04-01,0.03532156882604562,50,434479059759.93195,1.0
2020-04-02,0.045568397752730805,50,453817159887.86896,1.0
2020-04-03,0.01337210102715971,50,474409353095.3906,1.0
2020-04-06,0.028963071338656162,50,479434109509.4634,1.0
2020-04-07,0.0552626894855405,50,494579675572.963,0.9999999999999999
2020-04-08,-0.056760708460646514,50,521824221308.6468,1.0
2020-04-09,0.006446730866522892,50,492513169266.44885,1.0
2020-04-14,-0.03165831916090208,50,495634258485.74756,1.0
2020-04-15,0.04317224395821287,50,481935694272.46265,0.9999999999999999
2020-04-16,-0.014163396051459685,50,503475787566.3151,1.0
2020-04-17,0.01906443377620388,50,496273274864.51,1.0
2020-04-20,-0.01636964484114412,50,505774793339.818,1.0
2020-04-21,-0.06932032432283725,50,497665883043.9037,1.0
2020-04-22,0.03374507279951684,50,463241181218.54663,1.0
2020-04-23,-0.03294885031061401,50,478838349804.1833,1.0
2020-04-24,0.0683079443862989,50,462990338556.3367,1.0
2020-04-27,-0.045654622337252315,50,494758668585.07214,1.0
2020-04-28,0.04627682080021113,50,472170589069.4507,1.0
2020-04-29,-0.043573349842254284,50,494016668033.4126,0.9999999999999999
2020-04-30,0.025769509014774136,50,472571167151.95184,1.0
2020-05-01,-0.05672590648538495,50,484775120528.98364,1.0
2020-05-04,-0.006015738309345828,50,457356224260.0723,1.0
2020-05-05,0.07575981056152808,50,454734167082.3733,1.0
2020-05-06,-0.05626137061799628,50,489065528523.02924,0.9999999999999999
2020-05-07,0.009036647848163428,50,461564647979.065,1.0
2020-05-08,0.011192829623887233,50,465758134471.71606,1.0
2020-05-11,0.06342437100623549,50,471009870698.1611,1.0
2020-05-12,-0.018930101352534666,50,501396365010.81213,1.0
2020-05-13,0.060258701215568644,50,491834191236.28424,1.0
2020-05-14,-0.052416339423810784,50,521421996318.8885,1.0
2020-05-15,-0.025682974358000862,50,494247825889.25757,1.0
2020-05-18,0.092625728389649,50,481751251281.5124,1.0
2020-05-19,0.03637008360713627,50,526399668017.3119,1.0
2020-05-20,-0.049130596899912046,50,545844064320.27997,1.0
2020-05-21,0.09058989551709702,50,519116435763.3214,1.0
2020-05-22,-0.050279517530230515,50,566081521056.3004,1.0
2020-05-25,0.008946711092201376,50,537719984343.6045,1.0
2020-05-26,0.014231374460444953,50,542352695210.16223,1.0
2020-05-27,-0.06565627095406612,50,549047903106.4376,1.0
2020-05-28,0.06409436905657598,50,514142235474.86633,1.0
2020-05-29,-0.04619821298293955,50,546923816048.9439,1.0
2020-06-01,0.03084969514027916,50,521640121763.07513,1.0
2020-06-02,-0.004721545724775409,50,537691767291.7852,1.0
2020-06-03,0.10249541383173034,50,535792462739.7244,0.9999999999999999
2020-06-04,0.0012919560287921491,50,539951121833.417,1.0
2020-06-05,0.0011914836417055367,50,590692846989.8113,0.9999999999999999
2020-06-09,0.020909228649885023,50,591631441171.4373,1.0
2020-06-10,2.1072298900306094e-05,50,604098819189.3824,1.0
2020-06-11,-0.011449324864760304,50,604102928251.4822,1.0
2020-06-12,-0.015221192298059447,50,597212366277.229,1.0
2020-06-15,-0.018384777060022672,50,588082378888.3871,0.9999999999999999
2020-06-16,0.025784291698373363,50,577411468891.7886,0.9999999999999999
2020-06-17,-0.004369943811863532,50,592595893559.3997,1.0
2020-06-18,-0.011389876394276872,50,590102389126.8132,1.0
2020-06-19,-0.09738213178080296,50,583467038926.6345,0.9999999999999999
2020-06-22,0.013296992543688905,50,526653519659.78955,1.0
2020-06-23,0.09915554002324195,50,533661232846.5434,0.9999999999999999
2020-06-24,-0.07877920552408589,50,586590031103.8491,0.9999999999999999
2020-06-25,0.07156529710071263,50,540373756985.40063,1.0
2020-06-26,-0.027032972343228965,50,579251301448.1619,0.9999999999999999
2020-06-29,0.030167169714504165,50,563740590296.7913,1.0
2020-06-30,-0.07659978344067962,50,580454504546.9402,1.0
2020-07-01,0.00228367673450955,50,535963566928.2135,1.0
2020-07-02,0.0039032276928800793,50,537143182864.594,1.0
2020-07-03,0.04648531859455941,50,538125465779.54846,1.0
2020-07-06,-0.010626769068416456,50,538313510074.3577,1.0
2020-07-07,0.013306581429764562,50,559122661336.3965,1.0
2020-07-08,0.03831860207545844,50,567003749441.5901,1.0
2020-07-09,0.01769734268126168,50,588919857131.9829,1.0
2020-07-10,-0.0071369255787136175,50,599465142414.5907,1.0
2020-07-13,0.013252876895032567,50,595201177207.33,1.0
2020-07-14,0.08531393328940787,50,603179563130.5804,1.0
2020-07-15,-0.0551426056197476,50,654772583747.6704,1.0000000000000002
2020-07-16,-0.006264910288293793,50,618660594338.5743,1.0
2020-07-17,0.0031820199661685344,50,613491948158.4073,1.0
2020-07-20,0.006048448068865842,50,615189893784.0979,1.0
2020-07-21,0.09576243809940393,50,618906622576.6968,1.0
2020-07-22,-0.04797073913838169,50,678205916394.7831,1.0
2020-07-23,-0.043647173011826974,50,645650455122.0314,1.0
2020-07-24,-0.005555899273925361,50,617438823366.711,1.0
2020-07-27,0.01056584381124755,50,613585192872.2317,0.9999999999999999
2020-07-28,0.006256499400482653,50,620272154333.3912,1.0
2020-07-29,-0.00889422481294667,50,624327971844.8103,1.0
2020-07-30,0.012130893611254336,50,619201085913.5286,0.9999999999999999
2020-07-31,-0.018004554743548545,50,626697489305.9565,1.0
2020-08-03,0.00974483526848313,50,615450162099.0701,1.0000000000000002
2020-08-04,0.09271013816198513,50,623795225331.6537,1.0
2020-08-05,0.0014076738220526609,50,683345341802.7909,1.0
2020-08-06,-0.014187721122846941,50,684326954895.6692,1.0
2020-08-07,0.025655139186154356,50,671313404674.9172,0.9999999999999999
2020-08-10,-0.06225857564273672,50,688554986644.4187,1.0
2020-08-11,-0.0016001416171363676,50,645723546678.7441,1.0000000000000002
2020-08-12,0.06906801390005964,50,644746775123.0199,1.0
2020-08-13,-0.07753025013957611,50,690469029928.8218,1.0
2020-08-14,0.007013427963460297,50,637118013162.3246,1.0000000000000002
2020-08-17,0.0375994725657703,50,641993439587.1687,1.0
2020-08-18,-0.0013624733004089225,50,666195869929.9071,1.0
2020-08-19,-0.00395292025801216,50,665311842778.612,1.0
2020-08-20,-0.06501370767794053,50,763671070530.961,1.0
2020-08-21,0.12713724575131588,50,714034320459.8713,1.0
2020-08-24,0.0013392283936731295,50,801439359344.3528,1.0
2020-08-25,-0.11078898807409848,50,802346949697.8279,1.0000000000000002
2020-08-26,-0.00849914108316794,50,714134500636.1947,1.0
2020-08-27,0.007041879477156782,50,708699879126.0225,1.0
2020-08-28,-0.013543778443246167,50,715339279731.4507,1.0000000000000002
2020-08-31,0.0013061595853006596,50,706089077911.7584,0.9999999999999999
2020-09-01,-0.004204639672513153,50,703689365346.4749,1.0
2020-09-02,0.01355566488972807,50,700734887150.9883,1.0
2020-09-03,-0.0006053943277774739,50,710200480879.8671,1.0
2020-09-04,-0.02151571811602595,50,709420900306.9897,1.0
2020-09-07,0.012160472519601524,50,695927391690.428,0.9999999999999999
2020-09-08,0.011710461929843067,50,701447886480.3502,1.0
2020-09-09,-0.009846407882584302,50,709767279618.6266,1.0
2020-09-10,0.006399692103733437,50,702823590880.6658,1.0
2020-09-11,-0.010288321799930934,50,708042218141.5964,1.0
2020-09-14,0.01742813415879802,50,701946476717.7001,1.0
2020-09-15,0.001061374448082237,50,714163208495.1353,1.0
2020-09-16,0.0031113897693819414,50,715564278977.72,1.0
2020-09-17,-0.019538740573759917,50,717635619372.8953,1.0
2020-09-18,0.010890003165523006,50,703905612125.2108,1.0
2020-09-21,-0.010602920054494145,50,710041378002.1267,1.0
2020-09-22,-0.012997600741347938,50,701087734303.479,1.0
2020-09-23,0.006011196236142375,50,692411311635.2489,1.0
2020-09-24,-0.007097959442147197,50,697640497255.1764,1.0
2020-09-25,-0.11710626329757202,50,692722058505.2732,1.0
2020-09-28,0.13861024942869973,50,611549095368.7639,1.0
2020-09-29,0.0019351065173121404,50,696514564875.0825,1.0
2020-09-30,-0.01747804357592424,50,697367998080.1019,1.0
2020-10-01,0.012740855200066438,50,685363776982.0167,1.0
2020-10-02,-0.02011693157664322,50,694088545385.6749,1.0
2020-10-05,0.01934669383341366,50,680205964714.3131,1.0
2020-10-06,0.009017552122708659,50,693328982583.4724,1.0
2020-10-07,-0.0016188477082371305,50,700279126437.5239,1.0
2020-10-08,0.01026096110700641,50,699446377109.247,1.0
2020-10-09,0.004822018273299424,50,706705076632.9052,1.0
2020-10-12,-0.0017043456502362302,50,710079698722.4664,1.0
2020-10-13,-0.0027138030571432813,50,708724414289.3967,1.0
2020-10-14,-0.06825532330810019,50,707052770941.7305,1.0
2020-10-15,0.07553847799189312,50,658936801759.5789,1.0
2020-10-16,-0.005439040480311326,50,708721421083.1223,0.9999999999999999
2020-10-19,-0.05755114570046551,50,708094270227.946,1.0
2020-10-20,0.05852615982398984,50,667363351392.591,1.0
2020-10-21,0.002485906888145292,50,706577605136.4459,1.0
2020-10-22,-0.05509089531179307,50,708247840109.6384,1.0
2020-10-23,0.05673291647879486,50,669451265321.9878,1.0
2020-10-26,-0.0010670401497676228,50,707802403581.2379,1.0
2020-10-27,-0.01972949006710671,50,707174558975.2797,1.0
2020-10-28,0.0018666004140786895,50,693580462958.1288,1.0
2020-10-29,-0.013699623352287612,50,694876207411.426,1.0
2020-10-30,-0.06003876672935076,50,685371252373.7738,1.0
2020-11-02,-0.0038375226284112665,50,644502923967.1788,1.0
2020-11-03,-0.0515359110311879,50,641401936151.4954,1.0
2020-11-04,0.1340382513821592,50,610194609305.2109,0.9999999999999999
2020-11-05,-0.13902729752064996,50,702565278872.4978,1.0
2020-11-06,0.17349633503217815,50,606063952950.7522,1.0
2020-11-09,-0.11040627414943771,50,711279528933.0492,1.0
2020-11-10,0.1435139237924359,50,631335815887.0457,1.0
2020-11-11,0.007794160473546432,50,722195681472.2405,1.0
2020-11-12,-0.13975016537084803,50,727997761376.4728,1.0
2020-11-13,0.1519245632392693,50,626254576869.3448,1.0
2020-11-16,-0.05558963542054356,50,721548031152.5107,1.0
2020-11-17,0.07825678046984008,50,681444363302.0115,1.0
2020-11-18,-0.13497385915179103,50,734952840473.4966,0.9999999999999999
2020-11-19,-0.004361460104919243,50,636032585736.6289,1.0
2020-11-20,0.15485486684912703,50,633593482195.8818,1.0
2020-11-23,-0.11781099061010263,50,731731613748.5155,1.0
2020-11-24,0.012985289448169639,50,645794572846.7365,1.0
2020-11-25,0.012390750317065448,50,654121817007.9207,1.0
2020-11-26,0.14296682188157236,50,662311166383.4471,1.0
2020-11-27,-0.13157982678144167,50,758050701254.4777,1.0
2020-11-30,-0.010704887422539531,50,658437692056.6982,1.0
2020-12-01,0.009403481185704462,50,651233454151.6292,1.0
2020-12-02,0.009906917940046988,50,657487974114.7109,0.9999999999999999
2020-12-03,0.04448103061643579,50,664082813631.7826,1.0
2020-12-04,0.14646156183702463,50,681570120033.4021,1.0
2020-12-07,-0.061753431645224,50,709393054879.5308,1.0
2020-12-08,0.15042440461989687,50,722785997232.2604,1.0
2020-12-09,-0.12782602594581333,50,833076628769.5953,1.0
2020-12-10,-0.0026222021331959882,50,726727988118.5197,1.0
2020-12-11,0.007452592210046488,50,724966310224.4015,1.0
2020-12-14,-0.009742313833162614,50,730585929651.7913,1.0
2020-12-15,-0.015871525167057907,50,723518851105.3094,1.0000000000000002
2020-12-16,0.16889939256360115,50,712337994557.1016,0.9999999999999998
2020-12-17,-0.12183107171057109,50,832736855567.2578,1.0
2020-12-18,0.1510133475724901,50,731910461266.632,1.0
2020-12-21,0.010244685349487285,50,843885531742.7612,1.0
2020-12-22,-0.14270227638596586,50,852855535350.835,1.0
2020-12-23,0.14854240817852235,50,730781043048.9734,1.0
2020-12-24,-0.06053245479340515,50,839314510928.3729,1.0
2020-12-29,-0.06643799979593427,50,788705697152.517,0.9999999999999999
2020-12-30,0.0005446861002741235,50,736363425787.362,1.0
2020-12-31,-0.013381501919099223,50,737162765742.9569,1.0
2021-01-04,0.01880861795818542,50,727437435297.3721,0.9999999999999999
2021-01-05,0.014401153917818984,50,750280410258.8239,1.0
2021-01-06,-0.0033869072206380983,50,762526924905.2362,1.0
2021-01-07,0.04523017896189314,50,760098799057.6038,1.0
2021-01-08,-0.00628141680763699,50,794872943404.6838,1.0
2021-01-11,-0.011049519230783249,50,789918322606.091,0.9999999999999999
2021-01-12,-0.004365001921107198,50,780480163911.3014,0.9999999999999999
2021-01-13,0.0030329187150810125,50,777863563231.5671,1.0
2021-01-14,-0.004330037383316948,50,780217135049.6306,1.0
2021-01-15,0.01029267115138173,50,777577822202.4202,1.0
2021-01-18,-0.015427279443095644,50,784827268984.7211,1.0
2021-01-19,0.008624121233451344,50,773238947862.0024,0.9999999999999999
2021-01-20,0.0065261135743471844,50,781881092609.7432,1.0
2021-01-21,0.010983217350207682,50,787771453420.2819,1.0
2021-01-22,-0.011074842882140981,50,796547604696.8218,1.0
2021-01-25,0.09250324140643627,50,780199737820.5647,1.0
2021-01-27,-0.09668304902952016,50,853130910805.748,1.0
2021-01-28,-0.023044498463190344,50,768547634503.2186,1.0
2021-01-29,0.061803431398054776,50,751206590004.1309,1.0
2021-02-01,0.007447169085438175,50,798891873340.043,1.0
2021-02-02,0.09401703016259551,50,804727223554.8995,0.9999999999999999
2021-02-03,-0.14574555292666214,50,880583894096.24,1.0
2021-02-04,-0.001017411216487157,50,875771749781.9502,1.0
2021-02-05,0.07863854919800276,50,751577127173.4667,1.0
2021-02-08,-0.05660663603678719,50,810732448203.052,0.9999999999999999
2021-02-09,-0.0005909679954042164,50,763501968329.0883,1.0
2021-02-10,0.08405850736512271,50,762665129300.4193,1.0
2021-02-11,-0.07196646280042557,50,826785462485.7551,1.0
2021-02-12,0.072561685300932,50,767336088836.2325,1.0
2021-02-15,0.015442826063587987,50,823548926934.9535,1.0
2021-02-16,-0.061496941327100686,50,836264017155.368,1.0
2021-02-17,0.02211160422368503,50,789357655294.2511,0.9999999999999999
2021-02-18,-0.00016612787236913376,50,806798900380.8022,1.0
2021-02-19,-0.022223678057309553,50,806818558496.8337,0.9999999999999999
2021-02-22,0.10393395864459096,50,788903444831.3683,1.0
2021-02-23,0.0858349256331129,50,870955832136.5437,1.0
2021-02-24,-0.14505869568330432,50,952886862340.2014,1.0
2021-02-25,0.16842607302863521,50,807746234313.5674,1.0
2021-02-26,-0.08343195369094107,50,943839793037.146,1.0
2021-03-01,-0.06118361548406052,50,872737984817.7662,0.9999999999999999
2021-03-02,-0.013875333888269312,50,815296126309.3368,0.9999999999999999
2021-03-03,0.10658901588035714,50,804035626302.5776,1.0
2021-03-04,-0.08678575465711351,50,890934507609.921,1.0
2021-03-05,-0.016935934914211952,50,863008424087.1295,1.0
2021-03-08,0.09794124019743047,50,779712517327.6879,1.0
2021-03-09,-0.07621085714749505,50,860842916304.006,1.0
2021-03-10,-0.02949120390584418,50,795198149578.7592,1.0
2021-03-11,0.08312336460800887,50,771797926910.5719,1.0
2021-03-12,-0.06140667113388146,50,839691966167.2056,1.0
2021-03-15,-0.00729948434970981,50,784621586207.4026,0.9999999999999999
2021-03-16,-0.005546345485909037,50,778987863666.041,1.0
2021-03-17,0.07297399024328682,50,774654286263.5862,1.0
2021-03-18,0.0757417000421408,50,833790998069.6692,1.0
2021-03-19,-0.1517913613620432,50,896460206121.1792,0.9999999999999999
2021-03-22,0.1568212583860767,50,760998957811.4432,1.0
2021-03-23,-0.14265361164198018,50,880566690294.0569,1.0
2021-03-24,0.002825570978433607,50,755123807370.2317,1.0
2021-03-25,-0.0031894018587354613,50,757124815634.5109,0.9999999999999999
2021-03-26,0.013245974260036767,50,754684988988.4568,1.0
2021-03-29,0.17875912376883835,50,765131758565.2434,0.9999999999999999
2021-03-30,-0.15440124323536047,50,901967916145.495,1.0
2021-03-31,0.0024014846657311384,50,763788025967.1665,1.0
2021-04-01,0.09223923125506017,50,762348795737.9855,1.0
2021-04-06,0.005719503904213028,50,834461187142.5122,1.0
2021-04-07,-0.07119350407405223,50,839769572414.9712,1.0
2021-04-08,0.01804369413478493,50,780100066141.5043,1.0
2021-04-09,-0.002049505849409883,50,794887366178.7745,1.0
2021-04-12,-0.01045151185012967,50,794556367479.3842,1.0
2021-04-13,-0.0033852524088266583,50,786402649208.0894,0.9999999999999999
2021-04-14,0.003978681930167434,50,783570736346.3071,0.9999999999999999
2021-04-15,0.18093137734345244,50,787137368517.2809,1.0000000000000002
2021-04-16,0.0026234328607438193,50,929555261472.363,1.0
2021-04-19,-0.13026424645601048,50,933739948958.1252,1.0
2021-04-20,0.15469297169184604,50,812506995733.843,1.0000000000000002
2021-04-21,-0.14015260873007362,50,938156581230.6396,1.0
2021-04-22,0.002166492811957205,50,806737482738.2487,1.0
2021-04-23,0.08274540195696968,50,809925972228.8064,1.0
2021-04-26,0.05751239592334835,50,814185658658.1509,0.9999999999999999
2021-04-27,-0.06967640406286607,50,818336735144.0302,1.0
2021-04-28,-0.009483713332756457,50,818949443867.6193,1.0
2021-04-29,0.00407411555186436,50,820287321748.5962,1.0
2021-04-30,-0.011357080035958582,50,819889624869.1019,1.0
2021-05-03,-0.010699905525452162,50,822136409344.0796,0.9999999999999999
2021-05-04,0.01799314338382117,50,807235193317.5277,1.0
2021-05-05,0.005465715468655134,50,820765577714.0857,1.0
2021-05-06,0.1592232781947627,50,826041498240.3063,1.0
2021-05-07,-0.12322314728352725,50,958588790090.735,1.0
2021-05-10,0.034638276940506973,50,837375956591.9109,1.0
2021-05-11,-0.016097623832345826,50,853493369713.683,1.0
2021-05-12,-0.004103353780114223,50,856262253629.0979,1.0
2021-05-13,0.13373907903788107,50,852925721910.4359,1.0
2021-05-14,-0.1417306785655146,50,966783274440.0862,1.0
2021-05-17,0.15774757010820753,50,829926101010.8868,1.0
2021-05-18,-0.11884988902670807,50,960868913596.7101,1.0
2021-05-19,-0.02585497296117331,50,846874550609.7201,0.9999999999999999
2021-05-20,-0.005671454529131313,50,825040877132.0819,1.0
2021-05-21,0.14647577665674377,50,820420393518.7854,1.0
2021-05-24,-0.010628296344600652,50,945540889781.4098,1.0
2021-05-25,0.006979126763779811,50,939564165990.8799,1.0
2021-05-26,-0.008765744086753798,50,931911845751.5972,0.9999999999999999
2021-05-27,-0.12861641308742977,50,929734523297.4141,1.0
2021-05-28,0.17237815006307056,50,810217784313.5536,1.0
2021-05-31,0.0024393622165051546,50,950102307578.6549,0.9999999999999999
2021-06-01,-0.14456323084122757,50,989112342038.4592,1.0
2021-06-02,0.016629799037873257,50,844554100845.4161,1.0
2021-06-03,0.0032536904791900787,50,860358960185.5254,1.0
2021-06-04,-0.01354099686329826,50,862140979033.7357,0.9999999999999999
2021-06-07,0.17037083107785903,50,850213597955.3228,1.0
2021-06-08,-0.004325092187678918,50,995078367271.1476,1.0
2021-06-09,-0.1445768554264566,50,991599508849.622,1.0
2021-06-10,0.1706140817918882,50,848265396260.2777,1.0
2021-06-11,-0.13934810986865392,50,994291733671.8066,1.0
2021-06-15,0.003317670549797094,50,854202663474.3605,1.0
2021-06-16,-0.011726914703103924,50,854256712319.7778,1.0
2021-06-17,0.07183668158683221,50,847071495412.4781,1.0
2021-06-18,-0.08837579073351015,50,907936984205.3643,1.0
2021-06-21,-0.019684308448851013,50,827773795872.096,1.0
2021-06-22,0.19614587034370717,50,811897016095.2529,0.9999999999999999
2021-06-23,-0.1450071471572718,50,971260077636.5707,1.0
2021-06-24,0.004922625557368714,50,842629304292.1694,1.0
2021-06-25,0.008132229116969529,50,846967435936.0331,1.0
2021-06-28,0.00415976668897677,50,853808374278.1935,1.0
2021-06-29,-0.00539430205548375,50,857356306013.0333,0.9999999999999999
2021-06-30,0.19292559054522604,50,852731484291.734,1.0
2021-07-01,-0.1539165050370883,50,1017245179486.0154,1.0
2021-07-02,0.0028428642551681757,50,860690361322.2592,0.9999999999999999
2021-07-05,0.18232869695113574,50,863623305756.3575,0.9999999999999999
2021-07-06,-0.15604281417907503,50,1020550605721.6058,1.0
2021-07-07,0.0017430618387361692,50,861480314130.0314,1.0
2021-07-08,0.18664514540541102,50,862993485606.9625,1.0
2021-07-09,-0.15728714175550138,50,1024168393056.0382,1.0
2021-07-12,0.19893159336511163,50,863079846583.1879,0.9999999999999999
2021-07-13,-0.15000985247232845,50,1034781498798.981,1.0
2021-07-14,0.18209921079836547,50,879590002227.5868,1.0
2021-07-15,0.00982620061446079,50,1039989332890.4347,1.0
2021-07-16,0.0003769460767152318,50,1050162646344.5631,1.0
2021-07-19,-0.16638206271462086,50,1050613284986.457,1.0
2021-07-20,-0.017177558843547106,50,875982442994.501,1.0
2021-07-21,0.1926454127170717,50,860955258318.1002,1.0
2021-07-22,0.012828773682052316,50,1026880465383.3221,1.0
2021-07-23,-0.15116966796109452,50,1040299741129.1245,1.0
2021-07-26,0.012248120180126772,50,883320078302.9708,1.0
2021-07-27,0.013402200388875843,50,894318513091.8107,1.0
2021-07-28,-0.007599874436682491,50,910769498004.9324,1.0000000000000002
2021-07-29,0.013045686231719648,50,903959691944.6652,0.9999999999999999
2021-07-30,0.17147601772590176,50,916243298139.4878,1.0
2021-08-02,-0.00043735419521139397,50,1073359824654.5726,1.0
2021-08-03,-0.15657829041861443,50,1073125136421.7943,1.0
2021-08-04,0.01035278053387564,50,905815026675.3577,1.0
2021-08-05,-0.012252723991373646,50,915268757057.3711,1.0
2021-08-06,-0.00770616958108259,50,904157354489.56,1.0
2021-08-09,0.17117080990359035,50,897511759727.4746,1.0
2021-08-10,-0.15446359606438512,50,1051287812141.8531,1.0
2021-08-11,0.008697122201582494,50,888936378059.2307,1.0
2021-08-12,0.003289904226942641,50,896917767379.052,1.0
2021-08-13,0.0018214466863252982,50,887918934079.1875,1.0
2021-08-16,-0.011149312182721464,50,889569953936.883,0.9999999999999999
2021-08-17,-0.013786589552981548,50,879701400248.2452,1.0
2021-08-18,-0.02606520760756347,50,867281279086.8203,0.9999999999999999
2021-08-19,-0.03604081792492249,50,845113726885.2133,1.0
2021-08-20,-0.0065254119910310455,50,814999649662.3496,1.0
2021-08-23,0.0012327347828604007,50,809635048868.9558,1.0
2021-08-24,0.008910991788386018,50,810675220590.7842,0.9999999999999999
2021-08-25,0.21239599935577347,50,817904072882.6986,1.0
2021-08-26,-0.1705603995390716,50,992223151104.4224,1.0
2021-08-27,-0.002497764265289055,50,822939432787.5358,1.0
2021-08-30,0.02358341386355757,50,821238366603.7721,1.0
2021-08-31,-0.0034306871945936584,50,840517944977.2249,0.9999999999999999
2021-09-01,-0.010301276975999566,50,837762442440.4977,1.0
2021-09-02,-0.0012941672438886822,50,829331358432.8173,1.0
2021-09-03,0.012513283141011444,50,814684214561.5106,0.9999999999999999
2021-09-06,-0.003207135938663619,50,824966055853.5419,1.0
2021-09-07,-0.010014152992721046,50,817689071845.6731,1.0
2021-09-08,-0.006591709030196763,50,810553482497.3555,1.0
2021-09-09,-0.017521107438296345,50,805155677066.8121,1.0
2021-09-10,0.01065939750645654,50,790706003170.6603,1.0
2021-09-13,0.006285154720739809,50,799138659981.6152,1.0
2021-09-14,0.003530071794041761,50,818102832046.6304,1.0
2021-09-15,-0.011120455239637991,50,821060564688.8584,1.0
2021-09-16,0.0012507062397498492,50,814138767296.8593,1.0
2021-09-17,-0.03222586589227915,50,815249037062.9573,1.0
2021-09-20,-0.03360029859980107,50,788989231155.6018,1.0
2021-09-21,0.0008931568294980395,50,762689768337.0482,1.0
2021-09-22,0.021210641105164157,50,763553901587.1007,1.0
2021-09-23,0.002053032574368758,50,780749457407.4375,1.0
2021-09-24,-0.006130758583224908,50,782298440913.308,1.0
2021-09-27,0.00341159738429586,50,778067560046.8291,1.0
2021-09-28,-0.02181761455468388,50,801313669504.2495,1.0
2021-09-29,-0.007841234701333102,50,783830932245.9725,1.0
2021-09-30,0.017699388325840917,50,777753126727.0094,1.0
2021-10-01,-0.014239836330950746,50,816141950516.2776,1.0
2021-10-04,0.0018204632564167303,50,804752217354.7578,0.9999999999999999
2021-10-05,-0.0051096930806358385,50,806306917144.5029,1.0
2021-10-06,-0.002211644337915626,50,802450902652.1743,1.0
2021-10-07,0.004569146440292838,50,800725795426.8594,1.0
2021-10-08,0.019490517144167475,50,804572684118.987,0.9999999999999999
2021-10-11,0.010213436688364743,50,820418682907.3132,1.0
2021-10-12,9.047175925047882e-05,50,828831117154.626,0.9999999999999999
2021-10-13,-0.012025852257788605,50,831053133409.7178,0.9999999999999999
2021-10-14,0.01163796514886839,50,821152464784.0966,1.0
2021-10-15,0.00852802839930419,50,830376144653.2993,1.0
2021-10-18,0.010602401174801112,50,837690671151.2612,1.0
2021-10-19,-0.010284423352629326,50,846703701661.7648,1.0
2021-10-20,0.0023583694812199835,50,838620132473.9391,1.0
2021-10-21,-0.004180547482033099,50,840229971735.7373,1.0
2021-10-22,-0.010000597332708042,50,837171836944.3177,1.0
2021-10-25,0.007464220772231962,50,828626937006.6622,1.0
2021-10-26,-0.00043996112819512725,50,834812091650.1501,1.0
2021-10-27,-0.010371347347878257,50,834682435395.36,1.0
2021-10-28,-0.009684918996289496,50,825969267723.9619,1.0
2021-10-29,-0.009875325457159745,50,817997831985.6876,0.9999999999999999
2021-11-01,0.0033007981477665414,50,809638743185.5693,1.0
2021-11-02,-0.015909401787871705,50,812501606829.1481,0.9999999999999999
2021-11-03,0.008162534737939266,50,799622396279.5126,1.0
2021-11-04,-0.0033118066264453353,50,804356357839.1519,1.0
2021-11-05,0.002723136478542836,50,804005586568.0503,0.9999999999999999
2021-11-08,0.0027824282593955124,50,805997195242.981,1.0
2021-11-09,0.007346999972714442,50,808210116448.841,1.0
2021-11-10,-0.011173812275241425,50,814247105265.1272,1.0
2021-11-11,0.015154375981280182,50,805487943674.6483,1.0
2021-11-12,0.017244448431984485,50,817756600035.1421,1.0
2021-11-15,0.004449961723866586,50,832296624631.7928,1.0
2021-11-16,-0.013569094331453943,50,836108155727.5417,1.0
2021-11-17,-0.005802826951172953,50,824952756195.8717,1.0
2021-11-18,0.005055077474878885,50,812291243646.6976,1.0
2021-11-19,0.005437177492629252,50,816264564995.382,0.9999999999999999
2021-11-22,0.007137018990321864,50,820591894206.4932,0.9999999999999999
2021-11-23,0.018003827762265976,50,826742329573.8666,0.9999999999999999
2021-11-24,-0.0006860789878876936,50,841586180414.1553,1.0
2021-11-25,0.009908945440075086,50,841128058944.2836,1.0
2021-11-26,-0.014781542271476608,50,849708043099.3124,1.0
2021-11-29,0.005875142917395443,50,835249749552.9534,1.0
2021-11-30,-0.0009083245022074925,50,840663566579.9753,1.0
2021-12-01,0.008524227621259867,50,838237639652.9393,1.0
2021-12-02,-0.008306156013166584,50,840964454122.4567,1.0
2021-12-03,0.0025943536163968647,50,838961344993.8226,1.0
2021-12-06,-0.010482230921252025,50,840673630609.3003,1.0
2021-12-07,0.006470415589523799,50,832766543053.7126,1.0
2021-12-08,0.016065025462535028,50,841521463926.575,0.9999999999999999
2021-12-09,-0.0034955607146366636,50,856829006257.4764,1.0
2021-12-10,-0.0007148852576138557,50,853788787146.9154,1.0
2021-12-13,0.013116583417435835,50,853239020272.8265,1.0
2021-12-14,0.002142161153392716,50,864581476212.4501,0.9999999999999999
2021-12-15,-0.004369923731323386,50,866342861074.1506,1.0
2021-12-16,-0.0014013184806949193,50,862732235860.5337,1.0
2021-12-17,0.007220270443507152,50,861593481003.3115,1.0
2021-12-20,-0.001066504664439083,50,867802592669.5576,0.9999999999999999
2021-12-21,0.008778140100012365,50,866924340096.7769,1.0
2021-12-22,-0.005221837383236026,50,874729025560.0753,1.0
2021-12-23,0.00048049509122536315,50,870410063537.5001,1.0
2021-12-24,0.004277086451251471,50,870811332732.3258,1.0
2021-12-29,0.006727850077566672,50,874669249312.4729,1.0
2021-12-30,0.0033202595909753232,50,880720930949.7518,1.0
2021-12-31,0.000371740487397017,50,883666864256.9281,1.0
2022-01-04,0.013768385710801717,50,884028029081.4875,1.0
2022-01-05,0.0050235897511353815,50,897967076053.2794,1.0
2022-01-06,-0.005992240283594822,50,900986924544.0728,1.0
2022-01-07,0.011986577967579971,50,890177629599.1465,1.0
2022-01-10,0.013281809322376034,50,898270195318.447,1.0
2022-01-11,0.000518774401364187,50,911062051444.239,1.0
2022-01-12,0.007444934151862746,50,911657548733.3357,1.0
2022-01-13,0.02313707447535412,50,918431413261.22,1.0
2022-01-14,-0.003863539083945132,50,940096042703.2491,1.0
2022-01-17,-0.007784868755942526,50,936073007146.6466,1.0
2022-01-18,0.005291552510274612,50,929574270944.5078,1.0
2022-01-19,-0.0021532330612248564,50,934623821930.0155,1.0
2022-01-20,0.023422616832345654,50,932668704491.7017,0.9999999999999999
2022-01-21,-0.030834371180034525,50,954634195418.8624,1.0
2022-01-24,-0.011415307247247089,50,925278461098.3606,1.0
2022-01-25,-0.02449724716683639,50,914802195309.0837,1.0
2022-01-27,0.00041829331212101656,50,892795113270.0411,1.0
2022-01-28,0.02030474111100467,50,893171522645.3811,1.0
2022-01-31,-0.003988545603329558,50,911361866932.2152,1.0
2022-02-01,-0.01051439787684572,50,908083638432.2731,1.0
2022-02-02,0.015280033065316157,50,898525061044.5222,0.9999999999999999
2022-02-03,0.010778745461505274,50,912498961169.6414,1.0
2022-02-04,0.005265335955672952,50,921020674867.9011,1.0
2022-02-07,0.0038346475379777084,50,1017599944927.3481,0.9999999999999999
2022-02-08,0.018937870186833093,50,1018936001402.9933,1.0
2022-02-09,-0.00659447059708611,50,1039095505987.8381,1.0
2022-02-10,0.009046629619258366,50,1032243278861.8389,1.0
2022-02-11,0.0058551950646900455,50,1041556709529.741,1.0
2022-02-14,-0.0069882311159226145,50,1025712403962.1324,1.0
2022-02-15,-0.011631137222610246,50,1015788143575.6743,1.0
2022-02-16,-0.0033493048832257555,50,1004675784766.0841,1.0
2022-02-17,0.002876544824106311,50,1000731132782.4182,1.0
2022-02-18,-0.001020346185303775,50,1003742412994.348,1.0
2022-02-21,0.00012776886856537156,50,1002712319190.0397,1.0
2022-02-22,-0.011685694307229147,50,1003566273353.6088,1.0
2022-02-23,0.008519305062482815,50,991964300133.3425,1.0
2022-02-24,-0.024823367182529855,50,1000688335287.231,1.0
2022-02-25,0.0037507467940066214,50,1001920327993.2515,1.0
2022-02-28,0.02370467272033861,50,980304623211.1063,1.0
2022-03-01,0.00147833806070265,50,977791162875.1018,1.0
2022-03-02,0.02632819970193379,50,985713198634.2994,1.0
2022-03-03,0.025246805294783188,50,1022984045712.5991,1.0
2022-03-04,-0.006740106544140293,50,1019011128503.9177,1.0
2022-03-07,0.0046309772409552415,50,1020079834912.5464,1.0
2022-03-08,-0.028586925399184282,50,1035101542383.0305,1.0
2022-03-09,0.004419177279729019,50,1005580827947.5366,1.0
2022-03-10,-0.01137811437896834,50,1010812279153.465,1.0
2022-03-11,0.0025981575732443906,50,988337628028.2235,1.0
2022-03-14,-0.005147055056110146,50,990844640928.4349,0.9999999999999999
2022-03-15,-0.03263504132269737,50,985260731696.913,1.0
2022-03-16,0.004913413772798829,50,958282917535.8755,1.0
2022-03-17,0.012585135907187017,50,994935238042.6575,0.9999999999999999
2022-03-18,0.013601979525531254,50,1001445949332.5492,1.0
2022-03-21,0.006249413194328217,50,1002638733386.8219,1.0
2022-03-22,0.024752742019187396,50,987932995732.3788,1.0
2022-03-23,-0.0010529381390808996,50,1012336809848.8131,1.0
2022-03-24,0.011196811086065843,50,1012567171053.7971,1.0
2022-03-25,0.006133743238627739,50,1023939134759.4205,1.0
2022-03-28,0.010069362251151941,50,1047788160434.5635,0.9999999999999999
2022-03-29,-0.00311266129651832,50,1058705855658.8916,1.0
2022-03-30,-0.000983831580094026,50,1055222237603.322,1.0
2022-03-31,0.017037753769432132,50,1053931334622.352,1.0
2022-04-01,0.011301403811711954,50,1072325615888.777,1.0
2022-04-04,0.009596571395371454,50,1084462913342.6506,0.9999999999999999
2022-04-05,-0.00725114312127782,50,1096226256596.6492,1.0
2022-04-06,-0.011916401920164646,50,1088948549413.887,1.0
2022-04-07,-0.00807597157721781,50,1083743532940.0238,1.0
2022-04-08,0.00990065570453282,50,1074382810280.5474,1.0
2022-04-11,-0.008422937994550113,50,1079422687999.3383,1.0
2022-04-12,-0.0008961556980437096,50,1076564941747.3904,1.0
2022-04-13,0.010419632067100212,50,1076514849677.3381,1.0
2022-04-14,0.008257770488402056,50,1086353026756.6841,1.0
2022-04-19,0.007181647501212665,50,1095465554768.2744,0.9999999999999999
2022-04-20,-0.013913538303524212,50,1103505510270.104,1.0000000000000002
2022-04-21,-0.012642241384501245,50,1088229464168.3007,1.0
2022-04-22,-0.02248640794937946,50,1075385106577.3672,1.0
2022-04-26,-0.04157228273354578,50,1053085759877.4417,1.0
2022-04-27,0.002088438353384544,50,1015660005823.3206,0.9999999999999999
2022-04-28,0.025880776116900744,50,1011935523953.2476,1.0
2022-04-29,0.002092572126566258,50,1032969387078.1869,1.0
2022-05-02,-0.0018009631517229834,50,1040193193979.9622,1.0
2022-05-03,-0.009162587662447208,50,1038477495657.2535,1.0
2022-05-04,-0.010299318409699984,50,1035805705795.8851,1.0
2022-05-05,0.009292463059602536,50,1022740734759.8296,1.0
2022-05-06,-0.01593649486390661,50,1031482912826.2876,1.0
2022-05-09,-0.0222836715487393,50,1012707991383.125,1.0
2022-05-10,-0.01950408980756601,50,990534711823.5194,1.0
2022-05-11,0.01012795030044547,50,971222053128.9727,1.0
2022-05-12,-0.016715414244556664,50,981357228837.9429,1.0
2022-05-13,0.01548158435096566,50,965225187919.1334,1.0
2022-05-16,-0.005562014190801488,50,980146218604.4089,1.0
2022-05-17,0.010326800492086037,50,974703868724.226,1.0
2022-05-18,0.01930172252937641,50,984769474351.2147,1.0
2022-05-19,-0.013686475546735665,50,1003797400354.8984,1.0
2022-05-20,0.014962389890672563,50,990378330281.1188,0.9999999999999999
2022-05-23,0.007119971732616554,50,1005490025496.9868,1.0
2022-05-24,-0.0003611293209249166,50,1013288746191.0032,0.9999999999999999
2022-05-25,0.0074072024384057985,50,1012993005228.8462,1.0
2022-05-26,-0.007663801812779912,50,1020306339474.6635,1.0
2022-05-27,0.009903433692586476,50,1018355148092.2126,0.9999999999999999
2022-05-30,0.015515969802251775,50,1028677307707.3358,1.0
2022-05-31,0.00020233785367461754,50,1038765918698.5786,1.0
2022-06-01,-0.0010482171453980566,50,1039475033799.2727,1.0
2022-06-02,-0.005123110079593015,50,1038879597846.7528,1.0
2022-06-03,0.021770985237235783,50,1033626417681.9794,1.0
2022-06-06,-0.006629940799140071,50,1055870998760.9435,1.0
2022-06-07,-0.0016563283489004778,50,1048772709549.0905,1.0
2022-06-08,0.013783757498937548,50,1047132120404.4194,1.0
2022-06-09,-0.016244952736508854,50,1061817148029.6793,1.0
2022-06-10,-0.009680166424908111,50,1045323532247.152,1.0
2022-06-14,-0.03708753081585455,50,1035612181811.5059,1.0
2022-06-15,-0.007743710331899839,50,996498055336.5548,0.9999999999999999
2022-06-16,0.0051382416141505065,50,988611555812.6241,1.0
2022-06-17,-0.025517491237060066,50,993783146262.488,1.0
2022-06-20,-0.037961109302290824,50,968424259320.2319,1.0
2022-06-21,0.01200908380987502,50,931790887282.4846,1.0
2022-06-22,-0.0011852331609397415,50,944018540234.9805,0.9999999999999999
2022-06-23,-0.013848885971366002,50,942060007124.9053,1.0
2022-06-24,-0.0014690567252918236,50,923318889779.1744,1.0
2022-06-27,0.01833239780458338,50,922363933675.1686,0.9999999999999999
2022-06-28,0.021326460185324653,50,939273156470.6914,1.0
2022-06-29,-0.008987678718741383,50,959304416783.943,1.0
2022-06-30,-0.021776397101424944,50,950692255617.9728,1.0
2022-07-01,-0.01638816021091153,50,930032259138.4095,0.9999999999999999
2022-07-04,0.0035101027613610417,50,914905718193.5565,1.0
2022-07-05,0.004626983719682926,50,918071835949.8706,1.0
2022-07-06,-0.04243236106963882,50,922698894190.5566,1.0
2022-07-07,0.019563768998992495,50,883936801717.4656,1.0
2022-07-08,0.00928245373758624,50,901287054145.1332,1.0
2022-07-11,-0.01978000119013579,50,907377491851.9535,1.0
2022-07-12,-0.16907083381059385,50,889316000170.9785,1.0
2022-07-13,-0.027192739350756234,50,756331833241.5175,1.0
2022-07-14,0.015886483899460093,50,669595242957.407,0.9999999999999999
2022-07-15,-0.03270750342474875,50,667875364445.5658,1.0
2022-07-18,0.024304520036611814,50,645719763156.886,1.0
2022-07-19,-0.003531760869038347,50,661485313525.6366,1.0
2022-07-20,0.024114885752230565,50,659117894763.7598,0.9999999999999999
2022-07-21,-0.005669481706295694,50,674978897886.9517,1.0
2022-07-22,-0.00019034595050177648,50,671152091161.235,1.0
2022-07-25,0.011715839256123423,50,671015235615.2408,1.0
2022-07-26,0.0197473224547432,50,678874944944.1818,0.9999999999999999
2022-07-27,-0.019267247973920928,50,692295345158.9836,1.0
2022-07-28,0.022134681480572602,50,679062140798.0608,1.0
2022-07-29,0.005443994000957885,50,694168470808.5067,0.9999999999999999
2022-08-01,0.006088298889579599,50,697712996587.0574,1.0
2022-08-02,-0.01233548867407958,50,701927035169.0554,1.0
2022-08-03,0.0036307152521924597,50,693435888240.9741,1.0
2022-08-04,-0.010828151607633172,50,696147039059.0977,1.0
2022-08-05,0.022088318695586546,50,691404442528.5452,0.9999999999999999
2022-08-08,0.016963992370222492,50,711346526972.4297,1.0
2022-08-09,-0.00032058893897976126,50,715690102311.6738,1.0
2022-08-10,-0.009703477568646477,50,718879532753.9723,1.0
2022-08-11,0.018287248640015425,50,711293853305.3406,1.0
2022-08-12,-0.00538310407183454,50,715910500973.5574,1.0
2022-08-15,0.007922569926427227,50,714209006867.2483,1.0
2022-08-16,0.015927024911584688,50,719950578198.369,1.0
2022-08-17,0.0019206977237878212,50,731556952982.2009,0.9999999999999999
2022-08-18,0.0006407808180160542,50,733390592253.7195,1.0
2022-08-19,0.008412672524429116,50,734138197465.782,1.0
2022-08-22,-0.005458583622423229,50,739946994823.4928,1.0000000000000002
2022-08-23,-0.004462635184351394,50,735933648646.0486,1.0
2022-08-24,0.009505900148612655,50,732656247769.5818,1.0
2022-08-25,0.007249580661018192,50,739645263451.442,0.9999999999999999
2022-08-26,0.011716723655535086,50,744890392153.9434,0.9999999999999999
2022-08-29,-0.02462246987915699,50,753817510531.276,1.0
2022-08-30,-0.0015962416907841098,50,735313358439.3208,1.0
2022-08-31,-0.01623356386633446,50,734125676284.1929,1.0
2022-09-01,-0.020704984990625015,50,722296401901.0786,1.0
2022-09-02,-0.02372059727715699,50,689383712431.1465,1.0
2022-09-05,0.02127209303383246,50,672879347859.4916,1.0
2022-09-06,-0.00649790603720549,50,683284592993.0103,0.9999999999999999
2022-09-07,-0.020609716838197917,50,678540276201.5637,1.0
2022-09-08,0.025017553104221112,50,664860747628.4458,1.0
2022-09-09,0.033241431514619606,50,677584476599.7444,1.0
2022-09-12,0.024170202401640674,50,700108347259.1555,1.0
2022-09-13,0.004371184261455905,50,717008023568.7607,1.0
2022-09-14,-0.022824394877175812,50,720151885233.643,0.9999999999999999
2022-09-15,4.990080413212538e-08,50,704148758094.4907,1.0
2022-09-16,-0.022785634513618484,50,702375605526.8492,0.9999999999999999
2022-09-19,-0.004876749114113484,50,686546105194.1681,1.0
2022-09-20,0.025984060827353543,50,683074542716.4165,1.0
2022-09-21,-0.028894352374308027,50,700777416721.303,1.0
2022-09-23,0.00174042736975537,50,689523538879.9684,1.0
2022-09-26,-0.054943177824947696,50,682021872719.5442,1.0
2022-09-27,0.02738919197956009,50,644652076498.0436,0.9999999999999999
2022-09-28,-0.00743099655742518,50,662235092670.212,1.0
2022-09-29,0.01968172563897795,50,657314033731.0862,1.0
2022-09-30,0.010579815027314973,50,670277181665.723,1.0
2022-10-03,-0.002371905248634799,50,677390648776.1896,1.0
2022-10-04,0.041018719416732505,50,680813639836.6934,1.0
2022-10-05,0.016287944291099553,50,707616033085.7737,1.0
2022-10-06,0.0042937794913997206,50,719499143960.944,0.9999999999999999
2022-10-07,-0.016784066603536613,50,722391714682.5322,1.0
2022-10-10,-0.0032102929451118365,50,711239341879.8423,1.0
2022-10-11,-0.00570159584532727,50,707751592453.9886,1.0
2022-10-12,-0.011325037924375468,50,703735057536.731,1.0
2022-10-13,-0.003623286195241157,50,695998971465.775,0.9999999999999999
2022-10-14,0.013431337183857786,50,693477172280.6952,1.0
2022-10-17,-0.021631058853502725,50,702822278434.8826,1.0
2022-10-18,0.012291032731674938,50,688352544578.21,0.9999999999999999
2022-10-19,-0.00041105923229217705,50,697202845562.4777,1.0
2022-10-20,-0.022941012045698518,50,697051983875.0261,1.0
2022-10-21,-0.0038902986343639055,50,693082977637.9362,1.0
2022-10-24,0.020309504954473024,50,688783853145.6709,1.0
2022-10-25,-0.01526933137995071,50,695186652350.8431,1.0
2022-10-26,0.002169456681887791,50,683294785692.3243,1.0
2022-10-27,0.015569684206881741,50,684696090262.1067,0.9999999999999999
2022-10-28,-0.04296138563028371,50,694648036557.9388,1.0
2022-10-31,-0.0023977317105788416,50,664819508705.7662,1.0
2022-11-01,0.025623142923999084,50,662841440816.6462,0.9999999999999999
2022-11-02,0.01546537267760064,50,679940498620.0731,1.0
2022-11-03,-0.026871943799282514,50,691152390697.4293,0.9999999999999999
2022-11-04,0.018686462211043645,50,672808511269.497,0.9999999999999999
2022-11-07,0.03731488804237079,50,685667005561.7043,0.9999999999999999
2022-11-08,-0.0031999111938303317,50,710089306082.1907,1.0
2022-11-09,0.021685391406422835,50,692049121334.2343,1.0
2022-11-10,-0.011156500170129943,50,727261832994.1761,1.0
2022-11-11,0.037395244783031426,50,717611629773.1155,1.0
2022-11-14,0.038613619981812425,50,742222865564.2394,0.9999999999999999
2022-11-15,-0.006999238369777105,50,770805302625.2653,0.9999999999999999
2022-11-16,0.010164699246752252,50,765574674414.4613,1.0000000000000002
2022-11-17,-0.013417082575222039,50,773271170121.4943,1.0
2022-11-18,0.0014972156000268748,50,763030455945.1627,1.0
2022-11-21,-0.019599895101121024,50,763581813273.373,1.0
2022-11-22,0.011790564499651775,50,748740397202.7468,1.0
2022-11-23,0.006143024465131033,50,757632508683.3975,1.0
2022-11-24,0.010183349076732559,50,762123043649.9125,1.0
2022-11-25,-0.010896137714722353,50,769860622088.1539,1.0
2022-11-28,-0.009536567488801502,50,761503643830.4302,1.0
2022-11-29,0.02026657899042206,50,754219611123.3403,0.9999999999999999
2022-11-30,0.01389216968880398,50,769529497903.4991,0.9999999999999999
2022-12-01,0.02595718146353676,50,780214054416.7179,1.0
2022-12-02,-0.007082187973851567,50,800466169542.2329,1.0
2022-12-05,0.020429348794064887,50,794797141663.9086,1.0
2022-12-06,-0.0058775380208073375,50,797321326061.8387,1.0
2022-12-07,-0.00014878868532680695,50,794594691078.9958,0.9999999999999999
2022-12-08,-0.009770915525321949,50,805711714234.8104,1.0
2022-12-09,0.02078538882107602,50,798521918600.3635,0.9999999999999999
2022-12-12,-0.01383295468419626,50,814859552788.4893,0.9999999999999999
2022-12-13,-0.017274467189265733,50,803602299753.6217,1.0
2022-12-14,0.006939291411393154,50,789792939654.1174,1.0
2022-12-15,-0.012975410030180896,50,795341996060.1414,0.9999999999999999
2022-12-16,-0.004745255359941105,50,785113785510.9921,0.9999999999999999
2022-12-19,0.004282049656943507,50,781563403626.1722,0.9999999999999999
2022-12-20,-0.018483403966160203,50,784904605468.0164,1.0
2022-12-21,0.01990769685294337,50,770396864766.0952,1.0
2022-12-22,-0.0005463801785329953,50,786085328467.3604,1.0
2022-12-23,-0.0031060023999937474,50,786097541186.7328,1.0
2022-12-28,0.006547759618379363,50,783720031012.2693,1.0
2022-12-29,-0.010017741320706867,50,788819315316.1501,1.0
2022-12-30,-0.0018758500959454698,50,780926586408.0505,1.0
2023-01-03,-0.00803205874425982,50,779586952378.7455,1.0
2023-01-04,0.0190991198987915,50,773622793815.3303,1.0
2023-01-05,0.002228213703142629,50,789921877713.4675,1.0
2023-01-06,0.029244308030073832,50,782131696703.7158,1.0
2023-01-09,0.0068244569002542,50,804727176796.668,1.0
2023-01-10,-0.004078732399423068,50,810219122139.1362,1.0
2023-01-11,0.01573739496634002,50,806914366654.781,1.0
2023-01-12,0.01642769497890451,50,819613139293.5054,0.9999999999999999
2023-01-13,0.004982007258651466,50,841341823280.9426,1.0
2023-01-16,0.0008740980009572306,50,845647834774.5957,1.0
2023-01-17,-0.009529984515901846,50,846376770304.3126,1.0
2023-01-18,0.001260368868876572,50,838310776601.7474,0.9999999999999999
2023-01-19,0.014268988944884433,50,839417729018.8162,1.0
2023-01-20,0.008142229595532804,50,851475169121.0631,1.0
2023-01-23,-0.003701217724057736,50,858559977256.1079,1.0
2023-01-24,0.010210299207393232,50,856340086560.5122,1.0
2023-01-25,-0.006068068457565073,50,865381090250.1776,1.0
2023-01-27,0.000857553975994365,50,860496009978.2041,1.0
2023-01-30,-0.006377492056007157,50,860252031221.4229,1.0
2023-01-31,-0.002726108385013262,50,855502499625.0868,1.0
2023-02-01,0.007599392266219116,50,853072692965.1028,1.0
2023-02-02,-0.009472809821354162,50,859648733572.5519,1.0
2023-02-03,-0.015687320706010845,50,851654747830.5536,1.0
2023-02-06,0.0010832908347479272,50,838346924366.4885,1.0
2023-02-07,-0.0026868848327495825,50,839303493618.2823,1.0
2023-02-08,0.008670617940224716,50,837224774669.3329,1.0
2023-02-09,-0.004251954149428911,50,842730481775.6924,1.0
2023-02-10,-0.010633866174426838,50,843667353986.0531,0.9999999999999999
2023-02-13,-0.0018701664388406014,50,833294902769.2035,0.9999999999999999
2023-02-14,-0.0021029079511423764,50,830642716914.8757,1.0
2023-02-15,0.0018832470425970303,50,828934845870.2289,1.0
2023-02-16,0.004776386105652505,50,830663789241.9948,1.0
2023-02-17,-0.003083650788147753,50,834495722819.835,1.0
2023-02-20,0.0017619439902748259,50,832297300744.3203,1.0
2023-02-21,0.006991563985615936,50,833332014186.5671,1.0
2023-02-22,-0.006967960460830919,50,839187816977.4167,1.0
2023-02-23,-0.017677736945286265,50,833340559730.5002,1.0
2023-02-24,-0.017093773122366745,50,818094279570.9926,1.0
2023-02-27,-0.030728262037118793,50,803957709441.1062,1.0
2023-02-28,0.014302019463592316,50,777137295150.2543,1.0
2023-03-01,0.021342099019966147,50,788425498829.288,0.9999999999999999
2023-03-02,0.03356135039704114,50,805260636415.1278,1.0
2023-03-03,0.006208767403950914,50,831937377093.3835,1.0
2023-03-06,-0.004422830332452434,50,832552103162.1265,1.0
2023-03-07,-0.0038594138417335057,50,830084712801.8835,1.0
2023-03-08,-0.008651664161818576,50,826528297105.1261,0.9999999999999999
2023-03-09,0.0037847137080511194,50,829017835753.0131,1.0000000000000002
2023-03-10,-0.03200508046670655,50,825973468503.8165,1.0
2023-03-13,0.010047268523754564,50,785421294705.3328,0.9999999999999999
2023-03-14,-0.01635324297395453,50,793723653750.1025,1.0
2023-03-15,0.0115894280511069,50,781190419511.425,1.0
2023-03-16,-0.0368500223649493,50,790281796120.8359,1.0
2023-03-17,0.004358092665720524,50,760748736732.5695,1.0
2023-03-20,-0.011891867765710188,50,764391128957.4231,1.0
2023-03-21,0.008393565712989421,50,755449044645.9636,1.0
2023-03-22,0.006600239061547812,50,765700944551.4672,0.9999999999999999
2023-03-23,-0.013198464203263044,50,764788731852.8607,1.0
2023-03-24,0.005173657173306207,50,763380928040.1578,1.0000000000000002
2023-03-27,-0.0021335912882486613,50,760467705427.0487,0.9999999999999999
2023-03-28,0.020609895511768655,50,759296855446.3925,1.0
2023-03-29,0.011816431728823927,50,773841019438.5159,1.0
2023-03-30,0.01656212913609351,50,792528604784.5859,1.0
2023-03-31,0.02302129067804339,50,807087257692.1635,1.0
2023-04-03,-0.008794225599168808,50,813157336953.649,1.0
2023-04-04,-0.011329166889874145,50,816677816018.6824,0.9999999999999999
2023-04-05,-0.008293604982035937,50,816868337581.7316,0.9999999999999999
2023-04-06,-0.004931469065896683,50,814065298558.9518,0.9999999999999999
2023-04-11,0.021307084216806528,50,799695921285.2345,1.0
2023-04-12,0.017822464811549768,50,807765048203.2977,1.0
2023-04-13,-0.006536435946812635,50,822719117369.0771,1.0
2023-04-14,0.006712577935652496,50,823719572042.1012,1.0
2023-04-17,0.0002520506576515144,50,826687240709.9326,1.0
2023-04-18,0.0023904371002534666,50,823394298084.792,1.0
2023-04-19,0.008849925576896296,50,825580357031.0354,1.0
2023-04-20,-0.019849671598178544,50,826778753689.4882,1.0
2023-04-21,-0.019352921856439834,50,810464917508.9075,0.9999999999999999
2023-04-24,-0.01946290641803368,50,794826299933.0746,1.0
2023-04-26,-0.00891023353234629,50,789915407588.9503,0.9999999999999999
2023-04-27,0.004041460260752264,50,776741462796.6221,1.0
2023-04-28,0.003964700232502071,50,779471683087.6024,0.9999999999999999
2023-05-01,-0.003556070796080211,50,782991471338.6863,1.0
2023-05-02,-0.010679546042732394,50,780268273885.6788,1.0
2023-05-03,-0.011169382976200386,50,772477080007.7094,1.0
2023-05-04,0.012593060913167253,50,773561819931.7498,1.0
2023-05-05,0.0017791953969216391,50,781106745498.4636,1.0
2023-05-08,0.017962388047223013,50,777881058289.7983,1.0
2023-05-09,-0.004714692958076189,50,791757824837.6943,0.9999999999999999
2023-05-10,-0.0017911328200596332,50,785139917132.0048,0.9999999999999999
2023-05-11,-0.008364088318470735,50,783732205986.4148,1.0
2023-05-12,-0.008962428034642483,50,786001022957.2828,1.0
2023-05-15,0.006633777269393144,50,785726901241.9231,1.0
2023-05-16,0.0013410581189468838,50,788678781980.3391,1.0
2023-05-17,-0.007037898422870816,50,778859294115.6002,1.0
2023-05-18,0.012871909775903372,50,771189879951.7789,1.0
2023-05-19,-0.0023399585307919313,50,781108976198.8143,1.0
2023-05-22,-0.0017870056417301386,50,779312600493.5117,1.0
2023-05-23,-0.006080977822741313,50,777695948566.5897,1.0
2023-05-24,-0.019689204624073683,50,773304702979.6621,1.0
2023-05-25,-0.017586981576055965,50,758278712855.0265,1.0
2023-05-26,0.013504247418677569,50,745954604731.1272,1.0
2023-05-29,0.011879653018348358,50,754568981481.1683,0.9999999999999999
2023-05-30,0.0025989433128657436,50,763761259387.5422,0.9999999999999999
2023-05-31,-0.024511185116154566,50,765144880756.2266,0.9999999999999999
2023-06-01,0.002056359562571305,50,747165028152.3768,0.9999999999999999
2023-06-02,0.023057461433051322,50,749087249593.9509,1.0
2023-06-05,0.0139897873513988,50,765164092281.6372,1.0
2023-06-06,-0.006011349851188608,50,775835042358.3799,0.9999999999999999
2023-06-07,-0.0005824675577642572,50,771183475330.4857,1.0
2023-06-08,0.008944177161552574,50,772177563121.5103,1.0
2023-06-09,0.00931830121174732,50,777388169453.3496,0.9999999999999999
2023-06-13,-0.008045147413991996,50,783722975421.061,1.0
2023-06-14,0.025950559013988465,50,776773879930.414,1.0000000000000002
2023-06-15,0.006810144370271099,50,796655366369.5585,1.0
2023-06-16,0.008356295898496836,50,800410315191.0275,0.9999999999999999
2023-06-19,-0.007561304522754119,50,809621704759.385,1.0
2023-06-20,0.007999614519235504,50,805632206341.5988,1.0
2023-06-21,-0.010701059974705855,50,812185691322.5837,1.0
2023-06-22,-0.018641060684838374,50,803415735975.5563,1.0
2023-06-23,-0.010850067277878054,50,791027730355.2283,0.9999999999999999
2023-06-26,-0.0038781364496817926,50,793851109629.9541,0.9999999999999999
2023-06-27,0.012181251308406596,50,776742540278.864,0.9999999999999999
2023-06-28,0.00643448018546325,50,786329360867.1619,1.0
2023-06-29,-0.006865910084762219,50,791758966844.0662,1.0
2023-06-30,0.0035591809864910693,50,783522092896.2698,1.0
2023-07-03,0.008241501136673397,50,786525719779.7925,1.0
2023-07-04,-0.0007340013641111343,50,793007827097.243,0.9999999999999999
2023-07-05,-0.0010324507030977429,50,792506911196.9805,0.9999999999999999
2023-07-06,-0.017386897543535312,50,791759990484.4031,0.9999999999999999
2023-07-07,-0.01652043334151468,50,782919504230.9879,1.0
2023-07-10,-0.008265334034525744,50,688334159193.7083,1.0
2023-07-11,0.0158865931341322,50,672794379870.9055,1.0
2023-07-12,0.011358432277805714,50,683915222383.7595,1.0
2023-07-13,0.022280131411801393,50,700385342254.3832,1.0
2023-07-14,0.0133358878005988,50,707089058138.0599,1.0
2023-07-17,-0.0068968116516184685,50,716762465545.6317,0.9999999999999999
2023-07-18,-0.006086895010172091,50,711569401415.8848,1.0
2023-07-19,-0.006052682126098095,50,708858087191.4016,1.0
2023-07-20,0.0008900131906809917,50,702981502073.4592,1.0
2023-07-21,-0.0015694713686968042,50,703628132309.2797,1.0
2023-07-24,-0.014380155978532622,50,702580720166.0377,1.0
2023-07-25,0.029941423659068402,50,692509409480.2773,1.0
2023-07-26,0.016699046468184753,50,713439445020.1057,0.9999999999999999
2023-07-27,-0.014585284104048324,50,725284547394.4279,1.0
2023-07-28,-0.012956378587313824,50,715713174825.6134,1.0
2023-07-31,0.002165023436651075,50,706440095751.6958,1.0
2023-08-01,0.0056052812157246865,50,707998322558.5111,1.0
2023-08-02,-0.0112075500473674,50,711966859358.6182,1.0
2023-08-03,-0.011596078311543094,50,703996296698.1997,1.0000000000000002
2023-08-04,0.005711639938191145,50,695778449269.6022,1.0
2023-08-07,-0.004763015053770353,50,699752500671.9191,1.0
2023-08-08,-0.0014012638097791617,50,696422797809.9371,1.0
2023-08-09,-0.0015371287235310422,50,695467114212.1377,1.0000000000000002
2023-08-10,0.0029219846683795664,50,694555082046.049,1.0000000000000002
2023-08-11,-0.005265470577778729,50,692375177068.5437,1.0
2023-08-14,-0.018747618500213142,50,688729435830.3176,1.0
2023-08-15,-0.0019867571301412637,50,675817430836.0437,0.9999999999999999
2023-08-16,-0.02651804416572873,50,674475600753.114,0.9999999999999999
2023-08-17,-0.0014932598151482198,50,656741483084.3541,1.0
2023-08-18,0.008637880278499356,50,655785326502.2073,1.0
2023-08-21,-0.0018078575414254968,50,661529433253.6776,1.0
2023-08-22,0.0019998664577332128,50,659546477462.0326,0.9999999999999999
2023-08-23,0.015735162909429615,50,661667015051.3845,1.0000000000000002
2023-08-24,0.0020023975379996977,50,668418267435.9408,1.0
2023-08-25,-0.013451059165883034,50,673480655001.2811,1.0
2023-08-28,-0.0002893356421566532,50,664261968186.9801,0.9999999999999999
2023-08-29,0.015366761477799544,50,664014604042.3666,1.0000000000000002
2023-08-30,0.015806437676949454,50,674129689707.7277,1.0
2023-08-31,0.004712162307035544,50,684867130168.0331,1.0
2023-09-01,-0.002553261632508009,50,688046284112.5317,0.9999999999999999
2023-09-04,0.023762599381315752,50,686305788444.9752,0.9999999999999999
2023-09-05,-0.0003847127134644941,50,699395828093.7946,0.9999999999999999
2023-09-06,-0.002613768783737998,50,698525640714.1317,0.9999999999999999
2023-09-07,-0.02079111509179016,50,696705127653.129,1.0
2023-09-08,-0.01084280949243461,50,676119071242.3215,1.0
2023-09-11,0.006417673451317341,50,668510921454.3815,1.0
2023-09-12,0.011874681356491045,50,672786041809.6289,0.9999999999999999
2023-09-13,-0.0098269487722978,50,680639098438.0353,0.9999999999999999
2023-09-14,0.012893881016245976,50,673934245662.9618,1.0
2023-09-15,0.02715873319414554,50,682263187059.2555,1.0
2023-09-18,-0.0032589311718124944,50,695179981750.5627,1.0
2023-09-19,-0.006697018363188399,50,693566201084.0793,0.9999999999999999
2023-09-20,-0.012041528647434277,50,694358461222.2856,1.0
2023-09-21,-0.013398490878617544,50,686198487597.4275,1.0
2023-09-22,0.0010963094158670513,50,677795154738.0397,0.9999999999999999
2023-09-25,-0.008554173876871896,50,681019252489.0104,1.0
2023-09-26,-0.01651036308778777,50,673183399772.0782,1.0
2023-09-27,0.0014402783500666954,50,662065894175.3427,1.0
2023-09-28,0.007002672884504179,50,662999242070.595,1.0
2023-09-29,0.01143420378608991,50,665702374686.2373,1.0
2023-10-02,0.006233856445588129,50,675283710077.9639,1.0
2023-10-03,-0.019738163612116437,50,679519329140.4149,1.0
2023-10-04,-0.0015291603737096048,50,667020644513.5221,1.0
2023-10-05,-0.005239963486799044,50,669106181256.301,0.9999999999999999
2023-10-06,0.00868332135245427,50,662814904239.0907,1.0
2023-10-09,-0.0003417566112159947,50,668246907878.0161,1.0
2023-10-10,0.0036132035292063274,50,667521481259.7987,0.9999999999999999
2023-10-11,0.010083401413593278,50,669933362601.4021,1.0
2023-10-12,0.006544204275777484,50,676771636242.8716,1.0
2023-10-13,-0.0012999455340182448,50,681447944501.7611,1.0
2023-10-16,0.003097912598738857,50,680335991447.8539,1.0
2023-10-17,0.008112514086029166,50,682395569671.7605,0.9999999999999999
2023-10-18,0.004568574288002962,50,687984501710.8671,1.0000000000000002
2023-10-19,-0.012567460964513687,50,690642916503.895,0.9999999999999999
2023-10-20,-0.013597426667389287,50,685576664287.661,1.0
2023-10-23,-0.023257115659055676,50,678472826859.6118,1.0
2023-10-24,0.011508700694544202,50,660525386384.8174,0.9999999999999999
2023-10-25,0.019741139619828457,50,664953083187.0286,1.0
2023-10-26,0.0038518601107657715,50,675563946740.6765,1.0
2023-10-27,0.004613841723658712,50,681956372804.0109,1.0
2023-10-30,-0.0009629795670494036,50,685014895781.704,1.0
2023-10-31,-0.009247030083926829,50,684414480250.0933,1.0
2023-11-01,0.014879748183909336,50,681501198737.7227,1.0
2023-11-02,0.007782185343143067,50,688300648836.1136,1.0
2023-11-03,0.007647601640481385,50,694285468852.534,1.0
2023-11-06,-0.003212346152190424,50,698168196714.2643,1.0
2023-11-07,0.0011405653140499278,50,696768833994.0448,1.0
2023-11-08,-0.01158724867361914,50,698430549648.0023,1.0
2023-11-09,0.005520618218296133,50,699394386915.4026,1.0
2023-11-10,0.0026954488009107947,50,693717635615.2123,1.0
2023-11-13,-0.003499359672745615,50,695153012159.1748,1.0
2023-11-14,0.016797191906756746,50,693533084400.4216,1.0000000000000002
2023-11-15,0.014195417980421312,50,705244258243.2539,1.0
2023-11-16,0.0024030146559285565,50,709817732552.615,1.0000000000000002
2023-11-17,0.004503463796902982,50,711389568021.2346,0.9999999999999999
2023-11-20,-0.0009911684537266452,50,714625550381.896,0.9999999999999999
2023-11-21,0.014691911725978302,50,713971019824.8575,0.9999999999999999
2023-11-22,0.0012229840946935437,50,724443919607.5942,1.0
2023-11-23,-0.013422226553688483,50,732102435635.3711,1.0
2023-11-24,0.0014645415356590895,50,721140541892.8779,1.0
2023-11-27,-0.013721610272424165,50,722165382441.6505,1.0000000000000002
2023-11-28,0.0023601850482167386,50,711933480869.728,1.0
2023-11-29,0.000745604694869317,50,713528298884.492,1.0
2023-11-30,0.004956683828594097,50,714174429456.924,0.9999999999999999
2023-12-01,5.9161734087585585e-05,50,718044176318.6095,1.0
2023-12-04,0.011591137562529894,50,717811112730.339,1.0
2023-12-05,-0.015449359618924368,50,723059471538.8221,1.0
2023-12-06,0.008828230953985912,50,726536131608.357,1.0
2023-12-07,0.006975758038113566,50,721278660912.5851,1.0
2023-12-08,0.006748485728601762,50,726391283050.4911,1.0
2023-12-11,-0.004093503288068288,50,731286950660.4485,0.9999999999999999
2023-12-12,0.00033632301844847785,50,728371047670.5953,1.0
2023-12-13,0.0036711059058837816,50,729303840480.6239,0.9999999999999999
2023-12-14,0.017705444058513316,50,731934302389.546,1.0
2023-12-15,0.01895274853414081,50,744807524826.7014,0.9999999999999999
2023-12-18,-0.0008140490838403389,50,754708575778.9266,1.0
2023-12-19,0.006913648586997271,50,758326722508.9607,1.0
2023-12-20,0.004611559770048225,50,763825247922.4061,1.0
2023-12-21,-0.001785299130856296,50,768011441576.0082,1.0
2023-12-22,0.0019669088402721304,50,766554066501.4646,1.0
2023-12-27,0.00891711789026642,50,837421902934.3252,0.9999999999999999
2023-12-28,0.011285440773123297,50,844793218881.3113,1.0
2023-12-29,-0.00584773891376779,50,853762761001.1445,1.0
2024-01-02,0.004825667673051848,50,848922097679.648,1.0
2024-01-03,-0.01655248487192277,50,853091605993.7831,0.9999999999999999
2024-01-04,-0.005269919968341761,50,838931129664.2798,1.0
2024-01-05,-0.009989112162498629,50,840165059147.9551,1.0
2024-01-08,-0.008285782377025144,50,827634202560.2928,1.0
2024-01-09,0.005286508766853359,50,822444961126.9215,1.0
2024-01-10,-0.021124697207397326,50,823286372025.7874,1.0
2024-01-11,-0.0036150974072870438,50,806227420153.3594,1.0
2024-01-12,0.003369164473386901,50,803927744238.4474,1.0
2024-01-15,-0.004262527162358039,50,806115145510.4053,1.0
2024-01-16,-0.015237231749802842,50,804466770717.8335,1.0
2024-01-17,-0.008911235037855705,50,794301282394.012,0.9999999999999999
2024-01-18,-0.00698751081394836,50,788020496158.5627,1.0
2024-01-19,0.005351224424254638,50,778431229004.1863,1.0
2024-01-22,-0.0026314702487704256,50,782854896284.1051,1.0
2024-01-23,0.0031216715952797607,50,780812917161.9816,1.0000000000000002
2024-01-24,0.012772712954685905,50,783374820763.7908,1.0
2024-01-25,0.015495548456200527,50,793230564471.4376,1.0000000000000002
2024-01-29,-0.0033099797010135794,50,805103532807.3925,1.0
2024-01-30,0.005962807961035135,50,802466123322.6101,1.0
2024-01-31,0.0050277901823172315,50,807461175779.2999,1.0
2024-02-01,-0.00676712636158968,50,811373417753.4255,1.0
2024-02-02,0.009743559125382708,50,806994343714.3264,0.9999999999999999
2024-02-05,-0.026453770947881913,50,816431744433.9716,1.0
2024-02-06,-0.011293516955404672,50,797707360898.8214,1.0000000000000002
2024-02-07,0.00995970432671998,50,786064361326.5304,1.0
2024-02-08,-0.0015136942066892407,50,794084250365.5465,1.0
2024-02-09,-0.0019067696378833332,50,792874588346.5334,1.0
2024-02-12,-0.007652417660272797,50,790185321854.7588,1.0
2024-02-13,0.0017147070987169324,50,784183639940.9905,1.0
2024-02-14,-0.010238420370208657,50,785207065656.2377,0.9999999999999999
2024-02-15,-0.00630176351720148,50,776428553578.2129,1.0
2024-02-16,0.01422278935156225,50,771400735950.394,0.9999999999999999
2024-02-19,0.008483055233945401,50,782766920921.824,1.0
2024-02-20,-0.013935374301797223,50,789759947657.8768,0.9999999999999999
2024-02-21,-0.01544299217009756,50,778787588090.9149,1.0
2024-02-22,0.0001899358947980695,50,766452267751.0504,1.0
2024-02-23,-0.004046892413330507,50,766432732374.6338,1.0
2024-02-26,-0.004986109220768377,50,763268465404.358,1.0000000000000002
2024-02-27,-0.0036757029409008953,50,760458448524.6066,0.9999999999999999
2024-02-28,0.002457988205331055,50,759152799326.954,1.0
2024-02-29,0.004263797566392325,50,756798064918.6401,1.0
2024-03-01,0.01683445882800928,50,760463110148.6024,1.0
2024-03-04,-0.006538507906762265,50,772665651750.811,1.0
2024-03-05,0.009590608138628791,50,777845721418.7821,1.0
2024-03-06,-0.0045586772490724325,50,774697169358.3596,1.0
2024-03-07,0.011871864650363615,50,771191914674.162,1.0
2024-03-08,-9.770573070547412e-05,50,768550652358.318,1.0
2024-03-11,-0.02549794967557071,50,768987657780.0067,0.9999999999999999
2024-03-12,0.0004998003839706705,50,769342003759.4653,1.0
2024-03-13,-0.004692151136756542,50,754851882988.7388,1.0
2024-03-14,0.017777994450386105,50,751345531174.0297,1.0
2024-03-15,-0.018165585161962056,50,764852401414.3876,1.0
2024-03-18,0.001318742302461702,50,754338552606.6278,1.0000000000000002
2024-03-19,0.02342302318481898,50,754741271788.9401,1.0
2024-03-20,-0.0007906188589933438,50,770737371337.7233,1.0
2024-03-21,0.01044992341108809,50,770381849658.1224,1.0
2024-03-22,-0.007287931007180009,50,778282836846.9856,1.0
2024-03-25,0.007177099276774483,50,771776362335.4882,1.0
2024-03-26,-0.007196864705043884,50,776126147915.9012,1.0
2024-03-27,0.0006832321300034058,50,771554251943.1885,1.0
2024-03-28,0.017137678042053673,50,773746717154.8435,0.9999999999999999
2024-04-02,0.013027731270028644,50,786780096198.1431,1.0
2024-04-03,-0.0037054895786108513,50,796784411155.9064,1.0
2024-04-04,0.0008005632308705361,50,794134270302.7766,1.0
2024-04-05,-0.008201807736731436,50,795069375407.6616,0.9999999999999999
2024-04-08,0.00991281201202152,50,789211419732.7972,1.0
2024-04-09,0.016510058671137078,50,802329352363.1183,1.0
2024-04-10,0.009662881751785899,50,816073773070.3854,1.0
2024-04-11,0.0055011664400359235,50,823346142234.6349,1.0
2024-04-12,-0.0017795422310321034,50,827902396524.3169,0.9999999999999999
2024-04-15,0.008555141434608324,50,825504993371.998,0.9999999999999999
2024-04-16,-0.022356729588019566,50,832424821530.7552,1.0
2024-04-17,-0.0025306177431618578,50,820541280300.365,1.0
2024-04-18,0.011606107384591292,50,812400585358.3218,1.0
2024-04-19,-0.00989196034695462,50,819236565503.4293,1.0000000000000002
2024-04-22,0.007570414983701827,50,814568871996.153,1.0
2024-04-23,-0.007516177304156362,50,820184080383.4984,1.0
2024-04-24,-0.0001990898217473114,50,817527224211.9569,0.9999999999999999
2024-04-26,0.005541708020559618,50,814268239339.5498,1.0
2024-04-29,0.002933218201982582,50,820806500276.3314,1.0
2024-04-30,0.0007341182843202323,50,813833170115.8472,1.0
2024-05-01,-0.01715612356204634,50,817976604029.2216,0.9999999999999999
2024-05-02,0.0013592880801157133,50,802584118878.975,1.0
2024-05-03,0.0005619578772801965,50,804522913330.07,1.0
2024-05-06,0.007511714567723564,50,804747660555.9698,1.0
2024-05-07,0.01587870678686264,50,809207760792.8928,0.9999999999999999
2024-05-08,-0.0038212839628287533,50,819454330777.9196,1.0
2024-05-09,-0.004796335434959342,50,823987646170.6283,1.0
2024-05-10,0.001232905723142802,50,815825826372.3813,1.0
2024-05-13,-0.0025335959073269462,50,818169876162.3873,1.0
2024-05-14,-0.0053415995588577654,50,818297362935.6783,1.0
2024-05-15,0.010407401492134545,50,814559384563.9801,1.0
2024-05-16,0.011819977691007635,50,822759716420.3262,0.9999999999999999
2024-05-17,0.005743635805109471,50,832094943511.1119,1.0
2024-05-20,0.022436775315160192,50,831185857820.4911,0.9999999999999999
2024-05-21,-0.007713472397001215,50,852656166880.1953,1.0
2024-05-22,0.004097951003119641,50,849169033755.6346,1.0
2024-05-23,-0.021821157967380288,50,848860215173.0608,1.0
2024-05-24,-0.007555527604835967,50,841191542284.1705,1.0
2024-05-27,0.0019732966704812905,50,829527565618.0743,0.9999999999999999
2024-05-28,-0.00044185536787939356,50,831158818412.5176,1.0
2024-05-29,-0.00851401522598781,50,828960963422.5986,1.0000000000000002
2024-05-30,-0.017779093490567086,50,827192073400.6953,1.0
2024-05-31,0.007734263955518462,50,812934203542.5912,1.0
2024-06-03,0.0019614465737298843,50,819387074221.0005,0.9999999999999999
2024-06-04,-0.00960545228337186,50,818847945747.1753,1.0
2024-06-05,-0.013911196660486798,50,812690059369.2803,0.9999999999999999
2024-06-06,0.0021692411339364467,50,795731386241.6793,1.0
2024-06-07,0.008761564479895774,50,799221874216.7957,0.9999999999999999
2024-06-11,-0.025166916948631282,50,806502572794.4689,1.0
2024-06-12,-0.010019219053745953,50,801915299087.1777,1.0
2024-06-13,-0.0032579722010277995,50,787925423354.8053,1.0
2024-06-14,-0.006325341366049297,50,780176031442.2882,0.9999999999999999
2024-06-17,-0.01238786314227198,50,774129522181.6757,1.0
2024-06-18,0.0028072311268895725,50,764094862493.6207,1.0
2024-06-19,0.001808176573847394,50,762165484748.9116,1.0
2024-06-20,0.002406602195818512,50,763936951857.3888,1.0
2024-06-21,0.0022725391631780167,50,765297917258.1577,1.0
2024-06-24,-0.014000123913761688,50,766644117729.69,1.0
2024-06-25,0.018472188895162223,50,756831354094.2681,1.0
2024-06-26,-0.007016203554915061,50,767649334272.4731,1.0
2024-06-27,-0.00024156248773771379,50,767045668010.5089,1.0
2024-06-28,-0.007061521543420186,50,765618603766.3259,1.0
2024-07-01,0.010167040741262968,50,764545024163.0143,1.0
2024-07-02,-0.006149542841678884,50,772701067684.2178,0.9999999999999999
2024-07-03,0.011153995465818986,50,761192687796.0562,1.0
2024-07-04,0.024484443774824494,50,771632721650.9579,0.9999999999999999
2024-07-05,-0.005641467462484257,50,790643704691.5314,1.0
2024-07-08,-0.017085301765252678,50,788447922521.8436,1.0
2024-07-09,0.005804431283386477,50,779688139839.6467,1.0
2024-07-10,-0.010484632348960023,50,778788616551.9697,1.0
2024-07-11,0.012025564848866105,50,772615997017.4895,1.0
2024-07-12,0.007198668007719662,50,778843078350.9406,1.0
2024-07-15,0.003936692996258361,50,785253229607.4736,0.9999999999999999
2024-07-16,-0.010534299901423193,50,787427263880.7373,1.0
2024-07-17,-0.0004197990249242248,50,783721520142.8904,1.0
2024-07-18,-0.0032843881523881725,50,783141541648.061,1.0
2024-07-19,-0.018577252704977627,50,777282898230.8832,1.0
2024-07-22,-0.005057062052053621,50,766624245061.8569,1.0
2024-07-23,-0.006158867563591203,50,759234497285.2599,1.0
2024-07-24,0.004690393204989574,50,753754654057.5688,1.0
2024-07-25,-0.014447496559451016,50,765424086904.7067,1.0
2024-07-26,0.012610734596176466,50,759126147082.6156,1.0
2024-07-29,0.0016356540899412342,50,764526043289.3848,1.0
2024-07-30,-0.01681287059960572,50,765268187017.5352,0.9999999999999999
2024-07-31,0.021748137365882197,50,754599113642.9457,1.0
2024-08-01,0.011383816547195306,50,763784441741.0255,1.0
2024-08-02,-0.012033851212102528,50,772434588181.4276,1.0
2024-08-05,-0.020092249082089415,50,777305427000.0325,1.0
2024-08-06,-0.003673910546816661,50,762857635474.0182,1.0
2024-08-07,-0.0035356545974014985,50,758799705872.4836,1.0
2024-08-08,-0.019881140158417906,50,758264275431.6105,1.0
2024-08-09,0.019339652891406954,50,738098116298.3047,1.0
2024-08-12,-0.004275505605184728,50,752369424695.2908,1.0
2024-08-13,0.0056720518394446215,50,748002393606.8999,1.0
2024-08-14,-0.0175794107969937,50,753980861318.011,1.0
2024-08-15,-0.009141725395693898,50,744487564362.7225,1.0
2024-08-16,0.01806306693287216,50,735145675760.5375,1.0
2024-08-19,-0.0028684116378408188,50,739390122870.6102,1.0
2024-08-20,0.008498337415539268,50,740275921100.0181,1.0
2024-08-21,0.01741227618841719,50,746397725775.2557,1.0
2024-08-22,0.0026961577673850806,50,755764819094.7004,1.0
2024-08-23,-0.008504191642843452,50,758238121525.3813,0.9999999999999999
2024-08-26,0.008633848806860588,50,759823346658.705,1.0
2024-08-27,0.006737071361112668,50,761307707129.6223,1.0
2024-08-28,-0.009148481960670599,50,765197671094.4546,1.0
2024-08-29,-0.0066688272701929206,50,760902957498.1775,1.0
2024-08-30,0.010416387665272982,50,754665620130.8392,1.0
2024-09-02,-0.011866325521511217,50,762545556243.0413,1.0
2024-09-03,-0.011917957748460262,50,757110025615.0276,1.0
2024-09-04,-0.02874552209932709,50,768285240408.8153,1.0
2024-09-05,0.002250848510370147,50,746540974281.1462,0.9999999999999999
2024-09-06,-0.004959852112107508,50,738742723430.8434,1.0
2024-09-09,-0.0030059680847045953,50,735442415368.174,1.0
2024-09-10,0.0005325502976049791,50,732772197845.2924,1.0
2024-09-11,0.014752362484920406,50,733066369802.333,1.0
2024-09-12,0.015833275246878907,50,743766351556.3383,1.0
2024-09-13,0.02222067095914986,50,752844606468.2383,1.0
2024-09-16,-0.001339501119332345,50,767505437035.2413,1.0
2024-09-17,-0.0005634273972355086,50,763360348131.5112,1.0
2024-09-18,-0.004887390951859248,50,764096980063.046,1.0
2024-09-19,0.02295399486715106,50,761269737887.792,1.0
2024-09-20,-0.0006229887344230976,50,778069063633.2451,1.0
2024-09-23,-0.003192021821892471,50,778321434992.3375,1.0
2024-09-24,0.024508369442002336,50,775217412159.4008,1.0
2024-09-25,0.028177075270923793,50,789319914506.8699,1.0
2024-09-26,0.01717889587250071,50,816862954908.4833,1.0
2024-09-27,0.024102669050700663,50,832146754125.0015,0.9999999999999999
2024-09-30,0.012485113088730826,50,852796902214.4009,0.9999999999999999
2024-10-01,-0.020722366784112524,50,861551013587.1029,1.0
2024-10-02,0.0030640879363530256,50,856973742733.7126,1.0
2024-10-03,-0.0006067977888392025,50,860211553744.6477,1.0
2024-10-04,-0.010877241056473823,50,862797426062.6511,1.0
2024-10-07,0.000780722326113729,50,856101734351.8043,1.0
2024-10-08,-0.012888882155121814,50,851534162123.823,1.0
2024-10-09,-0.013151496973331617,50,845324012701.8362,1.0
2024-10-10,0.013824387100476851,50,831653718477.2765,1.0
2024-10-11,-4.585473596410845e-05,50,841024699524.2479,1.0
2024-10-14,0.012838506406695743,50,840973446612.1399,0.9999999999999999
2024-10-15,0.007547055266165348,50,851923771941.1924,0.9999999999999999
2024-10-16,-0.002183850258638906,50,858612652487.2891,1.0
2024-10-17,-0.0028007167306158976,50,856224317259.396,1.0
2024-10-18,-0.014030754289133618,50,854529125911.5088,1.0
2024-10-21,0.01844222550747268,50,842617540566.6942,1.0
2024-10-22,-0.013001742575268215,50,857630244372.5967,1.0
2024-10-23,0.005324814089613714,50,846775109016.5684,1.0
2024-10-24,-0.01619396976446472,50,852127680461.793,0.9999999999999999
2024-10-25,-0.012848746339533954,50,842596706019.639,1.0
2024-10-28,0.009134820039516734,50,846368084039.824,0.9999999999999999
2024-10-29,0.006837665074082353,50,836126608304.2869,1.0
2024-10-30,-0.005480390740464582,50,841391639194.3507,1.0
2024-10-31,-0.006921063935798147,50,837292941083.8898,1.0
2024-11-01,0.001835245598026653,50,831786074165.6921,1.0
2024-11-04,-0.0060605775305442216,50,833103574920.2979,1.0
2024-11-05,-0.0033108565178595417,50,827472828327.4805,1.0
2024-11-06,-0.00030007872035698815,50,825343188830.1512,1.0
2024-11-07,0.0014952193891201065,50,825286659914.3419,0.9999999999999999
2024-11-08,0.01004040216484312,50,826532913068.5874,0.9999999999999999
2024-11-11,-0.027525848161380054,50,836344809949.1947,1.0
2024-11-12,-0.01890284289463053,50,818504196967.8467,1.0
2024-11-13,-0.012274446034695774,50,800934375134.8728,1.0
2024-11-14,-0.014182683285244432,50,789338548318.5839,1.0
2024-11-15,0.0031978280709302202,50,780555922682.9391,1.0
2024-11-18,0.015699628237256767,50,779771285316.2778,1.0
2024-11-19,0.0018115260382734442,50,788355749874.7458,1.0
2024-11-20,-0.0021242718268439783,50,793454546291.6942,1.0
2024-11-21,6.420263471489584e-05,50,792143195009.5331,1.0
2024-11-22,0.009741689709869463,50,791412422157.9886,1.0
2024-11-25,-0.003927790269743586,50,799258992390.0249,1.0
2024-11-26,-0.0035387998022757454,50,801336500476.3442,1.0
2024-11-27,0.0025459227852448582,50,798277916507.3674,1.0
2024-11-28,0.0005072276176666693,50,797143459245.6056,1.0
2024-11-29,0.009393918902267411,50,796102144992.5984,1.0
2024-12-02,-0.0024278302933857664,50,801559132155.7208,1.0
2024-12-03,-0.0008080662635712482,50,802693422120.8242,1.0
2024-12-04,0.006712503592772968,50,805556135684.8672,1.0
2024-12-05,0.0013169895739018995,50,807529427896.4923,1.0
2024-12-06,-0.004765440718202301,50,807622979525.5582,1.0
2024-12-09,-0.006956085556081775,50,803445638929.8196,1.0
2024-12-10,0.03155985371498435,50,799141431002.5027,0.9999999999999999
2024-12-11,-0.0041864715398365225,50,814865333243.6168,1.0
2024-12-12,-0.0008054107182031102,50,820915316981.4358,1.0
2024-12-13,-0.0203770587014597,50,822183939152.6356,1.0
2024-12-16,-0.023643082798711003,50,821570193539.6251,1.0
2024-12-17,-0.0023369606738844416,50,788431417298.8541,1.0
2024-12-18,-0.0017551501823798513,50,784953924042.0944,1.0
2024-12-19,-0.02212130271606684,50,783260557468.043,0.9999999999999999
2024-12-20,-0.005427854111030545,50,768335967331.1301,1.0
2024-12-23,0.012616111093581753,50,765665313638.7864,1.0
2024-12-24,-0.004086621869535371,50,774630373306.7292,0.9999999999999999
2024-12-27,0.005013602925965225,50,771182575762.4913,1.0
2024-12-30,0.0009451888384656642,50,776227616224.1436,1.0
2024-12-31,-0.007797150132780896,50,773687248709.5085,0.9999999999999999
2025-01-02,0.010230525810898934,50,768138326146.6515,1.0
2025-01-03,0.0015045403803359283,50,775976854414.649,1.0
2025-01-06,-0.015358587946973166,50,780116133875.8156,0.9999999999999999
2025-01-07,-0.0063099614667508006,50,764927150252.9763,1.0
2025-01-08,0.01240922057483828,50,759495067442.5295,1.0
2025-01-09,0.002088873334933415,50,769147763147.2977,0.9999999999999999
2025-01-10,0.013973605681626382,50,770727845460.0012,1.0
2025-01-13,-0.0033839160810574935,50,781447127140.186,1.0
2025-01-14,0.011389452136195634,50,779406054082.7031,1.0000000000000002
2025-01-15,0.0031369191255048003,50,787785781506.2283,1.0
2025-01-16,0.010137258456701841,50,790374645992.4855,1.0
2025-01-17,0.0026759770665248607,50,798524729301.1921,1.0
2025-01-20,0.0020146953960994856,50,800911302226.2963,0.9999999999999999
2025-01-21,0.008079843048822758,50,802136965270.7305,1.0
2025-01-22,-0.007044033371801393,50,808674904025.6921,1.0
2025-01-23,-0.013897088162390039,50,804216636174.3287,1.0
2025-01-24,0.0001322247415975411,50,792072158025.7827,1.0
2025-01-28,-0.007371591041857075,50,792188567008.6357,1.0000000000000002
2025-01-29,-0.0008637209542960577,50,786057700345.3914,1.0
2025-01-30,0.004516962097083915,50,785397867210.8884,1.0
2025-01-31,0.014181518697989068,50,788944438582.3926,1.0
2025-02-03,-0.02114988983240502,50,800132904770.695,1.0
2025-02-04,0.011574978763404173,50,786915405640.511,0.9999999999999999
2025-02-05,0.01967757732956475,50,794565105007.9384,1.0
2025-02-06,0.011131196764390021,50,809247896941.6495,1.0
2025-02-07,0.0018705920273997994,50,818568252498.2157,0.9999999999999999
2025-02-10,-0.00571013598110334,50,820038500390.0975,1.0
2025-02-11,0.005545307522684919,50,814739113484.1705,1.0
2025-02-12,-0.0072977548605845525,50,819640149193.44,1.0
2025-02-13,0.015597861508757867,50,813860544361.0636,1.0
2025-02-14,0.005285711246345652,50,826270375001.4031,1.0
2025-02-17,-0.0049802213730622165,50,831129622235.1632,1.0
2025-02-18,-0.0038376428897287616,50,829927850471.9275,1.0
2025-02-19,0.0022172920643348795,50,823824352669.4712,1.0
2025-02-20,-0.014325642036089383,50,826287038740.0348,1.0
2025-02-21,0.01474879906438694,50,813600252339.9276,1.0
2025-02-24,-0.020146739475576818,50,829116898244.952,0.9999999999999999
2025-02-25,-0.01028386145605712,50,808179223756.6559,0.9999999999999999
2025-02-26,-0.02061684365884631,50,801702215965.4309,1.0
2025-02-27,0.013877921931858406,50,782165610380.0317,0.9999999999999999
2025-02-28,-0.025168520418072143,50,792525837969.9932,1.0
2025-03-03,0.019385250536852403,50,775247351582.2264,1.0
2025-03-04,-0.009281196717616107,50,783558744242.1299,1.0
2025-03-05,0.0008386321390331539,50,785559735671.5557,1.0
2025-03-06,0.01459004819162768,50,784107736408.1199,1.0
2025-03-07,-0.006049241222910235,50,783481188741.4318,1.0
2025-03-10,0.013477424289373407,50,779236105573.5544,1.0000000000000002
2025-03-11,-0.010252255587404181,50,787399817068.8918,0.9999999999999999
2025-03-12,-0.006017782566882436,50,781362983168.9418,1.0
2025-03-13,0.00022933116775885899,50,779856102485.5504,1.0
2025-03-14,0.02031086407092867,50,775190559266.7996,1.0000000000000002
2025-03-17,0.016157801181536372,50,789373084901.9757,1.0
2025-03-18,0.00400010785649823,50,803063959303.4438,1.0
2025-03-19,-0.002895346343892574,50,808785147785.4144,1.0
2025-03-20,-0.004459190892636045,50,805285666388.6477,1.0
2025-03-21,-0.0006330971446727677,50,801352038621.6282,1.0
2025-03-24,-0.004686044680876596,50,801743588233.8048,1.0
2025-03-25,-0.008193421511920394,50,800799718689.4408,1.0
2025-03-26,0.007997436621903891,50,793262559713.733,1.0
2025-03-27,0.001533234319052779,50,798409862103.3198,1.0
2025-03-28,0.006625923868153186,50,799039355293.8871,1.0
2025-03-31,-0.032244224489859384,50,804516473529.7112,1.0
2025-04-01,0.010238548107153257,50,778774023188.388,0.9999999999999999
2025-04-02,-0.01790181106315504,50,786384483296.2655,1.0
2025-04-03,-0.01854002327992022,50,781290875471.2983,1.0
2025-04-04,-0.014692058966229873,50,777822195687.4214,1.0
2025-04-07,-0.04762860888288441,50,739920013843.1249,1.0
2025-04-08,0.024229344382024662,50,704380822419.8652,1.0
2025-04-09,-0.03602111720431501,50,718864105245.1328,1.0
2025-04-10,0.06157113713231319,50,693717185647.8175,1.0
2025-04-11,0.004687896750254419,50,738953749468.3445,1.0
2025-04-14,0.022054683948770307,50,739639018780.5425,1.0
2025-04-15,0.00043236256222928526,50,755564530848.0278,1.0
2025-04-16,-0.008158524427136908,50,755834243489.6216,1.0
2025-04-17,0.015778877642689867,50,749928497509.2273,1.0
2025-04-22,0.0008592417687634499,50,760902085832.8586,1.0
2025-04-23,-0.005613055519268269,50,759999028773.8611,1.0
2025-04-24,0.015396781309017428,50,759260337611.0414,1.0
2025-04-28,-0.006502309196194308,50,767456228090.8026,1.0
2025-04-29,0.013845482398336694,50,762776485548.1244,0.9999999999999999
2025-04-30,-0.005700516740696671,50,773203159608.6611,1.0
2025-05-01,-0.00816558378563012,50,768071410616.265,1.0
2025-05-02,0.007079405948298296,50,762619282584.2072,0.9999999999999999
2025-05-05,-0.005801654087608701,50,762836348895.6086,1.0
2025-05-06,0.007079298131567369,50,762031261452.2949,0.9999999999999999
2025-05-07,0.00607890845470399,50,772875246941.4437,1.0
2025-05-08,0.004892862480114785,50,777794533564.6393,1.0
2025-05-09,-0.006555253072015487,50,780023404632.4735,1.0
2025-05-12,0.005142225320204952,50,774366614779.4597,1.0
2025-05-13,0.008501794915864508,50,781927024535.3334,0.9999999999999999
2025-05-14,0.002909020222631396,50,785231443950.2522,1.0
2025-05-15,-0.011361141275997298,50,788194049656.994,1.0
2025-05-16,0.012635445441461638,50,778261471344.9279,1.0
2025-05-19,-0.0113820034867819,50,787774053001.8335,1.0
2025-05-20,-0.0026440406113490693,50,781873617239.6917,1.0
2025-05-21,0.008681201745755514,50,778463090227.0375,0.9999999999999999
2025-05-22,0.0046976600942392165,50,783333139300.7795,1.0
2025-05-23,-0.00720299346889639,50,789427721888.9594,1.0
2025-05-26,0.0027279210165251718,50,786961494643.4205,1.0
2025-05-27,-0.0027314327455591992,50,789046000398.8245,1.0
2025-05-28,-0.004686200705093407,50,788096832564.6506,1.0
2025-05-29,-0.0037540188559050357,50,781651636119.7214,1.0
2025-05-30,-0.0006203137572779774,50,779265679573.3885,1.0
2025-06-02,-0.009370945747038232,50,780294337015.4604,1.0
2025-06-03,0.004954400158642386,50,772559825041.5071,1.0
2025-06-04,0.007246771573883134,50,775827087867.4343,1.0
2025-06-05,0.004567436000644237,50,779517772353.5352,1.0
2025-06-06,-0.0022272352317984257,50,784051831401.4613,1.0
2025-06-10,-0.004468153052193353,50,782157493948.3702,1.0
2025-06-11,0.0033649676446997926,50,778762804967.6138,1.0
2025-06-12,-0.004945237172885819,50,780211919602.8884,1.0
2025-06-13,0.0013746744199065219,50,781266025482.5742,1.0
2025-06-16,-0.006626926053921831,50,782289188710.1112,0.9999999999999999
2025-06-17,0.004426754897414144,50,778806783673.6093,1.0
2025-06-18,-0.008805462267476628,50,780936777532.0447,1.0
2025-06-19,-0.01733692739470775,50,775360947411.5929,1.0
2025-06-20,-0.0032538288669135725,50,756850204031.0829,1.0
2025-06-23,-0.0077603954578086215,50,753457245859.7701,0.9999999999999999
2025-06-24,0.01652068025304986,50,745620713218.9281,1.0
2025-06-25,-0.01228073239721847,50,857054030360.9825,1.0
2025-06-26,0.0008024468293260068,50,845957749585.833,1.0
2025-06-27,0.021911631262737923,50,845216997856.9492,1.0
2025-06-30,-0.009265577292698985,50,864981974518.7948,0.9999999999999999
2025-07-01,-0.0007220767555706169,50,855240662496.5068,1.0
2025-07-02,0.015373112377329613,50,765465883776.8234,1.0
2025-07-03,0.02601278334729656,50,776904817209.5376,1.0
2025-07-04,-0.008554008797100773,50,801955930284.4834,1.0
2025-07-07,-0.008432201982596537,50,798088365320.0105,1.0
2025-07-08,0.0030455163968853612,50,790933654303.104,0.9999999999999999
2025-07-09,-0.017547513846093824,50,791894808035.234,1.0
2025-07-10,0.01182106385581839,50,779982595896.4117,1.0
2025-07-11,0.016972029946373982,50,795447656801.5369,1.0
2025-07-14,0.007591564155066565,50,799784297800.396,1.0
2025-07-15,-0.0030280409046045606,50,805021708438.644,1.0
2025-07-16,-0.013367640137512474,50,802820597594.644,1.0
2025-07-17,0.004382375024618312,50,792818505126.3578,0.9999999999999999
2025-07-18,0.016540261956143037,50,797848106645.4127,1.0
2025-07-21,0.007010018480780073,50,804078156184.6605,1.0
2025-07-22,0.025350593118793868,50,809325155659.2036,1.0
2025-07-23,0.012731699703664424,50,828698926146.0659,1.0
2025-07-24,0.00030646544484029184,50,845549038230.8699,1.0
2025-07-25,-0.008291787958423624,50,846932258791.4459,1.0
2025-07-28,-0.008238843701116449,50,837950755312.0142,0.9999999999999999
2025-07-29,-0.0030008474986854576,50,829224373643.6617,1.0
2025-07-30,-0.001864165916804985,50,826906252168.2274,1.0
2025-07-31,-0.026625148834463288,50,825524117698.1567,1.0
2025-08-01,-0.0023188236719016036,50,803574827537.5482,1.0
2025-08-04,0.010789319750666838,50,807132838453.0826,1.0
2025-08-05,0.01291631553456217,50,812292063044.6818,1.0
2025-08-06,0.013364560259460255,50,822411613270.6396,0.9999999999999999
2025-08-07,0.00334809531319002,50,834101551365.0505,1.0
2025-08-08,0.014758525540949871,50,837190253343.5605,0.9999999999999999
2025-08-11,0.01246133656753973,50,849208646549.0195,1.0
2025-08-12,0.004871799897568669,50,859915725256.0559,0.9999999999999999
2025-08-13,0.00883146354291119,50,863424465729.9738,1.0
2025-08-14,-0.007015061418857627,50,871277915150.9131,1.0
2025-08-15,0.012565660925515703,50,915367418263.9484,1.0
2025-08-18,-0.006366287638298481,50,926439058504.3779,1.0
2025-08-19,-0.00010771810507207901,50,921022598090.1444,1.0
2025-08-20,-0.01631287637384106,50,920972967301.0095,1.0
2025-08-21,0.01127813935918111,50,912238212334.7112,1.0
2025-08-22,-0.0019479116009240758,50,916749336581.9846,1.0
2025-08-25,0.0233079924947707,50,916148191449.8845,1.0
2025-08-26,-0.003945781916393642,50,884164809136.9193,1.0
2025-08-27,0.011401610382667087,50,880444769437.5813,1.0
2025-08-28,-0.0057675441861586504,50,891221819332.8423,1.0
2025-08-29,0.003940954603845094,50,886453974282.6808,0.9999999999999999
2025-09-01,0.0062254106798785265,50,890367628019.2859,1.0
2025-09-02,0.001563022304908828,50,894663358243.8782,1.0
2025-09-03,-0.008778395907212666,50,896355205532.6907,1.0
2025-09-04,0.007514477761468552,50,896185666398.6306,1.0
2025-09-05,0.007948979425651861,50,892638798619.0334,1.0
2025-09-08,0.0015595748725814038,50,897303985656.8473,1.0
2025-09-09,-0.0007274733324990961,50,900182039785.7861,1.0
2025-09-10,-0.015297887919796577,50,904057499833.0592,1.0
2025-09-11,0.003994862938903361,50,894230994983.4646,1.0
2025-09-12,0.013847929897310575,50,889594046830.5195,1.0
2025-09-15,-0.005752227019661959,50,899769832652.2661,1.0
2025-09-16,0.009690722674753571,50,896647936497.2688,1.0
2025-09-17,-0.007585279196597733,50,904925612898.2633,1.0
2025-09-18,-0.0029150438588889916,50,903804701085.8375,1.0
2025-09-19,-0.0019991232901507127,50,898907730774.1825,0.9999999999999999
2025-09-22,0.028117546202743836,50,900229801181.8739,0.9999999999999999
2025-09-23,0.0066499429850793105,50,918160179471.0461,1.0
2025-09-24,-0.0009115321813630993,50,930207536494.3932,1.0
2025-09-25,0.013695238075331318,50,927401117856.6566,1.0
2025-09-26,0.008820846939268576,50,937883935287.4259,1.0
2025-09-29,0.006698418418375083,50,945132577181.2186,1.0
2025-09-30,0.0031186875823123864,50,951788731164.5736,1.0
2025-10-01,-0.00426700754337601,50,954732277546.821,1.0
2025-10-02,0.0171221924378528,50,950736585272.0957,1.0
2025-10-03,0.0031449891700921035,50,967307225826.8269,0.9999999999999999
2025-10-06,0.007780571671231581,50,968293974234.9208,0.9999999999999999
2025-10-07,0.003185605724208932,50,980070700745.4286,1.0
2025-10-08,0.004471551884510512,50,981896686276.255,1.0
2025-10-09,0.014256953665933159,50,983998218976.4127,1.0
2025-10-10,-0.021453343082436436,50,998086959794.9073,1.0
2025-10-13,0.0037700595570616035,50,981976161746.8652,1.0
2025-10-14,0.027911636780831958,50,978996549914.1089,1.0
2025-10-15,0.014462136648905248,50,1007302306604.1398,1.0
2025-10-16,0.004758952487779609,50,1020274934446.8118,1.0
2025-10-17,0.005414522773417782,50,1032780216601.8767,1.0
2025-10-20,-0.020229711467667114,50,1036528768007.021,1.0
2025-10-21,0.01722307846377333,50,1037734269460.2045,1.0
2025-10-22,-0.0399560788762485,50,1032099036982.4637,1.0
2025-10-23,0.005689306360952278,50,999062868901.4606,1.0
2025-10-24,-0.0006293838424640662,50,1000394852389.7095,1.0
2025-10-27,0.0005864892434563695,50,1009778178617.7347,1.0
2025-10-28,-0.023169448291896225,50,1004444256448.873,1.0
2025-10-29,0.010290780503679174,50,979374260049.695,1.0
2025-10-30,0.005199950629858023,50,982698502224.7333,1.0
2025-10-31,0.00627990505657846,50,990128514314.68,1.0
2025-11-03,-0.007970908191318259,50,998755940028.9657,1.0
2025-11-04,-0.016951039368283623,50,991744464103.3411,1.0
2025-11-05,-0.013895641268110479,50,976318372129.2706,1.0
2025-11-06,0.01729048094863854,50,966360472729.987,0.9999999999999999
2025-11-07,-0.004465902792232182,50,974457368668.1726,1.0
2025-11-10,0.016557546995168825,50,977313202265.0298,1.0
2025-11-11,0.013389614327726259,50,983894346660.1423,1.0
2025-11-12,0.009854426749200488,50,997723921330.872,1.0
2025-11-13,0.01874140637649149,50,1002224243710.1859,1.0
2025-11-14,-0.018360308548336274,50,1020670524024.3534,1.0
2025-11-17,-0.0013401153594501981,50,1011649916597.3718,1.0
2025-11-18,-0.03477217596218446,50,1198455664994.675,0.9999999999999999
2025-11-19,0.007791997683563294,50,985026922362.241,1.0
2025-11-20,0.021460757275643574,50,965729212529.1885,1.0
2025-11-21,-0.04111619575248784,50,986522748583.3867,0.9999999999999999
2025-11-24,0.0012411868761233711,50,999101362218.3514,0.9999999999999999
2025-11-25,0.023948078655262866,50,954796150205.2119,1.0
2025-11-26,0.016047660253410947,50,977363415483.542,1.0
2025-11-27,-0.00041822433569312697,50,993387499766.6693,1.0
2025-11-28,0.007636722649789871,50,1031163070440.2351,1.0
2025-12-01,0.005295504463253408,50,1004393073339.0183,0.9999999999999999
2025-12-02,0.0050710457391055855,50,1004024061037.3673,1.0
2025-12-03,0.0013786158241828553,50,1085553332918.2347,1.0
2025-12-04,0.00907419896640587,50,1011823058136.0377,1.0
2025-12-05,0.007646079080858191,50,1021040940691.2091,1.0
2025-12-08,-0.010222264264281087,50,1028833850116.1879,1.0
2025-12-09,-0.004966645475456202,50,1018390346719.6385,1.0
2025-12-10,0.01457122470442441,50,1013332388769.3221,1.0
2025-12-11,0.01030436626677788,50,1027719520939.0116,1.0
2025-12-12,0.027724880232767396,50,1038309509605.5553,1.0
2025-12-15,-0.019253515992481637,50,1066602265340.8771,1.0
2025-12-16,-0.00760249431652166,50,1045908697266.7733,1.0
2025-12-17,0.014957677192202864,50,1037945918322.3618,0.9999999999999999
2025-12-18,0.0019859359451798275,50,1053709268207.2701,1.0
2025-12-19,-0.0014655643154045204,50,1055807137152.501,0.9999999999999999
2025-12-22,0.025137778966380996,50,1054246876203.2179,0.9999999999999999
2025-12-23,0.009185885382309043,50,1080748674934.6179,1.0
2025-12-24,0.001483725528983155,50,1090667224694.8278,1.0
2025-12-29,-0.0021437675195443142,50,1092300119176.7201,1.0
2025-12-30,-0.011866386342921174,50,1089961455325.3593,1.0
2025-12-31,0.003192333346076589,50,1077879052820.0854,1.0
2026-01-02,0.0024309098494328016,50,1080410541385.3483,1.0
2026-01-05,0.017875211944354128,50,1083036937543.3817,1.0
2026-01-06,0.01759304204905584,50,1102397560893.6934,1.0
2026-01-07,0.014339481621071709,50,1121890656838.9924,1.0
2026-01-08,-0.010509193219219476,50,1137979529815.7546,0.9999999999999999
2026-01-09,-0.011767749356857609,50,1126020330664.014,1.0
2026-01-12,0.009265753561008493,50,1112809546457.6572,1.0000000000000002
2026-01-13,0.0173424376225043,50,1123212860792.9763,0.9999999999999999
2026-01-14,0.010181098782286926,50,1142701969119.4373,0.9999999999999999
2026-01-15,0.0029031507248907067,50,1154389372699.5244,1.0
2026-01-16,0.0005274057734139593,50,1157781668870.2942,1.0
2026-01-19,0.005174476654393308,50,1158418971540.349,1.0
2026-01-20,-0.009182957466967543,50,1164539703695.8672,1.0
2026-01-21,0.029207074497271168,50,1148717786418.4204,1.0
2026-01-22,-0.01761019877865284,50,1182340680424.903,1.0
2026-01-23,0.012480387989681875,50,1161519707961.545,1.0
2026-01-27,0.011013485824931151,50,1175996928764.4185,1.0
2026-01-28,0.016476455196918906,50,1188948741633.3757,0.9999999999999999
2026-01-29,0.011299593629921525,50,1208871542543.4385,1.0
2026-01-30,-0.041780300666254745,50,1222524976553.2278,1.0
2026-02-02,-0.038231043401891554,50,1171447599175.596,1.0
2026-02-03,0.021462994634001243,50,1126910256839.9685,1.0
2026-02-04,0.037044773909460045,50,1151097102432.369,1.0
2026-02-05,-0.03501963129281657,50,1193738499393.6038,0.9999999999999999
2026-02-06,-0.025791568838585233,50,1151934234949.022,1.0
2026-02-09,0.03594222794876909,50,1122623965513.3525,0.9999999999999999
2026-02-10,0.010694334226002106,50,1162973560428.2148,0.9999999999999999
2026-02-11,0.02059082630652157,50,1175422969708.3345,0.9999999999999999
2026-02-12,0.011895496094586537,50,1199625904190.7598,0.9999999999999999
2026-02-13,-0.01755577776245887,50,1214171022582.17,1.0
2026-02-16,-0.010635400754943056,50,1192846404833.037,1.0
2026-02-17,0.006021500632849166,50,1180162502127.3594,1.0
2026-02-18,0.00142258843530716,50,1187276177188.5137,1.0
2026-02-19,0.015055319509253382,50,1188965189676.7468,1.0
2026-02-20,-0.017408548523736016,50,1206807439338.113,1.0
2026-02-23,0.014229534357192703,50,1185518806513.339,1.0
2026-02-24,0.002160127655602236,50,1202411475152.8276,1.0
2026-02-25,0.02357744733177498,50,1204968352651.3542,0.9999999999999999
2026-02-26,0.013044292974576283,50,1232371384099.2327,0.9999999999999999
2026-02-27,0.007869700924078848,50,1239578524389.0474,0.9999999999999999
2026-03-02,0.023257735903070276,50,1249374521543.0315,1.0
2026-03-03,-0.027235584869573885,50,1276259069410.8572,0.9999999999999999
2026-03-04,-0.03163337761807092,50,1241075355927.946,1.0
2026-03-05,0.008636531720243333,50,1201329239386.712,1.0
2026-03-06,-0.03630069600859427,50,1199843369790.6372,1.0
2026-03-09,-0.04331238631659941,50,1156289515587.2637,1.0000000000000002
2026-03-10,0.016194906153042414,50,1104253838595.232,1.0
2026-03-11,0.018403543105847932,50,1122535951654.4624,0.9999999999999999
2026-03-12,-0.017305351619687874,50,1143191629191.2432,0.9999999999999999
2026-03-13,-0.004163879758091405,50,1123297672784.302,1.0
2026-03-16,-0.02524932790195465,50,1118620382137.2346,0.9999999999999999
2026-03-17,0.008318114689190003,50,1090669325896.7792,1.0
2026-03-18,0.0022552793267230455,50,1099960136796.2654,0.9999999999999999
2026-03-19,-0.046180022215949836,50,1102425357975.1975,1.0
2026-03-20,-0.02050947403049588,50,1051515832366.1989,1.0
2026-03-23,-0.031400014131270894,50,1029977527764.2917,1.0
2026-03-24,0.028428285418748735,50,997984427271.6348,1.0
2026-03-25,0.04536534090016741,50,1027992420419.4625,1.0
2026-03-26,-0.006669488616257738,50,1074594880210.8212,1.0
2026-03-27,0.006024338535578472,50,1067500385990.392,0.9999999999999999
2026-03-30,0.019763348283266605,50,1074113245688.9803,1.0
2026-03-31,0.005419905661751587,50,1097759240788.288,1.0
2026-04-01,0.04530937103243186,50,1103711543363.0007,1.0
2026-04-02,-0.022541064590373274,50,1153745686598.8582,0.9999999999999999
2026-04-07,0.02605546452722384,50,1130668276599.9958,0.9999999999999999
2026-04-08,0.04489515505220461,50,1158164314083.4575,1.0
2026-04-09,-0.00799265130061467,50,1210143420835.7505,1.0
2026-04-10,-0.004880965121548852,50,1200356255940.2454,0.9999999999999999
2026-04-13,-0.0026696717257116594,50,1192890977338.4158,0.9999999999999999
2026-04-14,0.01213965446308185,50,1189725763121.4707,1.0
2026-04-15,0.00407537060213125,50,1203271753525.883,1.0
2026-04-16,-0.010988974174111274,50,1208278848982.0234,1.0
2026-04-17,0.0005021965317607405,50,1195001091910.1921,1.0
2026-04-20,0.0009404873869479125,50,1206259987478.498,1.0
2026-04-21,-0.0009001236467239674,50,1207394451355.502,1.0000000000000002
2026-04-22,-0.0019136356084199482,50,1206366263580.9128,1.0
2026-04-23,-0.008839042161814805,50,1204138990438.717,0.9999999999999999
2026-04-24,-0.008439002910624764,50,1184883904591.0527,1.0
2026-04-27,0.014145969355504334,50,1166714401353.0056,0.9999999999999999
2026-04-28,-0.011341742481178247,50,1183218725298.1462,1.0
2026-04-29,-0.007888996337284408,50,1169798944923.7449,1.0
2026-04-30,-0.025087051634255404,50,1160584404834.2544,1.0
2026-05-01,0.02117967106325387,50,1131520150562.9287,1.0
2026-05-04,-0.007042935748614993,50,1155486425747.6724,1.0
2026-05-05,-0.003481615520310414,50,1147341487051.717,1.0
2026-05-06,0.023525677613055365,50,1143423986403.515,0.9999999999999999
2026-05-07,0.03468894087688568,50,1170307398555.1643,1.0
2026-05-08,-0.008031755501418793,50,1210904101423.1047,0.9999999999999999
2026-05-11,0.003224548322451612,50,1201313347148.5874,1.0
2026-05-12,0.02791624600365011,50,1205187051160.539,1.0
2026-05-13,0.01739277691096262,50,1238974990212.596,1.0
2026-05-14,0.0007542086993711946,50,1260524226018.2952,1.0
2026-05-15,-0.031984217034867195,50,1261484042543.455,0.9999999999999999
2026-05-18,-0.030984492498087816,50,1221325296443.6687,1.0
2026-05-19,9.830284988333871e-05,50,1183457605415.0906,1.0
2026-05-20,-0.023224794912391017,50,1183573972469.7446,0.9999999999999999
2026-05-21,0.024548360778681146,50,1156089511658.8562,1.0
2026-05-22,0.01312220889865395,50,1184344485425.0706,1.0000000000000002
2026-05-25,0.02253213261117646,50,1199926626930.4229,1.0
2026-05-26,0.00015629482865129566,50,1226963535490.0073,1.0
2026-05-27,0.008273667140226515,50,1226883407340.2432,0.9999999999999999
2026-05-28,-0.030740664669118463,50,1237034210411.6814,1.0
2026-05-29,0.027457031786196327,50,1199135070589.465,1.0
2026-06-01,0.007410450786468191,50,1232125577347.8818,1.0
2026-06-02,0.012426508219447003,50,1241256449761.5376,1.0
2026-06-03,0.011641532241646591,50,1256691355501.2798,1.0
2026-06-04,-0.027407628651748284,50,1271380967801.8003,1.0
2026-06-05,-0.02087636045793298,50,1236545267393.752,1.0
2026-06-09,-0.026518964671822683,50,1210768883062.9126,1.0
2026-06-10,-0.014538173048283141,50,1178803418601.3518,0.9999999999999999
2026-06-11,-0.004320677996696571,50,1161665763465.6536,1.0
2026-06-12,0.037464964243293535,50,1156635049353.4148,1.0
2026-06-15,0.04146941013535523,50,1199907293316.0063,1.0000000000000002
2026-06-16,0.00020631335971254492,50,1249823649597.8562,1.0000000000000002
2026-06-17,0.008994845881572792,50,1250081519329.1626,1.0
2026-06-18,-0.013087767540195513,50,1261325795822.5593,1.0
2026-06-19,-0.04137151562375733,50,1244856326420.786,1.0
2026-06-22,-0.002952783391124676,50,1193453365141.7139,1.0
2026-06-23,-0.01287210097662887,50,1189590565980.646,0.9999999999999999
2026-06-24,-0.010887505473719554,50,1174278056806.6125,1.0
2026-06-25,-0.025660635265555076,50,1161493113565.946,1.0
2026-06-26,0.01095205056045689,50,1131612420565.1956,0.9999999999999999
2026-06-29,0.007524422460387741,50,1144063087858.171,0.9999999999999999
2026-06-30,-0.015125949686665065,50,1152663038705.8154,1.0
2026-07-01,-0.003067575088684694,50,1135295398721.0603,1.0
2026-07-02,0.0036254921122984263,50,1131800136530.6663,0.9999999999999999
2026-07-03,0.02151748078996753,50,1135911680039.8987,0.9999999999999999
2026-07-06,-0.004707905293217036,50,1160375577527.4668,0.9999999999999999
2026-07-07,-0.025079183574748455,50,1154927494999.9475,1.0000000000000002
2026-07-08,-0.017993336552611854,50,1125947637751.413,1.0
2026-07-09,-0.017991788663157024,50,1105832251997.9946,1.0
2026-07-10,0.025058771653794228,50,1085928982568.0592,1.0
2026-07-13,-0.00655948844934348,50,1117503306731.0918,1.0
2026-07-14,0.00553548872984416,50,1110173044903.3936,1.0
2026-07-15,0.014022990954442467,50,1111660435468.957,1.0
2026-07-16,-0.01275205991221143,50,1127249491914.6155,0.9999999999999999
2026-07-17,-0.028731086049750856,50,1112893425951.7986,1.0
2026-07-20,-0.006873584678294441,50,1080942097815.7759,1.0
2026-07-21,0.010841609839877059,50,1073649156046.9575,1.0
2026-07-22,0.023894044482661397,50,1085342716593.3965,1.0
2026-07-23,0.011871591833981157,50,1111282424400.8674,1.0
2026-07-24,-0.02433349060363017,50,1124475122097.9192,1.0
2026-07-27,0.022304679091402147,50,1097148954116.5465,1.0
2026-07-28,-0.01845449073214736,50,1119740161801.994,1.0
2026-07-29,0.014082883721524048,50,1099345662633.9241,1.0
2026-07-30,-0.010500751341300534,50,1110858634534.7585,1.0
2026-07-31,0.01708587463569843,50,1099036518219.9824,1.0
2026-08-03,-0.000868047462579723,50,1117819928447.598,0.9999999999999999
2026-08-04,0.01346432542053945,50,1116901572921.301,0.9999999999999999
2026-08-05,0.034395655641963334,50,1131856671994.3137,0.9999999999999999
2026-08-06,0.01238274509799342,50,1170921691947.6804,0.9999999999999999
2026-08-07,0.01383293094005227,50,1185474064705.913,1.0
2026-08-10,0.015805491938366355,50,1201920223948.8765,0.9999999999999999
2026-08-11,0.008472632172447578,50,1220949689964.0364,1.0
2026-08-12,0.0012242899105169792,50,1231295527516.2202,1.0
2026-08-13,-0.007962560439953583,50,1232806158496.4016,0.9999999999999999
2026-08-14,-0.025405742040067944,50,1218341951590.0957,0.9999999999999999
2026-08-17,0.018275880292595612,50,1187389057208.1443,1.0
2026-08-18,-0.0012026837170903888,50,1209089646929.3481,0.9999999999999999
2026-08-19,0.0013916206379137295,50,1207642549588.0642,1.0
2026-08-20,0.03671852069264265,50,1209314505106.7007,1.0
2026-08-21,0.004555123147622452,50,1253730932133.1895,1.0
2026-08-24,0.02120233783038754,50,1259672244284.1187,1.0
2026-08-25,0.005476721941198276,50,1325818388163.838,1.0
2026-08-26,0.0027680528512753276,50,1333388447819.254,1.0
2026-08-27,-0.011363994346964902,50,1318860423960.7983,0.9999999999999999
2026-08-28,0.00506699270825855,50,1303872876662.1614,1.0
2026-08-31,-0.021000310946021773,50,1310621064812.4854,1.0
2026-09-01,0.006926296811978343,50,1283117625417.0798,1.0
2026-09-02,-0.02814836595944379,50,1290577833359.9302,1.0000000000000002
2026-09-03,0.01423067700374986,50,1253838624917.5056,1.0
2026-09-04,-0.0028448197129784854,50,1264704083871.9468,1.0
2026-09-07,0.0011014151603701713,50,1261113884277.9998,1.0
2026-09-08,-0.0039389521878970876,50,1262366312051.3645,0.9999999999999999
2026-09-09,0.014357071149896766,50,1256647160512.0203,0.9999999999999999
2026-09-10,-0.013560601063108073,50,1273764598103.978,1.0
2026-09-11,-0.03151580306230327,50,1256213230037.1064,1.0
2026-09-14,-0.0033546763413828838,50,1216623396704.0308,0.9999999999999999
2026-09-15,-0.02249503737646611,50,1212542018295.3293,1.0
2026-09-16,0.012457356673805488,50,1185194407401.636,0.9999999999999999
2026-09-17,-0.004671331701445078,50,1162639213128.4717,1.0
2026-09-18,0.015354088520941256,50,1159702920229.6396,1.0
